2026-06-11 13:32:20,146 transreid.image_train INFO: Experiment A: v2 baseline
2026-06-11 13:32:20,146 transreid.image_train INFO: Flare sampler: False, Modality dropout: 0.0
2026-06-11 13:32:35,151 transreid.image_train INFO: Epoch[1] Iteration[20/111] Loss: 22.664, Acc: 0.003,Acc1: 0.000,Acc2: 0.003, Base Lr: 1.66e-03,biloss:0.010,icloss:0.024,loss1:7.399, loss2:7.771, loss3:7.423, ploss:0.000,palign:0.000,total_loss:22.626,fceloss:0.0000
2026-06-11 13:32:40,239 transreid.image_train INFO: Epoch[1] Iteration[40/111] Loss: 24.292, Acc: 0.002,Acc1: 0.000,Acc2: 0.002, Base Lr: 1.66e-03,biloss:0.010,icloss:0.024,loss1:12.442, loss2:8.611, loss3:7.760, ploss:0.000,palign:0.000,total_loss:28.846,fceloss:0.0000
2026-06-11 13:32:45,382 transreid.image_train INFO: Epoch[1] Iteration[60/111] Loss: 24.478, Acc: 0.004,Acc1: 0.002,Acc2: 0.002, Base Lr: 1.66e-03,biloss:0.010,icloss:0.024,loss1:7.640, loss2:7.299, loss3:7.284, ploss:0.000,palign:0.000,total_loss:22.258,fceloss:0.0000
2026-06-11 13:32:50,430 transreid.image_train INFO: Epoch[1] Iteration[80/111] Loss: 24.005, Acc: 0.003,Acc1: 0.002,Acc2: 0.002, Base Lr: 1.66e-03,biloss:0.010,icloss:0.025,loss1:7.406, loss2:7.110, loss3:7.243, ploss:0.000,palign:0.000,total_loss:21.795,fceloss:0.0000
2026-06-11 13:32:55,920 transreid.image_train INFO: Epoch[1] Iteration[100/111] Loss: 23.671, Acc: 0.003,Acc1: 0.002,Acc2: 0.001, Base Lr: 1.66e-03,biloss:0.010,icloss:0.024,loss1:7.292, loss2:7.318, loss3:7.273, ploss:0.000,palign:0.000,total_loss:21.918,fceloss:0.0000
2026-06-11 13:32:58,217 transreid.image_train INFO: Epoch 1 done. Time per batch: 0.277[s] Speed: 115.6[samples/s]
2026-06-11 13:33:13,059 transreid.image_train INFO: Validation Results - Epoch: 1
2026-06-11 13:33:13,060 transreid.image_train INFO: mAP: 21.0%
2026-06-11 13:33:13,060 transreid.image_train INFO: CMC curve, Rank-1  :22.1%
2026-06-11 13:33:13,060 transreid.image_train INFO: CMC curve, Rank-5  :33.8%
2026-06-11 13:33:13,060 transreid.image_train INFO: CMC curve, Rank-10 :41.1%
2026-06-11 13:33:14,021 transreid.image_train INFO: Best mAP: 21.0%
2026-06-11 13:33:14,021 transreid.image_train INFO: Best Rank-1: 22.1%
2026-06-11 13:33:14,021 transreid.image_train INFO: Best Rank-5: 33.8%
2026-06-11 13:33:14,022 transreid.image_train INFO: Best Rank-10: 41.1%
2026-06-11 13:33:20,289 transreid.image_train INFO: Epoch[2] Iteration[20/111] Loss: 21.856, Acc: 0.002,Acc1: 0.002,Acc2: 0.008, Base Lr: 3.25e-03,biloss:0.010,icloss:0.024,loss1:7.118, loss2:7.057, loss3:7.144, ploss:0.000,palign:0.000,total_loss:21.352,fceloss:0.0000
2026-06-11 13:33:25,473 transreid.image_train INFO: Epoch[2] Iteration[40/111] Loss: 21.992, Acc: 0.001,Acc1: 0.002,Acc2: 0.006, Base Lr: 3.25e-03,biloss:0.010,icloss:0.024,loss1:7.293, loss2:7.434, loss3:7.326, ploss:0.000,palign:0.000,total_loss:22.087,fceloss:0.0000
2026-06-11 13:33:30,631 transreid.image_train INFO: Epoch[2] Iteration[60/111] Loss: 22.115, Acc: 0.002,Acc1: 0.001,Acc2: 0.006, Base Lr: 3.25e-03,biloss:0.009,icloss:0.025,loss1:7.193, loss2:7.449, loss3:7.154, ploss:0.000,palign:0.000,total_loss:21.829,fceloss:0.0000
2026-06-11 13:33:35,817 transreid.image_train INFO: Epoch[2] Iteration[80/111] Loss: 22.030, Acc: 0.001,Acc1: 0.002,Acc2: 0.005, Base Lr: 3.25e-03,biloss:0.009,icloss:0.024,loss1:7.426, loss2:7.209, loss3:7.046, ploss:0.000,palign:0.000,total_loss:21.714,fceloss:0.0000
2026-06-11 13:33:40,977 transreid.image_train INFO: Epoch[2] Iteration[100/111] Loss: 22.035, Acc: 0.003,Acc1: 0.004,Acc2: 0.006, Base Lr: 3.25e-03,biloss:0.009,icloss:0.024,loss1:7.575, loss2:7.192, loss3:7.123, ploss:0.000,palign:0.000,total_loss:21.922,fceloss:0.0000
2026-06-11 13:33:43,186 transreid.image_train INFO: Epoch 2 done. Time per batch: 0.683[s] Speed: 46.8[samples/s]
2026-06-11 13:33:57,838 transreid.image_train INFO: Validation Results - Epoch: 2
2026-06-11 13:33:57,838 transreid.image_train INFO: mAP: 22.0%
2026-06-11 13:33:57,838 transreid.image_train INFO: CMC curve, Rank-1  :23.5%
2026-06-11 13:33:57,838 transreid.image_train INFO: CMC curve, Rank-5  :35.8%
2026-06-11 13:33:57,838 transreid.image_train INFO: CMC curve, Rank-10 :43.8%
2026-06-11 13:33:59,968 transreid.image_train INFO: Best mAP: 22.0%
2026-06-11 13:33:59,968 transreid.image_train INFO: Best Rank-1: 23.5%
2026-06-11 13:33:59,968 transreid.image_train INFO: Best Rank-5: 35.8%
2026-06-11 13:33:59,968 transreid.image_train INFO: Best Rank-10: 43.8%
2026-06-11 13:34:06,542 transreid.image_train INFO: Epoch[3] Iteration[20/111] Loss: 21.593, Acc: 0.009,Acc1: 0.013,Acc2: 0.011, Base Lr: 4.83e-03,biloss:0.009,icloss:0.024,loss1:7.253, loss2:7.130, loss3:7.791, ploss:0.000,palign:0.000,total_loss:22.206,fceloss:0.0000
2026-06-11 13:34:11,727 transreid.image_train INFO: Epoch[3] Iteration[40/111] Loss: 21.544, Acc: 0.013,Acc1: 0.011,Acc2: 0.013, Base Lr: 4.83e-03,biloss:0.009,icloss:0.024,loss1:7.251, loss2:7.164, loss3:7.087, ploss:0.000,palign:0.000,total_loss:21.535,fceloss:0.0000
2026-06-11 13:34:16,916 transreid.image_train INFO: Epoch[3] Iteration[60/111] Loss: 21.471, Acc: 0.011,Acc1: 0.013,Acc2: 0.016, Base Lr: 4.83e-03,biloss:0.008,icloss:0.026,loss1:7.123, loss2:7.113, loss3:7.001, ploss:0.000,palign:0.000,total_loss:21.271,fceloss:0.0000
2026-06-11 13:34:22,109 transreid.image_train INFO: Epoch[3] Iteration[80/111] Loss: 21.463, Acc: 0.011,Acc1: 0.012,Acc2: 0.017, Base Lr: 4.83e-03,biloss:0.008,icloss:0.027,loss1:7.158, loss2:7.099, loss3:7.053, ploss:0.000,palign:0.000,total_loss:21.344,fceloss:0.0000
2026-06-11 13:34:26,494 transreid.image_train INFO: Epoch[3] Iteration[100/111] Loss: 21.444, Acc: 0.016,Acc1: 0.015,Acc2: 0.016, Base Lr: 4.83e-03,biloss:0.007,icloss:0.030,loss1:7.125, loss2:7.087, loss3:7.065, ploss:0.000,palign:0.000,total_loss:21.314,fceloss:0.0000
2026-06-11 13:34:28,488 transreid.image_train INFO: Epoch 3 done. Time per batch: 1.115[s] Speed: 28.7[samples/s]
2026-06-11 13:34:41,342 transreid.image_train INFO: Validation Results - Epoch: 3
2026-06-11 13:34:41,342 transreid.image_train INFO: mAP: 26.8%
2026-06-11 13:34:41,342 transreid.image_train INFO: CMC curve, Rank-1  :28.3%
2026-06-11 13:34:41,342 transreid.image_train INFO: CMC curve, Rank-5  :45.0%
2026-06-11 13:34:41,342 transreid.image_train INFO: CMC curve, Rank-10 :51.6%
2026-06-11 13:34:43,250 transreid.image_train INFO: Best mAP: 26.8%
2026-06-11 13:34:43,250 transreid.image_train INFO: Best Rank-1: 28.3%
2026-06-11 13:34:43,250 transreid.image_train INFO: Best Rank-5: 45.0%
2026-06-11 13:34:43,250 transreid.image_train INFO: Best Rank-10: 51.6%
2026-06-11 13:34:49,390 transreid.image_train INFO: Epoch[4] Iteration[20/111] Loss: 21.158, Acc: 0.034,Acc1: 0.036,Acc2: 0.053, Base Lr: 6.42e-03,biloss:0.006,icloss:0.035,loss1:6.906, loss2:7.009, loss3:6.938, ploss:0.000,palign:0.000,total_loss:20.894,fceloss:0.0000
2026-06-11 13:34:54,579 transreid.image_train INFO: Epoch[4] Iteration[40/111] Loss: 21.170, Acc: 0.027,Acc1: 0.033,Acc2: 0.036, Base Lr: 6.42e-03,biloss:0.006,icloss:0.042,loss1:7.111, loss2:7.040, loss3:7.050, ploss:0.000,palign:0.000,total_loss:21.250,fceloss:0.0000
2026-06-11 13:34:59,767 transreid.image_train INFO: Epoch[4] Iteration[60/111] Loss: 21.151, Acc: 0.028,Acc1: 0.045,Acc2: 0.041, Base Lr: 6.42e-03,biloss:0.004,icloss:0.046,loss1:7.043, loss2:7.025, loss3:6.911, ploss:0.000,palign:0.000,total_loss:21.030,fceloss:0.0000
2026-06-11 13:35:04,953 transreid.image_train INFO: Epoch[4] Iteration[80/111] Loss: 21.139, Acc: 0.026,Acc1: 0.045,Acc2: 0.038, Base Lr: 6.42e-03,biloss:0.004,icloss:0.048,loss1:6.985, loss2:7.044, loss3:6.888, ploss:0.000,palign:0.000,total_loss:20.969,fceloss:0.0000
2026-06-11 13:35:09,257 transreid.image_train INFO: Epoch[4] Iteration[100/111] Loss: 21.125, Acc: 0.030,Acc1: 0.056,Acc2: 0.042, Base Lr: 6.42e-03,biloss:0.005,icloss:0.046,loss1:7.116, loss2:7.092, loss3:7.049, ploss:0.000,palign:0.000,total_loss:21.309,fceloss:0.0000
2026-06-11 13:35:11,722 transreid.image_train INFO: Epoch 4 done. Time per batch: 1.502[s] Speed: 21.3[samples/s]
2026-06-11 13:35:24,248 transreid.image_train INFO: Validation Results - Epoch: 4
2026-06-11 13:35:24,249 transreid.image_train INFO: mAP: 34.8%
2026-06-11 13:35:24,249 transreid.image_train INFO: CMC curve, Rank-1  :38.4%
2026-06-11 13:35:24,249 transreid.image_train INFO: CMC curve, Rank-5  :52.3%
2026-06-11 13:35:24,249 transreid.image_train INFO: CMC curve, Rank-10 :58.5%
2026-06-11 13:35:26,000 transreid.image_train INFO: Best mAP: 34.8%
2026-06-11 13:35:26,000 transreid.image_train INFO: Best Rank-1: 38.4%
2026-06-11 13:35:26,000 transreid.image_train INFO: Best Rank-5: 52.3%
2026-06-11 13:35:26,000 transreid.image_train INFO: Best Rank-10: 58.5%
2026-06-11 13:35:32,357 transreid.image_train INFO: Epoch[5] Iteration[20/111] Loss: 20.795, Acc: 0.023,Acc1: 0.070,Acc2: 0.038, Base Lr: 7.98e-03,biloss:0.004,icloss:0.053,loss1:6.939, loss2:7.049, loss3:6.885, ploss:0.000,palign:0.000,total_loss:20.930,fceloss:0.0000
2026-06-11 13:35:37,545 transreid.image_train INFO: Epoch[5] Iteration[40/111] Loss: 20.833, Acc: 0.025,Acc1: 0.065,Acc2: 0.038, Base Lr: 7.98e-03,biloss:0.004,icloss:0.058,loss1:6.905, loss2:7.049, loss3:6.852, ploss:0.000,palign:0.000,total_loss:20.868,fceloss:0.0000
2026-06-11 13:35:42,730 transreid.image_train INFO: Epoch[5] Iteration[60/111] Loss: 20.799, Acc: 0.023,Acc1: 0.077,Acc2: 0.039, Base Lr: 7.98e-03,biloss:0.003,icloss:0.058,loss1:7.010, loss2:7.057, loss3:6.905, ploss:0.000,palign:0.000,total_loss:21.034,fceloss:0.0000
2026-06-11 13:35:47,922 transreid.image_train INFO: Epoch[5] Iteration[80/111] Loss: 20.715, Acc: 0.032,Acc1: 0.088,Acc2: 0.045, Base Lr: 7.98e-03,biloss:0.003,icloss:0.055,loss1:6.614, loss2:6.973, loss3:6.303, ploss:0.000,palign:0.000,total_loss:19.947,fceloss:0.0000
2026-06-11 13:35:52,517 transreid.image_train INFO: Epoch[5] Iteration[100/111] Loss: 20.720, Acc: 0.036,Acc1: 0.090,Acc2: 0.052, Base Lr: 7.98e-03,biloss:0.003,icloss:0.058,loss1:6.785, loss2:7.000, loss3:6.803, ploss:0.000,palign:0.000,total_loss:20.649,fceloss:0.0000
2026-06-11 13:35:54,481 transreid.image_train INFO: Epoch 5 done. Time per batch: 1.894[s] Speed: 16.9[samples/s]
2026-06-11 13:36:07,652 transreid.image_train INFO: Validation Results - Epoch: 5
2026-06-11 13:36:07,652 transreid.image_train INFO: mAP: 38.9%
2026-06-11 13:36:07,652 transreid.image_train INFO: CMC curve, Rank-1  :42.0%
2026-06-11 13:36:07,652 transreid.image_train INFO: CMC curve, Rank-5  :57.3%
2026-06-11 13:36:07,652 transreid.image_train INFO: CMC curve, Rank-10 :65.1%
2026-06-11 13:36:09,619 transreid.image_train INFO: Best mAP: 38.9%
2026-06-11 13:36:09,619 transreid.image_train INFO: Best Rank-1: 42.0%
2026-06-11 13:36:09,619 transreid.image_train INFO: Best Rank-5: 57.3%
2026-06-11 13:36:09,619 transreid.image_train INFO: Best Rank-10: 65.1%
2026-06-11 13:36:15,900 transreid.image_train INFO: Epoch[6] Iteration[20/111] Loss: 20.415, Acc: 0.013,Acc1: 0.097,Acc2: 0.055, Base Lr: 7.97e-03,biloss:0.003,icloss:0.073,loss1:6.661, loss2:6.915, loss3:6.628, ploss:0.000,palign:0.000,total_loss:20.279,fceloss:0.0000
2026-06-11 13:36:21,090 transreid.image_train INFO: Epoch[6] Iteration[40/111] Loss: 20.340, Acc: 0.034,Acc1: 0.122,Acc2: 0.057, Base Lr: 7.97e-03,biloss:0.003,icloss:0.061,loss1:6.859, loss2:6.966, loss3:6.924, ploss:0.000,palign:0.000,total_loss:20.813,fceloss:0.0000
2026-06-11 13:36:26,279 transreid.image_train INFO: Epoch[6] Iteration[60/111] Loss: 20.309, Acc: 0.030,Acc1: 0.109,Acc2: 0.055, Base Lr: 7.97e-03,biloss:0.002,icloss:0.066,loss1:6.716, loss2:6.917, loss3:6.556, ploss:0.000,palign:0.000,total_loss:20.258,fceloss:0.0000
2026-06-11 13:36:31,463 transreid.image_train INFO: Epoch[6] Iteration[80/111] Loss: 20.335, Acc: 0.031,Acc1: 0.105,Acc2: 0.054, Base Lr: 7.97e-03,biloss:0.002,icloss:0.069,loss1:6.692, loss2:6.913, loss3:6.678, ploss:0.000,palign:0.000,total_loss:20.355,fceloss:0.0000
2026-06-11 13:36:35,972 transreid.image_train INFO: Epoch[6] Iteration[100/111] Loss: 20.276, Acc: 0.046,Acc1: 0.123,Acc2: 0.064, Base Lr: 7.97e-03,biloss:0.002,icloss:0.067,loss1:6.705, loss2:6.993, loss3:6.624, ploss:0.000,palign:0.000,total_loss:20.391,fceloss:0.0000
2026-06-11 13:36:38,441 transreid.image_train INFO: Epoch 6 done. Time per batch: 2.276[s] Speed: 14.1[samples/s]
2026-06-11 13:36:51,293 transreid.image_train INFO: Validation Results - Epoch: 6
2026-06-11 13:36:51,293 transreid.image_train INFO: mAP: 43.8%
2026-06-11 13:36:51,294 transreid.image_train INFO: CMC curve, Rank-1  :47.2%
2026-06-11 13:36:51,294 transreid.image_train INFO: CMC curve, Rank-5  :63.0%
2026-06-11 13:36:51,294 transreid.image_train INFO: CMC curve, Rank-10 :69.6%
2026-06-11 13:36:53,194 transreid.image_train INFO: Best mAP: 43.8%
2026-06-11 13:36:53,194 transreid.image_train INFO: Best Rank-1: 47.2%
2026-06-11 13:36:53,194 transreid.image_train INFO: Best Rank-5: 63.0%
2026-06-11 13:36:53,194 transreid.image_train INFO: Best Rank-10: 69.6%
2026-06-11 13:36:59,274 transreid.image_train INFO: Epoch[7] Iteration[20/111] Loss: 19.994, Acc: 0.020,Acc1: 0.155,Acc2: 0.039, Base Lr: 7.96e-03,biloss:0.003,icloss:0.087,loss1:6.791, loss2:6.800, loss3:6.501, ploss:0.000,palign:0.000,total_loss:20.182,fceloss:0.0000
2026-06-11 13:37:04,461 transreid.image_train INFO: Epoch[7] Iteration[40/111] Loss: 19.865, Acc: 0.023,Acc1: 0.146,Acc2: 0.033, Base Lr: 7.96e-03,biloss:0.002,icloss:0.081,loss1:6.374, loss2:6.889, loss3:6.457, ploss:0.000,palign:0.000,total_loss:19.803,fceloss:0.0000
2026-06-11 13:37:09,552 transreid.image_train INFO: Epoch[7] Iteration[60/111] Loss: 19.887, Acc: 0.027,Acc1: 0.133,Acc2: 0.040, Base Lr: 7.96e-03,biloss:0.002,icloss:0.077,loss1:6.730, loss2:6.995, loss3:6.695, ploss:0.000,palign:0.000,total_loss:20.499,fceloss:0.0000
2026-06-11 13:37:14,739 transreid.image_train INFO: Epoch[7] Iteration[80/111] Loss: 19.823, Acc: 0.039,Acc1: 0.147,Acc2: 0.046, Base Lr: 7.96e-03,biloss:0.002,icloss:0.082,loss1:6.501, loss2:6.867, loss3:6.373, ploss:0.000,palign:0.000,total_loss:19.825,fceloss:0.0000
2026-06-11 13:37:19,508 transreid.image_train INFO: Epoch[7] Iteration[100/111] Loss: 19.808, Acc: 0.053,Acc1: 0.154,Acc2: 0.064, Base Lr: 7.96e-03,biloss:0.002,icloss:0.081,loss1:6.488, loss2:6.959, loss3:6.119, ploss:0.000,palign:0.000,total_loss:19.649,fceloss:0.0000
2026-06-11 13:37:21,618 transreid.image_train INFO: Epoch 7 done. Time per batch: 2.693[s] Speed: 11.9[samples/s]
2026-06-11 13:37:34,680 transreid.image_train INFO: Validation Results - Epoch: 7
2026-06-11 13:37:34,681 transreid.image_train INFO: mAP: 49.2%
2026-06-11 13:37:34,681 transreid.image_train INFO: CMC curve, Rank-1  :53.7%
2026-06-11 13:37:34,681 transreid.image_train INFO: CMC curve, Rank-5  :67.4%
2026-06-11 13:37:34,681 transreid.image_train INFO: CMC curve, Rank-10 :74.7%
2026-06-11 13:37:36,589 transreid.image_train INFO: Best mAP: 49.2%
2026-06-11 13:37:36,589 transreid.image_train INFO: Best Rank-1: 53.7%
2026-06-11 13:37:36,589 transreid.image_train INFO: Best Rank-5: 67.4%
2026-06-11 13:37:36,589 transreid.image_train INFO: Best Rank-10: 74.7%
2026-06-11 13:37:42,693 transreid.image_train INFO: Epoch[8] Iteration[20/111] Loss: 19.681, Acc: 0.027,Acc1: 0.188,Acc2: 0.053, Base Lr: 7.94e-03,biloss:0.002,icloss:0.089,loss1:5.848, loss2:6.528, loss3:5.936, ploss:0.000,palign:0.000,total_loss:18.402,fceloss:0.0000
2026-06-11 13:37:47,878 transreid.image_train INFO: Epoch[8] Iteration[40/111] Loss: 19.605, Acc: 0.036,Acc1: 0.182,Acc2: 0.051, Base Lr: 7.94e-03,biloss:0.002,icloss:0.082,loss1:6.662, loss2:6.745, loss3:6.617, ploss:0.000,palign:0.000,total_loss:20.108,fceloss:0.0000
2026-06-11 13:37:53,064 transreid.image_train INFO: Epoch[8] Iteration[60/111] Loss: 19.593, Acc: 0.039,Acc1: 0.171,Acc2: 0.053, Base Lr: 7.94e-03,biloss:0.002,icloss:0.081,loss1:6.510, loss2:6.764, loss3:6.591, ploss:0.000,palign:0.000,total_loss:19.948,fceloss:0.0000
2026-06-11 13:37:58,254 transreid.image_train INFO: Epoch[8] Iteration[80/111] Loss: 19.572, Acc: 0.046,Acc1: 0.176,Acc2: 0.062, Base Lr: 7.94e-03,biloss:0.002,icloss:0.084,loss1:6.312, loss2:6.642, loss3:6.351, ploss:0.000,palign:0.000,total_loss:19.391,fceloss:0.0000
2026-06-11 13:38:03,169 transreid.image_train INFO: Epoch[8] Iteration[100/111] Loss: 19.496, Acc: 0.069,Acc1: 0.203,Acc2: 0.079, Base Lr: 7.94e-03,biloss:0.002,icloss:0.090,loss1:5.969, loss2:6.729, loss3:6.304, ploss:0.000,palign:0.000,total_loss:19.094,fceloss:0.0000
2026-06-11 13:38:04,483 transreid.image_train INFO: Epoch 8 done. Time per batch: 3.115[s] Speed: 10.3[samples/s]
2026-06-11 13:38:18,244 transreid.image_train INFO: Validation Results - Epoch: 8
2026-06-11 13:38:18,244 transreid.image_train INFO: mAP: 53.3%
2026-06-11 13:38:18,244 transreid.image_train INFO: CMC curve, Rank-1  :58.2%
2026-06-11 13:38:18,244 transreid.image_train INFO: CMC curve, Rank-5  :70.5%
2026-06-11 13:38:18,244 transreid.image_train INFO: CMC curve, Rank-10 :77.2%
2026-06-11 13:38:19,992 transreid.image_train INFO: Best mAP: 53.3%
2026-06-11 13:38:19,993 transreid.image_train INFO: Best Rank-1: 58.2%
2026-06-11 13:38:19,993 transreid.image_train INFO: Best Rank-5: 70.5%
2026-06-11 13:38:19,993 transreid.image_train INFO: Best Rank-10: 77.2%
2026-06-11 13:38:26,441 transreid.image_train INFO: Epoch[9] Iteration[20/111] Loss: 19.081, Acc: 0.086,Acc1: 0.252,Acc2: 0.069, Base Lr: 7.93e-03,biloss:0.002,icloss:0.091,loss1:6.011, loss2:6.547, loss3:6.092, ploss:0.000,palign:0.000,total_loss:18.743,fceloss:0.0000
2026-06-11 13:38:31,633 transreid.image_train INFO: Epoch[9] Iteration[40/111] Loss: 19.058, Acc: 0.070,Acc1: 0.234,Acc2: 0.060, Base Lr: 7.93e-03,biloss:0.001,icloss:0.095,loss1:6.038, loss2:6.565, loss3:6.015, ploss:0.000,palign:0.000,total_loss:18.715,fceloss:0.0000
2026-06-11 13:38:36,824 transreid.image_train INFO: Epoch[9] Iteration[60/111] Loss: 19.099, Acc: 0.070,Acc1: 0.218,Acc2: 0.064, Base Lr: 7.93e-03,biloss:0.002,icloss:0.089,loss1:6.404, loss2:6.773, loss3:6.289, ploss:0.000,palign:0.000,total_loss:19.557,fceloss:0.0000
2026-06-11 13:38:42,014 transreid.image_train INFO: Epoch[9] Iteration[80/111] Loss: 19.054, Acc: 0.080,Acc1: 0.229,Acc2: 0.078, Base Lr: 7.93e-03,biloss:0.001,icloss:0.093,loss1:5.812, loss2:6.641, loss3:6.032, ploss:0.000,palign:0.000,total_loss:18.579,fceloss:0.0000
2026-06-11 13:38:47,190 transreid.image_train INFO: Epoch[9] Iteration[100/111] Loss: 19.052, Acc: 0.096,Acc1: 0.237,Acc2: 0.084, Base Lr: 7.93e-03,biloss:0.002,icloss:0.108,loss1:5.729, loss2:6.528, loss3:5.761, ploss:0.000,palign:0.000,total_loss:18.127,fceloss:0.0000
2026-06-11 13:38:48,937 transreid.image_train INFO: Epoch 9 done. Time per batch: 3.494[s] Speed: 9.2[samples/s]
2026-06-11 13:39:03,285 transreid.image_train INFO: Validation Results - Epoch: 9
2026-06-11 13:39:03,285 transreid.image_train INFO: mAP: 53.0%
2026-06-11 13:39:03,285 transreid.image_train INFO: CMC curve, Rank-1  :58.2%
2026-06-11 13:39:03,286 transreid.image_train INFO: CMC curve, Rank-5  :71.7%
2026-06-11 13:39:03,286 transreid.image_train INFO: CMC curve, Rank-10 :77.8%
2026-06-11 13:39:03,286 transreid.image_train INFO: Best mAP: 53.3%
2026-06-11 13:39:03,286 transreid.image_train INFO: Best Rank-1: 58.2%
2026-06-11 13:39:03,286 transreid.image_train INFO: Best Rank-5: 70.5%
2026-06-11 13:39:03,286 transreid.image_train INFO: Best Rank-10: 77.2%
2026-06-11 13:39:08,903 transreid.image_train INFO: Epoch[10] Iteration[20/111] Loss: 19.124, Acc: 0.062,Acc1: 0.245,Acc2: 0.052, Base Lr: 7.91e-03,biloss:0.002,icloss:0.094,loss1:6.170, loss2:6.584, loss3:6.309, ploss:0.000,palign:0.000,total_loss:19.158,fceloss:0.0000
2026-06-11 13:39:14,090 transreid.image_train INFO: Epoch[10] Iteration[40/111] Loss: 19.009, Acc: 0.070,Acc1: 0.246,Acc2: 0.070, Base Lr: 7.91e-03,biloss:0.001,icloss:0.094,loss1:6.215, loss2:6.595, loss3:6.068, ploss:0.000,palign:0.000,total_loss:18.973,fceloss:0.0000
2026-06-11 13:39:19,282 transreid.image_train INFO: Epoch[10] Iteration[60/111] Loss: 18.867, Acc: 0.077,Acc1: 0.240,Acc2: 0.071, Base Lr: 7.91e-03,biloss:0.001,icloss:0.106,loss1:5.661, loss2:6.527, loss3:5.536, ploss:0.000,palign:0.000,total_loss:17.831,fceloss:0.0000
2026-06-11 13:39:24,470 transreid.image_train INFO: Epoch[10] Iteration[80/111] Loss: 18.822, Acc: 0.085,Acc1: 0.235,Acc2: 0.077, Base Lr: 7.91e-03,biloss:0.002,icloss:0.097,loss1:6.196, loss2:6.729, loss3:6.335, ploss:0.000,palign:0.000,total_loss:19.358,fceloss:0.0000
2026-06-11 13:39:29,654 transreid.image_train INFO: Epoch[10] Iteration[100/111] Loss: 18.870, Acc: 0.103,Acc1: 0.257,Acc2: 0.093, Base Lr: 7.91e-03,biloss:0.001,icloss:0.103,loss1:5.272, loss2:6.398, loss3:5.548, ploss:0.000,palign:0.000,total_loss:17.323,fceloss:0.0000
2026-06-11 13:39:32,062 transreid.image_train INFO: Epoch 10 done. Time per batch: 3.890[s] Speed: 8.2[samples/s]
2026-06-11 13:39:46,285 transreid.image_train INFO: Validation Results - Epoch: 10
2026-06-11 13:39:46,285 transreid.image_train INFO: mAP: 50.6%
2026-06-11 13:39:46,285 transreid.image_train INFO: CMC curve, Rank-1  :56.9%
2026-06-11 13:39:46,285 transreid.image_train INFO: CMC curve, Rank-5  :69.8%
2026-06-11 13:39:46,285 transreid.image_train INFO: CMC curve, Rank-10 :76.2%
2026-06-11 13:39:46,285 transreid.image_train INFO: Best mAP: 53.3%
2026-06-11 13:39:46,285 transreid.image_train INFO: Best Rank-1: 58.2%
2026-06-11 13:39:46,285 transreid.image_train INFO: Best Rank-5: 70.5%
2026-06-11 13:39:46,286 transreid.image_train INFO: Best Rank-10: 77.2%
2026-06-11 13:39:51,009 transreid.image_train INFO: Epoch[11] Iteration[20/111] Loss: 18.897, Acc: 0.084,Acc1: 0.197,Acc2: 0.059, Base Lr: 7.89e-03,biloss:0.002,icloss:0.105,loss1:6.067, loss2:6.677, loss3:5.998, ploss:0.000,palign:0.000,total_loss:18.847,fceloss:0.0000
2026-06-11 13:39:56,220 transreid.image_train INFO: Epoch[11] Iteration[40/111] Loss: 18.742, Acc: 0.084,Acc1: 0.248,Acc2: 0.067, Base Lr: 7.89e-03,biloss:0.002,icloss:0.098,loss1:6.738, loss2:6.958, loss3:6.762, ploss:0.000,palign:0.000,total_loss:20.559,fceloss:0.0000
2026-06-11 13:40:01,404 transreid.image_train INFO: Epoch[11] Iteration[60/111] Loss: 18.645, Acc: 0.097,Acc1: 0.264,Acc2: 0.084, Base Lr: 7.89e-03,biloss:0.001,icloss:0.104,loss1:5.873, loss2:6.666, loss3:5.907, ploss:0.000,palign:0.000,total_loss:18.551,fceloss:0.0000
2026-06-11 13:40:06,592 transreid.image_train INFO: Epoch[11] Iteration[80/111] Loss: 18.636, Acc: 0.102,Acc1: 0.266,Acc2: 0.088, Base Lr: 7.89e-03,biloss:0.001,icloss:0.114,loss1:5.247, loss2:6.391, loss3:5.501, ploss:0.000,palign:0.000,total_loss:17.255,fceloss:0.0000
2026-06-11 13:40:11,780 transreid.image_train INFO: Epoch[11] Iteration[100/111] Loss: 18.573, Acc: 0.125,Acc1: 0.295,Acc2: 0.107, Base Lr: 7.89e-03,biloss:0.001,icloss:0.111,loss1:6.023, loss2:6.735, loss3:6.224, ploss:0.000,palign:0.000,total_loss:19.095,fceloss:0.0000
2026-06-11 13:40:14,449 transreid.image_train INFO: Epoch 11 done. Time per batch: 4.240[s] Speed: 7.5[samples/s]
2026-06-11 13:40:27,884 transreid.image_train INFO: Validation Results - Epoch: 11
2026-06-11 13:40:27,884 transreid.image_train INFO: mAP: 53.5%
2026-06-11 13:40:27,884 transreid.image_train INFO: CMC curve, Rank-1  :59.8%
2026-06-11 13:40:27,884 transreid.image_train INFO: CMC curve, Rank-5  :70.6%
2026-06-11 13:40:27,884 transreid.image_train INFO: CMC curve, Rank-10 :78.1%
2026-06-11 13:40:29,751 transreid.image_train INFO: Best mAP: 53.5%
2026-06-11 13:40:29,751 transreid.image_train INFO: Best Rank-1: 59.8%
2026-06-11 13:40:29,751 transreid.image_train INFO: Best Rank-5: 70.6%
2026-06-11 13:40:29,751 transreid.image_train INFO: Best Rank-10: 78.1%
2026-06-11 13:40:34,497 transreid.image_train INFO: Epoch[12] Iteration[20/111] Loss: 18.488, Acc: 0.089,Acc1: 0.317,Acc2: 0.077, Base Lr: 7.87e-03,biloss:0.002,icloss:0.109,loss1:6.178, loss2:6.471, loss3:6.207, ploss:0.000,palign:0.000,total_loss:18.966,fceloss:0.0000
2026-06-11 13:40:39,667 transreid.image_train INFO: Epoch[12] Iteration[40/111] Loss: 18.315, Acc: 0.112,Acc1: 0.344,Acc2: 0.091, Base Lr: 7.87e-03,biloss:0.001,icloss:0.109,loss1:5.546, loss2:6.254, loss3:5.450, ploss:0.000,palign:0.000,total_loss:17.361,fceloss:0.0000
2026-06-11 13:40:44,855 transreid.image_train INFO: Epoch[12] Iteration[60/111] Loss: 18.224, Acc: 0.111,Acc1: 0.332,Acc2: 0.088, Base Lr: 7.87e-03,biloss:0.001,icloss:0.106,loss1:5.992, loss2:6.398, loss3:5.957, ploss:0.000,palign:0.000,total_loss:18.454,fceloss:0.0000
2026-06-11 13:40:50,041 transreid.image_train INFO: Epoch[12] Iteration[80/111] Loss: 18.187, Acc: 0.126,Acc1: 0.330,Acc2: 0.098, Base Lr: 7.87e-03,biloss:0.001,icloss:0.111,loss1:5.676, loss2:6.402, loss3:5.700, ploss:0.000,palign:0.000,total_loss:17.889,fceloss:0.0000
2026-06-11 13:40:55,222 transreid.image_train INFO: Epoch[12] Iteration[100/111] Loss: 18.249, Acc: 0.136,Acc1: 0.339,Acc2: 0.104, Base Lr: 7.87e-03,biloss:0.001,icloss:0.118,loss1:5.707, loss2:6.790, loss3:5.818, ploss:0.000,palign:0.000,total_loss:18.435,fceloss:0.0000
2026-06-11 13:40:57,650 transreid.image_train INFO: Epoch 12 done. Time per batch: 4.675[s] Speed: 6.8[samples/s]
2026-06-11 13:41:11,292 transreid.image_train INFO: Validation Results - Epoch: 12
2026-06-11 13:41:11,292 transreid.image_train INFO: mAP: 55.5%
2026-06-11 13:41:11,292 transreid.image_train INFO: CMC curve, Rank-1  :60.1%
2026-06-11 13:41:11,292 transreid.image_train INFO: CMC curve, Rank-5  :71.9%
2026-06-11 13:41:11,292 transreid.image_train INFO: CMC curve, Rank-10 :77.0%
2026-06-11 13:41:13,159 transreid.image_train INFO: Best mAP: 55.5%
2026-06-11 13:41:13,159 transreid.image_train INFO: Best Rank-1: 60.1%
2026-06-11 13:41:13,159 transreid.image_train INFO: Best Rank-5: 71.9%
2026-06-11 13:41:13,159 transreid.image_train INFO: Best Rank-10: 77.0%
2026-06-11 13:41:18,315 transreid.image_train INFO: Epoch[13] Iteration[20/111] Loss: 18.194, Acc: 0.075,Acc1: 0.369,Acc2: 0.075, Base Lr: 7.85e-03,biloss:0.001,icloss:0.108,loss1:5.904, loss2:6.303, loss3:5.925, ploss:0.000,palign:0.000,total_loss:18.242,fceloss:0.0000
2026-06-11 13:41:23,503 transreid.image_train INFO: Epoch[13] Iteration[40/111] Loss: 18.218, Acc: 0.097,Acc1: 0.373,Acc2: 0.087, Base Lr: 7.85e-03,biloss:0.001,icloss:0.113,loss1:6.086, loss2:6.563, loss3:6.241, ploss:0.000,palign:0.000,total_loss:19.005,fceloss:0.0000
2026-06-11 13:41:28,846 transreid.image_train INFO: Epoch[13] Iteration[60/111] Loss: 18.116, Acc: 0.106,Acc1: 0.367,Acc2: 0.097, Base Lr: 7.85e-03,biloss:0.001,icloss:0.131,loss1:5.520, loss2:6.300, loss3:5.420, ploss:0.000,palign:0.000,total_loss:17.372,fceloss:0.0000
2026-06-11 13:41:33,914 transreid.image_train INFO: Epoch[13] Iteration[80/111] Loss: 18.021, Acc: 0.127,Acc1: 0.369,Acc2: 0.104, Base Lr: 7.85e-03,biloss:0.001,icloss:0.124,loss1:5.477, loss2:6.253, loss3:5.347, ploss:0.000,palign:0.000,total_loss:17.201,fceloss:0.0000
2026-06-11 13:41:39,100 transreid.image_train INFO: Epoch[13] Iteration[100/111] Loss: 17.915, Acc: 0.148,Acc1: 0.384,Acc2: 0.120, Base Lr: 7.85e-03,biloss:0.002,icloss:0.126,loss1:5.458, loss2:6.236, loss3:5.600, ploss:0.000,palign:0.000,total_loss:17.422,fceloss:0.0000
2026-06-11 13:41:41,519 transreid.image_train INFO: Epoch 13 done. Time per batch: 5.078[s] Speed: 6.3[samples/s]
2026-06-11 13:41:54,885 transreid.image_train INFO: Validation Results - Epoch: 13
2026-06-11 13:41:54,885 transreid.image_train INFO: mAP: 57.2%
2026-06-11 13:41:54,885 transreid.image_train INFO: CMC curve, Rank-1  :63.2%
2026-06-11 13:41:54,885 transreid.image_train INFO: CMC curve, Rank-5  :74.4%
2026-06-11 13:41:54,885 transreid.image_train INFO: CMC curve, Rank-10 :79.4%
2026-06-11 13:41:56,756 transreid.image_train INFO: Best mAP: 57.2%
2026-06-11 13:41:56,756 transreid.image_train INFO: Best Rank-1: 63.2%
2026-06-11 13:41:56,756 transreid.image_train INFO: Best Rank-5: 74.4%
2026-06-11 13:41:56,756 transreid.image_train INFO: Best Rank-10: 79.4%
2026-06-11 13:42:01,821 transreid.image_train INFO: Epoch[14] Iteration[20/111] Loss: 17.934, Acc: 0.111,Acc1: 0.375,Acc2: 0.097, Base Lr: 7.83e-03,biloss:0.002,icloss:0.113,loss1:5.379, loss2:6.220, loss3:5.585, ploss:0.000,palign:0.000,total_loss:17.299,fceloss:0.0000
2026-06-11 13:42:07,013 transreid.image_train INFO: Epoch[14] Iteration[40/111] Loss: 17.929, Acc: 0.109,Acc1: 0.364,Acc2: 0.091, Base Lr: 7.83e-03,biloss:0.001,icloss:0.122,loss1:5.483, loss2:6.178, loss3:5.713, ploss:0.000,palign:0.000,total_loss:17.497,fceloss:0.0000
2026-06-11 13:42:12,199 transreid.image_train INFO: Epoch[14] Iteration[60/111] Loss: 17.762, Acc: 0.135,Acc1: 0.381,Acc2: 0.112, Base Lr: 7.83e-03,biloss:0.001,icloss:0.117,loss1:5.565, loss2:6.234, loss3:5.674, ploss:0.000,palign:0.000,total_loss:17.591,fceloss:0.0000
2026-06-11 13:42:17,386 transreid.image_train INFO: Epoch[14] Iteration[80/111] Loss: 17.770, Acc: 0.150,Acc1: 0.391,Acc2: 0.123, Base Lr: 7.83e-03,biloss:0.001,icloss:0.114,loss1:5.524, loss2:6.468, loss3:5.845, ploss:0.000,palign:0.000,total_loss:17.952,fceloss:0.0000
2026-06-11 13:42:22,575 transreid.image_train INFO: Epoch[14] Iteration[100/111] Loss: 17.707, Acc: 0.172,Acc1: 0.407,Acc2: 0.135, Base Lr: 7.83e-03,biloss:0.002,icloss:0.124,loss1:5.934, loss2:6.464, loss3:6.177, ploss:0.000,palign:0.000,total_loss:18.701,fceloss:0.0000
2026-06-11 13:42:24,996 transreid.image_train INFO: Epoch 14 done. Time per batch: 5.477[s] Speed: 5.8[samples/s]
2026-06-11 13:42:38,790 transreid.image_train INFO: Validation Results - Epoch: 14
2026-06-11 13:42:38,791 transreid.image_train INFO: mAP: 58.7%
2026-06-11 13:42:38,791 transreid.image_train INFO: CMC curve, Rank-1  :63.3%
2026-06-11 13:42:38,791 transreid.image_train INFO: CMC curve, Rank-5  :74.9%
2026-06-11 13:42:38,791 transreid.image_train INFO: CMC curve, Rank-10 :79.5%
2026-06-11 13:42:40,635 transreid.image_train INFO: Best mAP: 58.7%
2026-06-11 13:42:40,636 transreid.image_train INFO: Best Rank-1: 63.3%
2026-06-11 13:42:40,636 transreid.image_train INFO: Best Rank-5: 74.9%
2026-06-11 13:42:40,636 transreid.image_train INFO: Best Rank-10: 79.5%
2026-06-11 13:42:46,951 transreid.image_train INFO: Epoch[15] Iteration[20/111] Loss: 17.714, Acc: 0.105,Acc1: 0.453,Acc2: 0.098, Base Lr: 7.80e-03,biloss:0.001,icloss:0.117,loss1:5.649, loss2:6.428, loss3:5.884, ploss:0.000,palign:0.000,total_loss:18.080,fceloss:0.0000
2026-06-11 13:42:52,140 transreid.image_train INFO: Epoch[15] Iteration[40/111] Loss: 17.626, Acc: 0.130,Acc1: 0.436,Acc2: 0.105, Base Lr: 7.80e-03,biloss:0.002,icloss:0.120,loss1:4.816, loss2:6.112, loss3:4.807, ploss:0.000,palign:0.000,total_loss:15.857,fceloss:0.0000
2026-06-11 13:42:57,334 transreid.image_train INFO: Epoch[15] Iteration[60/111] Loss: 17.681, Acc: 0.140,Acc1: 0.428,Acc2: 0.097, Base Lr: 7.80e-03,biloss:0.001,icloss:0.124,loss1:5.488, loss2:6.382, loss3:5.596, ploss:0.000,palign:0.000,total_loss:17.592,fceloss:0.0000
2026-06-11 13:43:02,525 transreid.image_train INFO: Epoch[15] Iteration[80/111] Loss: 17.571, Acc: 0.160,Acc1: 0.438,Acc2: 0.114, Base Lr: 7.80e-03,biloss:0.001,icloss:0.143,loss1:5.080, loss2:6.193, loss3:5.029, ploss:0.000,palign:0.000,total_loss:16.446,fceloss:0.0000
2026-06-11 13:43:07,708 transreid.image_train INFO: Epoch[15] Iteration[100/111] Loss: 17.520, Acc: 0.176,Acc1: 0.443,Acc2: 0.129, Base Lr: 7.80e-03,biloss:0.002,icloss:0.126,loss1:5.586, loss2:6.418, loss3:5.720, ploss:0.000,palign:0.000,total_loss:17.851,fceloss:0.0000
2026-06-11 13:43:10,114 transreid.image_train INFO: Epoch 15 done. Time per batch: 5.891[s] Speed: 5.4[samples/s]
2026-06-11 13:43:24,995 transreid.image_train INFO: Validation Results - Epoch: 15
2026-06-11 13:43:24,996 transreid.image_train INFO: mAP: 58.0%
2026-06-11 13:43:24,996 transreid.image_train INFO: CMC curve, Rank-1  :63.5%
2026-06-11 13:43:24,996 transreid.image_train INFO: CMC curve, Rank-5  :73.7%
2026-06-11 13:43:24,996 transreid.image_train INFO: CMC curve, Rank-10 :77.8%
2026-06-11 13:43:24,996 transreid.image_train INFO: Best mAP: 58.7%
2026-06-11 13:43:24,996 transreid.image_train INFO: Best Rank-1: 63.3%
2026-06-11 13:43:24,996 transreid.image_train INFO: Best Rank-5: 74.9%
2026-06-11 13:43:24,996 transreid.image_train INFO: Best Rank-10: 79.5%
2026-06-11 13:43:30,656 transreid.image_train INFO: Epoch[16] Iteration[20/111] Loss: 17.705, Acc: 0.123,Acc1: 0.438,Acc2: 0.098, Base Lr: 7.78e-03,biloss:0.001,icloss:0.129,loss1:6.261, loss2:6.586, loss3:6.039, ploss:0.000,palign:0.000,total_loss:19.017,fceloss:0.0000
2026-06-11 13:43:35,845 transreid.image_train INFO: Epoch[16] Iteration[40/111] Loss: 17.480, Acc: 0.147,Acc1: 0.450,Acc2: 0.109, Base Lr: 7.78e-03,biloss:0.001,icloss:0.135,loss1:4.891, loss2:6.070, loss3:4.889, ploss:0.000,palign:0.000,total_loss:15.985,fceloss:0.0000
2026-06-11 13:43:41,029 transreid.image_train INFO: Epoch[16] Iteration[60/111] Loss: 17.444, Acc: 0.147,Acc1: 0.440,Acc2: 0.108, Base Lr: 7.78e-03,biloss:0.001,icloss:0.128,loss1:5.475, loss2:6.195, loss3:5.521, ploss:0.000,palign:0.000,total_loss:17.320,fceloss:0.0000
2026-06-11 13:43:46,215 transreid.image_train INFO: Epoch[16] Iteration[80/111] Loss: 17.366, Acc: 0.166,Acc1: 0.463,Acc2: 0.125, Base Lr: 7.78e-03,biloss:0.001,icloss:0.135,loss1:4.816, loss2:6.120, loss3:4.875, ploss:0.000,palign:0.000,total_loss:15.947,fceloss:0.0000
2026-06-11 13:43:51,391 transreid.image_train INFO: Epoch[16] Iteration[100/111] Loss: 17.277, Acc: 0.192,Acc1: 0.478,Acc2: 0.144, Base Lr: 7.78e-03,biloss:0.001,icloss:0.134,loss1:5.271, loss2:6.388, loss3:5.505, ploss:0.000,palign:0.000,total_loss:17.300,fceloss:0.0000
2026-06-11 13:43:53,808 transreid.image_train INFO: Epoch 16 done. Time per batch: 6.291[s] Speed: 5.1[samples/s]
2026-06-11 13:44:07,751 transreid.image_train INFO: Validation Results - Epoch: 16
2026-06-11 13:44:07,751 transreid.image_train INFO: mAP: 59.3%
2026-06-11 13:44:07,751 transreid.image_train INFO: CMC curve, Rank-1  :64.8%
2026-06-11 13:44:07,751 transreid.image_train INFO: CMC curve, Rank-5  :74.2%
2026-06-11 13:44:07,751 transreid.image_train INFO: CMC curve, Rank-10 :78.8%
2026-06-11 13:44:09,453 transreid.image_train INFO: Best mAP: 59.3%
2026-06-11 13:44:09,453 transreid.image_train INFO: Best Rank-1: 64.8%
2026-06-11 13:44:09,454 transreid.image_train INFO: Best Rank-5: 74.2%
2026-06-11 13:44:09,454 transreid.image_train INFO: Best Rank-10: 78.8%
2026-06-11 13:44:14,811 transreid.image_train INFO: Epoch[17] Iteration[20/111] Loss: 17.174, Acc: 0.133,Acc1: 0.470,Acc2: 0.113, Base Lr: 7.75e-03,biloss:0.001,icloss:0.139,loss1:5.546, loss2:6.424, loss3:5.757, ploss:0.000,palign:0.000,total_loss:17.866,fceloss:0.0000
2026-06-11 13:44:19,999 transreid.image_train INFO: Epoch[17] Iteration[40/111] Loss: 17.271, Acc: 0.136,Acc1: 0.447,Acc2: 0.109, Base Lr: 7.75e-03,biloss:0.001,icloss:0.124,loss1:5.582, loss2:6.158, loss3:5.520, ploss:0.000,palign:0.000,total_loss:17.385,fceloss:0.0000
2026-06-11 13:44:25,185 transreid.image_train INFO: Epoch[17] Iteration[60/111] Loss: 17.186, Acc: 0.160,Acc1: 0.459,Acc2: 0.114, Base Lr: 7.75e-03,biloss:0.001,icloss:0.131,loss1:5.074, loss2:6.253, loss3:5.441, ploss:0.000,palign:0.000,total_loss:16.900,fceloss:0.0000
2026-06-11 13:44:30,370 transreid.image_train INFO: Epoch[17] Iteration[80/111] Loss: 17.118, Acc: 0.177,Acc1: 0.464,Acc2: 0.120, Base Lr: 7.75e-03,biloss:0.001,icloss:0.149,loss1:5.483, loss2:6.341, loss3:5.684, ploss:0.000,palign:0.000,total_loss:17.659,fceloss:0.0000
2026-06-11 13:44:35,548 transreid.image_train INFO: Epoch[17] Iteration[100/111] Loss: 17.057, Acc: 0.215,Acc1: 0.498,Acc2: 0.149, Base Lr: 7.75e-03,biloss:0.001,icloss:0.170,loss1:3.957, loss2:5.782, loss3:4.080, ploss:0.000,palign:0.000,total_loss:13.989,fceloss:0.0000
2026-06-11 13:44:37,699 transreid.image_train INFO: Epoch 17 done. Time per batch: 6.756[s] Speed: 4.7[samples/s]
2026-06-11 13:44:51,584 transreid.image_train INFO: Validation Results - Epoch: 17
2026-06-11 13:44:51,584 transreid.image_train INFO: mAP: 60.0%
2026-06-11 13:44:51,584 transreid.image_train INFO: CMC curve, Rank-1  :65.5%
2026-06-11 13:44:51,584 transreid.image_train INFO: CMC curve, Rank-5  :75.4%
2026-06-11 13:44:51,584 transreid.image_train INFO: CMC curve, Rank-10 :78.6%
2026-06-11 13:44:53,359 transreid.image_train INFO: Best mAP: 60.0%
2026-06-11 13:44:53,359 transreid.image_train INFO: Best Rank-1: 65.5%
2026-06-11 13:44:53,359 transreid.image_train INFO: Best Rank-5: 75.4%
2026-06-11 13:44:53,359 transreid.image_train INFO: Best Rank-10: 78.6%
2026-06-11 13:44:59,011 transreid.image_train INFO: Epoch[18] Iteration[20/111] Loss: 17.104, Acc: 0.148,Acc1: 0.517,Acc2: 0.144, Base Lr: 7.72e-03,biloss:0.001,icloss:0.141,loss1:5.290, loss2:6.121, loss3:5.365, ploss:0.000,palign:0.000,total_loss:16.919,fceloss:0.0000
2026-06-11 13:45:04,196 transreid.image_train INFO: Epoch[18] Iteration[40/111] Loss: 17.101, Acc: 0.177,Acc1: 0.530,Acc2: 0.152, Base Lr: 7.72e-03,biloss:0.001,icloss:0.137,loss1:5.736, loss2:6.146, loss3:5.745, ploss:0.000,palign:0.000,total_loss:17.766,fceloss:0.0000
2026-06-11 13:45:09,384 transreid.image_train INFO: Epoch[18] Iteration[60/111] Loss: 16.974, Acc: 0.199,Acc1: 0.522,Acc2: 0.154, Base Lr: 7.72e-03,biloss:0.001,icloss:0.143,loss1:5.092, loss2:6.271, loss3:5.375, ploss:0.000,palign:0.000,total_loss:16.881,fceloss:0.0000
2026-06-11 13:45:14,565 transreid.image_train INFO: Epoch[18] Iteration[80/111] Loss: 16.937, Acc: 0.195,Acc1: 0.518,Acc2: 0.146, Base Lr: 7.72e-03,biloss:0.001,icloss:0.152,loss1:5.167, loss2:6.224, loss3:5.334, ploss:0.000,palign:0.000,total_loss:16.879,fceloss:0.0000
2026-06-11 13:45:19,745 transreid.image_train INFO: Epoch[18] Iteration[100/111] Loss: 16.814, Acc: 0.226,Acc1: 0.537,Acc2: 0.167, Base Lr: 7.72e-03,biloss:0.001,icloss:0.146,loss1:5.278, loss2:6.263, loss3:5.104, ploss:0.000,palign:0.000,total_loss:16.792,fceloss:0.0000
2026-06-11 13:45:22,151 transreid.image_train INFO: Epoch 18 done. Time per batch: 7.102[s] Speed: 4.5[samples/s]
2026-06-11 13:45:36,377 transreid.image_train INFO: Validation Results - Epoch: 18
2026-06-11 13:45:36,378 transreid.image_train INFO: mAP: 60.4%
2026-06-11 13:45:36,378 transreid.image_train INFO: CMC curve, Rank-1  :66.4%
2026-06-11 13:45:36,378 transreid.image_train INFO: CMC curve, Rank-5  :75.8%
2026-06-11 13:45:36,378 transreid.image_train INFO: CMC curve, Rank-10 :79.2%
2026-06-11 13:45:38,276 transreid.image_train INFO: Best mAP: 60.4%
2026-06-11 13:45:38,276 transreid.image_train INFO: Best Rank-1: 66.4%
2026-06-11 13:45:38,276 transreid.image_train INFO: Best Rank-5: 75.8%
2026-06-11 13:45:38,276 transreid.image_train INFO: Best Rank-10: 79.2%
2026-06-11 13:45:44,653 transreid.image_train INFO: Epoch[19] Iteration[20/111] Loss: 16.784, Acc: 0.214,Acc1: 0.548,Acc2: 0.153, Base Lr: 7.69e-03,biloss:0.001,icloss:0.149,loss1:5.069, loss2:6.062, loss3:4.998, ploss:0.000,palign:0.000,total_loss:16.278,fceloss:0.0000
2026-06-11 13:45:49,826 transreid.image_train INFO: Epoch[19] Iteration[40/111] Loss: 16.635, Acc: 0.198,Acc1: 0.533,Acc2: 0.140, Base Lr: 7.69e-03,biloss:0.001,icloss:0.146,loss1:4.909, loss2:6.048, loss3:4.961, ploss:0.000,palign:0.000,total_loss:16.065,fceloss:0.0000
2026-06-11 13:45:55,013 transreid.image_train INFO: Epoch[19] Iteration[60/111] Loss: 16.581, Acc: 0.210,Acc1: 0.535,Acc2: 0.158, Base Lr: 7.69e-03,biloss:0.001,icloss:0.143,loss1:5.179, loss2:6.301, loss3:5.456, ploss:0.000,palign:0.000,total_loss:17.081,fceloss:0.0000
2026-06-11 13:46:00,207 transreid.image_train INFO: Epoch[19] Iteration[80/111] Loss: 16.613, Acc: 0.209,Acc1: 0.540,Acc2: 0.160, Base Lr: 7.69e-03,biloss:0.001,icloss:0.150,loss1:4.713, loss2:6.064, loss3:4.586, ploss:0.000,palign:0.000,total_loss:15.513,fceloss:0.0000
2026-06-11 13:46:05,535 transreid.image_train INFO: Epoch[19] Iteration[100/111] Loss: 16.494, Acc: 0.237,Acc1: 0.559,Acc2: 0.183, Base Lr: 7.69e-03,biloss:0.001,icloss:0.153,loss1:4.719, loss2:5.968, loss3:4.754, ploss:0.000,palign:0.000,total_loss:15.596,fceloss:0.0000
2026-06-11 13:46:07,960 transreid.image_train INFO: Epoch 19 done. Time per batch: 7.522[s] Speed: 4.3[samples/s]
2026-06-11 13:46:22,690 transreid.image_train INFO: Validation Results - Epoch: 19
2026-06-11 13:46:22,691 transreid.image_train INFO: mAP: 61.6%
2026-06-11 13:46:22,691 transreid.image_train INFO: CMC curve, Rank-1  :68.1%
2026-06-11 13:46:22,691 transreid.image_train INFO: CMC curve, Rank-5  :75.6%
2026-06-11 13:46:22,691 transreid.image_train INFO: CMC curve, Rank-10 :78.6%
2026-06-11 13:46:25,053 transreid.image_train INFO: Best mAP: 61.6%
2026-06-11 13:46:25,053 transreid.image_train INFO: Best Rank-1: 68.1%
2026-06-11 13:46:25,053 transreid.image_train INFO: Best Rank-5: 75.6%
2026-06-11 13:46:25,053 transreid.image_train INFO: Best Rank-10: 78.6%
2026-06-11 13:46:31,096 transreid.image_train INFO: Epoch[20] Iteration[20/111] Loss: 16.989, Acc: 0.147,Acc1: 0.545,Acc2: 0.102, Base Lr: 7.65e-03,biloss:0.001,icloss:0.149,loss1:5.209, loss2:6.074, loss3:5.091, ploss:0.000,palign:0.000,total_loss:16.523,fceloss:0.0000
2026-06-11 13:46:36,285 transreid.image_train INFO: Epoch[20] Iteration[40/111] Loss: 16.813, Acc: 0.151,Acc1: 0.531,Acc2: 0.109, Base Lr: 7.65e-03,biloss:0.001,icloss:0.146,loss1:4.922, loss2:6.068, loss3:5.015, ploss:0.000,palign:0.000,total_loss:16.152,fceloss:0.0000
2026-06-11 13:46:41,475 transreid.image_train INFO: Epoch[20] Iteration[60/111] Loss: 16.757, Acc: 0.165,Acc1: 0.536,Acc2: 0.126, Base Lr: 7.65e-03,biloss:0.001,icloss:0.162,loss1:4.560, loss2:5.956, loss3:4.766, ploss:0.000,palign:0.000,total_loss:15.445,fceloss:0.0000
2026-06-11 13:46:46,663 transreid.image_train INFO: Epoch[20] Iteration[80/111] Loss: 16.598, Acc: 0.203,Acc1: 0.556,Acc2: 0.161, Base Lr: 7.65e-03,biloss:0.001,icloss:0.163,loss1:4.200, loss2:5.997, loss3:4.254, ploss:0.000,palign:0.000,total_loss:14.615,fceloss:0.0000
2026-06-11 13:46:51,844 transreid.image_train INFO: Epoch[20] Iteration[100/111] Loss: 16.395, Acc: 0.239,Acc1: 0.582,Acc2: 0.190, Base Lr: 7.65e-03,biloss:0.001,icloss:0.160,loss1:4.366, loss2:5.966, loss3:4.710, ploss:0.000,palign:0.000,total_loss:15.204,fceloss:0.0000
2026-06-11 13:46:54,251 transreid.image_train INFO: Epoch 20 done. Time per batch: 7.947[s] Speed: 4.0[samples/s]
2026-06-11 13:47:08,851 transreid.image_train INFO: Validation Results - Epoch: 20
2026-06-11 13:47:08,851 transreid.image_train INFO: mAP: 59.8%
2026-06-11 13:47:08,851 transreid.image_train INFO: CMC curve, Rank-1  :66.5%
2026-06-11 13:47:08,851 transreid.image_train INFO: CMC curve, Rank-5  :74.6%
2026-06-11 13:47:08,851 transreid.image_train INFO: CMC curve, Rank-10 :77.6%
2026-06-11 13:47:08,851 transreid.image_train INFO: Best mAP: 61.6%
2026-06-11 13:47:08,851 transreid.image_train INFO: Best Rank-1: 68.1%
2026-06-11 13:47:08,851 transreid.image_train INFO: Best Rank-5: 75.6%
2026-06-11 13:47:08,851 transreid.image_train INFO: Best Rank-10: 78.6%
2026-06-11 13:47:14,220 transreid.image_train INFO: Epoch[21] Iteration[20/111] Loss: 16.482, Acc: 0.177,Acc1: 0.589,Acc2: 0.147, Base Lr: 7.62e-03,biloss:0.001,icloss:0.156,loss1:4.834, loss2:6.104, loss3:4.948, ploss:0.000,palign:0.000,total_loss:16.043,fceloss:0.0000
2026-06-11 13:47:19,410 transreid.image_train INFO: Epoch[21] Iteration[40/111] Loss: 16.316, Acc: 0.207,Acc1: 0.587,Acc2: 0.161, Base Lr: 7.62e-03,biloss:0.001,icloss:0.163,loss1:5.093, loss2:6.138, loss3:5.446, ploss:0.000,palign:0.000,total_loss:16.841,fceloss:0.0000
2026-06-11 13:47:24,592 transreid.image_train INFO: Epoch[21] Iteration[60/111] Loss: 16.351, Acc: 0.210,Acc1: 0.577,Acc2: 0.164, Base Lr: 7.62e-03,biloss:0.001,icloss:0.155,loss1:4.660, loss2:6.090, loss3:4.848, ploss:0.000,palign:0.000,total_loss:15.755,fceloss:0.0000
2026-06-11 13:47:29,782 transreid.image_train INFO: Epoch[21] Iteration[80/111] Loss: 16.345, Acc: 0.222,Acc1: 0.555,Acc2: 0.165, Base Lr: 7.62e-03,biloss:0.001,icloss:0.187,loss1:5.075, loss2:6.148, loss3:5.339, ploss:0.000,palign:0.000,total_loss:16.749,fceloss:0.0000
2026-06-11 13:47:34,961 transreid.image_train INFO: Epoch[21] Iteration[100/111] Loss: 16.113, Acc: 0.259,Acc1: 0.585,Acc2: 0.199, Base Lr: 7.62e-03,biloss:0.002,icloss:0.158,loss1:5.357, loss2:6.069, loss3:5.427, ploss:0.000,palign:0.000,total_loss:17.012,fceloss:0.0000
2026-06-11 13:47:37,405 transreid.image_train INFO: Epoch 21 done. Time per batch: 8.343[s] Speed: 3.8[samples/s]
2026-06-11 13:47:51,348 transreid.image_train INFO: Validation Results - Epoch: 21
2026-06-11 13:47:51,349 transreid.image_train INFO: mAP: 61.0%
2026-06-11 13:47:51,349 transreid.image_train INFO: CMC curve, Rank-1  :67.3%
2026-06-11 13:47:51,349 transreid.image_train INFO: CMC curve, Rank-5  :75.4%
2026-06-11 13:47:51,349 transreid.image_train INFO: CMC curve, Rank-10 :78.1%
2026-06-11 13:47:51,349 transreid.image_train INFO: Best mAP: 61.6%
2026-06-11 13:47:51,349 transreid.image_train INFO: Best Rank-1: 68.1%
2026-06-11 13:47:51,349 transreid.image_train INFO: Best Rank-5: 75.6%
2026-06-11 13:47:51,349 transreid.image_train INFO: Best Rank-10: 78.6%
2026-06-11 13:47:56,236 transreid.image_train INFO: Epoch[22] Iteration[20/111] Loss: 16.292, Acc: 0.205,Acc1: 0.514,Acc2: 0.155, Base Lr: 7.58e-03,biloss:0.001,icloss:0.181,loss1:4.426, loss2:5.861, loss3:4.439, ploss:0.000,palign:0.000,total_loss:14.909,fceloss:0.0000
2026-06-11 13:48:01,161 transreid.image_train INFO: Epoch[22] Iteration[40/111] Loss: 16.117, Acc: 0.243,Acc1: 0.566,Acc2: 0.180, Base Lr: 7.58e-03,biloss:0.001,icloss:0.159,loss1:4.823, loss2:6.025, loss3:5.054, ploss:0.000,palign:0.000,total_loss:16.062,fceloss:0.0000
2026-06-11 13:48:06,356 transreid.image_train INFO: Epoch[22] Iteration[60/111] Loss: 15.973, Acc: 0.261,Acc1: 0.576,Acc2: 0.195, Base Lr: 7.58e-03,biloss:0.001,icloss:0.166,loss1:4.851, loss2:6.007, loss3:5.143, ploss:0.000,palign:0.000,total_loss:16.167,fceloss:0.0000
2026-06-11 13:48:11,544 transreid.image_train INFO: Epoch[22] Iteration[80/111] Loss: 15.871, Acc: 0.270,Acc1: 0.587,Acc2: 0.204, Base Lr: 7.58e-03,biloss:0.001,icloss:0.163,loss1:4.509, loss2:6.081, loss3:4.996, ploss:0.000,palign:0.000,total_loss:15.750,fceloss:0.0000
2026-06-11 13:48:16,724 transreid.image_train INFO: Epoch[22] Iteration[100/111] Loss: 15.828, Acc: 0.286,Acc1: 0.597,Acc2: 0.219, Base Lr: 7.58e-03,biloss:0.001,icloss:0.186,loss1:3.751, loss2:5.810, loss3:3.850, ploss:0.000,palign:0.000,total_loss:13.599,fceloss:0.0000
2026-06-11 13:48:18,904 transreid.image_train INFO: Epoch 22 done. Time per batch: 8.804[s] Speed: 3.6[samples/s]
2026-06-11 13:48:32,266 transreid.image_train INFO: Validation Results - Epoch: 22
2026-06-11 13:48:32,266 transreid.image_train INFO: mAP: 59.6%
2026-06-11 13:48:32,267 transreid.image_train INFO: CMC curve, Rank-1  :65.5%
2026-06-11 13:48:32,267 transreid.image_train INFO: CMC curve, Rank-5  :74.0%
2026-06-11 13:48:32,267 transreid.image_train INFO: CMC curve, Rank-10 :77.9%
2026-06-11 13:48:32,267 transreid.image_train INFO: Best mAP: 61.6%
2026-06-11 13:48:32,267 transreid.image_train INFO: Best Rank-1: 68.1%
2026-06-11 13:48:32,267 transreid.image_train INFO: Best Rank-5: 75.6%
2026-06-11 13:48:32,267 transreid.image_train INFO: Best Rank-10: 78.6%
2026-06-11 13:48:38,769 transreid.image_train INFO: Epoch[23] Iteration[20/111] Loss: 16.104, Acc: 0.223,Acc1: 0.609,Acc2: 0.169, Base Lr: 7.55e-03,biloss:0.001,icloss:0.192,loss1:4.314, loss2:6.005, loss3:4.669, ploss:0.000,palign:0.000,total_loss:15.181,fceloss:0.0000
2026-06-11 13:48:42,342 transreid.image_train INFO: Epoch[23] Iteration[40/111] Loss: 15.969, Acc: 0.230,Acc1: 0.615,Acc2: 0.173, Base Lr: 7.55e-03,biloss:0.001,icloss:0.173,loss1:4.952, loss2:6.060, loss3:5.185, ploss:0.000,palign:0.000,total_loss:16.371,fceloss:0.0000
2026-06-11 13:48:47,529 transreid.image_train INFO: Epoch[23] Iteration[60/111] Loss: 15.833, Acc: 0.252,Acc1: 0.614,Acc2: 0.183, Base Lr: 7.55e-03,biloss:0.001,icloss:0.177,loss1:4.413, loss2:5.947, loss3:4.485, ploss:0.000,palign:0.000,total_loss:15.023,fceloss:0.0000
2026-06-11 13:48:52,717 transreid.image_train INFO: Epoch[23] Iteration[80/111] Loss: 15.790, Acc: 0.254,Acc1: 0.610,Acc2: 0.191, Base Lr: 7.55e-03,biloss:0.001,icloss:0.179,loss1:4.807, loss2:5.948, loss3:4.814, ploss:0.000,palign:0.000,total_loss:15.749,fceloss:0.0000
2026-06-11 13:48:57,905 transreid.image_train INFO: Epoch[23] Iteration[100/111] Loss: 15.654, Acc: 0.287,Acc1: 0.626,Acc2: 0.212, Base Lr: 7.55e-03,biloss:0.001,icloss:0.187,loss1:3.992, loss2:5.886, loss3:4.241, ploss:0.000,palign:0.000,total_loss:14.306,fceloss:0.0000
2026-06-11 13:49:00,360 transreid.image_train INFO: Epoch 23 done. Time per batch: 9.104[s] Speed: 3.5[samples/s]
2026-06-11 13:49:13,471 transreid.image_train INFO: Validation Results - Epoch: 23
2026-06-11 13:49:13,472 transreid.image_train INFO: mAP: 60.7%
2026-06-11 13:49:13,472 transreid.image_train INFO: CMC curve, Rank-1  :67.3%
2026-06-11 13:49:13,472 transreid.image_train INFO: CMC curve, Rank-5  :75.6%
2026-06-11 13:49:13,472 transreid.image_train INFO: CMC curve, Rank-10 :79.7%
2026-06-11 13:49:13,472 transreid.image_train INFO: Best mAP: 61.6%
2026-06-11 13:49:13,472 transreid.image_train INFO: Best Rank-1: 68.1%
2026-06-11 13:49:13,472 transreid.image_train INFO: Best Rank-5: 75.6%
2026-06-11 13:49:13,472 transreid.image_train INFO: Best Rank-10: 78.6%
2026-06-11 13:49:20,425 transreid.image_train INFO: Epoch[24] Iteration[20/111] Loss: 15.891, Acc: 0.183,Acc1: 0.637,Acc2: 0.181, Base Lr: 7.51e-03,biloss:0.001,icloss:0.168,loss1:4.907, loss2:5.988, loss3:4.763, ploss:0.000,palign:0.000,total_loss:15.827,fceloss:0.0000
2026-06-11 13:49:25,115 transreid.image_train INFO: Epoch[24] Iteration[40/111] Loss: 15.796, Acc: 0.218,Acc1: 0.660,Acc2: 0.199, Base Lr: 7.51e-03,biloss:0.001,icloss:0.175,loss1:4.681, loss2:5.911, loss3:4.738, ploss:0.000,palign:0.000,total_loss:15.505,fceloss:0.0000
2026-06-11 13:49:30,241 transreid.image_train INFO: Epoch[24] Iteration[60/111] Loss: 15.720, Acc: 0.235,Acc1: 0.639,Acc2: 0.207, Base Lr: 7.51e-03,biloss:0.001,icloss:0.177,loss1:5.726, loss2:6.213, loss3:5.952, ploss:0.000,palign:0.000,total_loss:18.069,fceloss:0.0000
2026-06-11 13:49:35,430 transreid.image_train INFO: Epoch[24] Iteration[80/111] Loss: 15.545, Acc: 0.271,Acc1: 0.647,Acc2: 0.225, Base Lr: 7.51e-03,biloss:0.001,icloss:0.194,loss1:4.462, loss2:5.920, loss3:4.460, ploss:0.000,palign:0.000,total_loss:15.037,fceloss:0.0000
2026-06-11 13:49:40,621 transreid.image_train INFO: Epoch[24] Iteration[100/111] Loss: 15.308, Acc: 0.319,Acc1: 0.660,Acc2: 0.257, Base Lr: 7.51e-03,biloss:0.001,icloss:0.207,loss1:2.946, loss2:5.593, loss3:3.080, ploss:0.000,palign:0.000,total_loss:11.827,fceloss:0.0000
2026-06-11 13:49:43,315 transreid.image_train INFO: Epoch 24 done. Time per batch: 9.412[s] Speed: 3.4[samples/s]
2026-06-11 13:49:56,037 transreid.image_train INFO: Validation Results - Epoch: 24
2026-06-11 13:49:56,037 transreid.image_train INFO: mAP: 61.3%
2026-06-11 13:49:56,037 transreid.image_train INFO: CMC curve, Rank-1  :67.3%
2026-06-11 13:49:56,037 transreid.image_train INFO: CMC curve, Rank-5  :75.8%
2026-06-11 13:49:56,037 transreid.image_train INFO: CMC curve, Rank-10 :78.3%
2026-06-11 13:49:56,037 transreid.image_train INFO: Best mAP: 61.6%
2026-06-11 13:49:56,037 transreid.image_train INFO: Best Rank-1: 68.1%
2026-06-11 13:49:56,037 transreid.image_train INFO: Best Rank-5: 75.6%
2026-06-11 13:49:56,037 transreid.image_train INFO: Best Rank-10: 78.6%
2026-06-11 13:50:03,220 transreid.image_train INFO: Epoch[25] Iteration[20/111] Loss: 15.917, Acc: 0.189,Acc1: 0.625,Acc2: 0.122, Base Lr: 7.47e-03,biloss:0.001,icloss:0.173,loss1:4.906, loss2:6.003, loss3:4.967, ploss:0.000,palign:0.000,total_loss:16.050,fceloss:0.0000
2026-06-11 13:50:07,667 transreid.image_train INFO: Epoch[25] Iteration[40/111] Loss: 15.675, Acc: 0.237,Acc1: 0.651,Acc2: 0.170, Base Lr: 7.47e-03,biloss:0.001,icloss:0.201,loss1:4.248, loss2:5.972, loss3:4.837, ploss:0.000,palign:0.000,total_loss:15.258,fceloss:0.0000
2026-06-11 13:50:11,990 transreid.image_train INFO: Epoch[25] Iteration[60/111] Loss: 15.579, Acc: 0.252,Acc1: 0.654,Acc2: 0.193, Base Lr: 7.47e-03,biloss:0.001,icloss:0.186,loss1:4.338, loss2:5.926, loss3:4.728, ploss:0.000,palign:0.000,total_loss:15.178,fceloss:0.0000
2026-06-11 13:50:17,202 transreid.image_train INFO: Epoch[25] Iteration[80/111] Loss: 15.441, Acc: 0.286,Acc1: 0.671,Acc2: 0.219, Base Lr: 7.47e-03,biloss:0.001,icloss:0.195,loss1:4.504, loss2:5.908, loss3:4.486, ploss:0.000,palign:0.000,total_loss:15.094,fceloss:0.0000
2026-06-11 13:50:22,379 transreid.image_train INFO: Epoch[25] Iteration[100/111] Loss: 15.159, Acc: 0.337,Acc1: 0.687,Acc2: 0.260, Base Lr: 7.47e-03,biloss:0.001,icloss:0.209,loss1:4.036, loss2:5.876, loss3:4.343, ploss:0.000,palign:0.000,total_loss:14.465,fceloss:0.0000
2026-06-11 13:50:24,814 transreid.image_train INFO: Epoch 25 done. Time per batch: 9.879[s] Speed: 3.2[samples/s]
2026-06-11 13:50:38,421 transreid.image_train INFO: Validation Results - Epoch: 25
2026-06-11 13:50:38,421 transreid.image_train INFO: mAP: 62.2%
2026-06-11 13:50:38,421 transreid.image_train INFO: CMC curve, Rank-1  :69.2%
2026-06-11 13:50:38,421 transreid.image_train INFO: CMC curve, Rank-5  :75.6%
2026-06-11 13:50:38,421 transreid.image_train INFO: CMC curve, Rank-10 :79.2%
2026-06-11 13:50:40,349 transreid.image_train INFO: Best mAP: 62.2%
2026-06-11 13:50:40,349 transreid.image_train INFO: Best Rank-1: 69.2%
2026-06-11 13:50:40,349 transreid.image_train INFO: Best Rank-5: 75.6%
2026-06-11 13:50:40,349 transreid.image_train INFO: Best Rank-10: 79.2%
2026-06-11 13:50:46,698 transreid.image_train INFO: Epoch[26] Iteration[20/111] Loss: 15.530, Acc: 0.269,Acc1: 0.666,Acc2: 0.192, Base Lr: 7.42e-03,biloss:0.001,icloss:0.189,loss1:4.918, loss2:5.949, loss3:4.981, ploss:0.000,palign:0.000,total_loss:16.038,fceloss:0.0000
2026-06-11 13:50:51,864 transreid.image_train INFO: Epoch[26] Iteration[40/111] Loss: 15.356, Acc: 0.315,Acc1: 0.657,Acc2: 0.217, Base Lr: 7.42e-03,biloss:0.001,icloss:0.207,loss1:4.283, loss2:5.880, loss3:4.760, ploss:0.000,palign:0.000,total_loss:15.131,fceloss:0.0000
2026-06-11 13:50:56,801 transreid.image_train INFO: Epoch[26] Iteration[60/111] Loss: 15.183, Acc: 0.324,Acc1: 0.653,Acc2: 0.240, Base Lr: 7.42e-03,biloss:0.001,icloss:0.195,loss1:4.838, loss2:6.136, loss3:4.989, ploss:0.000,palign:0.000,total_loss:16.159,fceloss:0.0000
2026-06-11 13:51:01,993 transreid.image_train INFO: Epoch[26] Iteration[80/111] Loss: 14.992, Acc: 0.348,Acc1: 0.662,Acc2: 0.261, Base Lr: 7.42e-03,biloss:0.001,icloss:0.230,loss1:4.293, loss2:5.962, loss3:4.704, ploss:0.000,palign:0.000,total_loss:15.190,fceloss:0.0000
2026-06-11 13:51:07,173 transreid.image_train INFO: Epoch[26] Iteration[100/111] Loss: 14.846, Acc: 0.364,Acc1: 0.666,Acc2: 0.284, Base Lr: 7.42e-03,biloss:0.001,icloss:0.220,loss1:4.196, loss2:5.768, loss3:4.105, ploss:0.000,palign:0.000,total_loss:14.290,fceloss:0.0000
2026-06-11 13:51:09,593 transreid.image_train INFO: Epoch 26 done. Time per batch: 10.290[s] Speed: 3.1[samples/s]
2026-06-11 13:51:22,474 transreid.image_train INFO: Validation Results - Epoch: 26
2026-06-11 13:51:22,474 transreid.image_train INFO: mAP: 61.5%
2026-06-11 13:51:22,474 transreid.image_train INFO: CMC curve, Rank-1  :69.0%
2026-06-11 13:51:22,474 transreid.image_train INFO: CMC curve, Rank-5  :76.0%
2026-06-11 13:51:22,474 transreid.image_train INFO: CMC curve, Rank-10 :78.8%
2026-06-11 13:51:22,474 transreid.image_train INFO: Best mAP: 62.2%
2026-06-11 13:51:22,474 transreid.image_train INFO: Best Rank-1: 69.2%
2026-06-11 13:51:22,474 transreid.image_train INFO: Best Rank-5: 75.6%
2026-06-11 13:51:22,474 transreid.image_train INFO: Best Rank-10: 79.2%
2026-06-11 13:51:29,608 transreid.image_train INFO: Epoch[27] Iteration[20/111] Loss: 15.619, Acc: 0.242,Acc1: 0.667,Acc2: 0.189, Base Lr: 7.38e-03,biloss:0.001,icloss:0.195,loss1:4.998, loss2:5.982, loss3:5.176, ploss:0.000,palign:0.000,total_loss:16.352,fceloss:0.0000
2026-06-11 13:51:34,920 transreid.image_train INFO: Epoch[27] Iteration[40/111] Loss: 15.506, Acc: 0.264,Acc1: 0.672,Acc2: 0.198, Base Lr: 7.38e-03,biloss:0.001,icloss:0.201,loss1:4.543, loss2:5.911, loss3:5.035, ploss:0.000,palign:0.000,total_loss:15.691,fceloss:0.0000
2026-06-11 13:51:38,449 transreid.image_train INFO: Epoch[27] Iteration[60/111] Loss: 15.295, Acc: 0.296,Acc1: 0.678,Acc2: 0.220, Base Lr: 7.38e-03,biloss:0.001,icloss:0.221,loss1:4.132, loss2:5.793, loss3:4.195, ploss:0.000,palign:0.000,total_loss:14.342,fceloss:0.0000
2026-06-11 13:51:43,636 transreid.image_train INFO: Epoch[27] Iteration[80/111] Loss: 15.059, Acc: 0.328,Acc1: 0.690,Acc2: 0.252, Base Lr: 7.38e-03,biloss:0.001,icloss:0.229,loss1:3.693, loss2:5.756, loss3:3.875, ploss:0.000,palign:0.000,total_loss:13.555,fceloss:0.0000
2026-06-11 13:51:48,817 transreid.image_train INFO: Epoch[27] Iteration[100/111] Loss: 14.731, Acc: 0.376,Acc1: 0.714,Acc2: 0.296, Base Lr: 7.38e-03,biloss:0.001,icloss:0.235,loss1:3.065, loss2:5.591, loss3:3.267, ploss:0.000,palign:0.000,total_loss:12.159,fceloss:0.0000
2026-06-11 13:51:51,246 transreid.image_train INFO: Epoch 27 done. Time per batch: 10.672[s] Speed: 3.0[samples/s]
2026-06-11 13:52:04,879 transreid.image_train INFO: Validation Results - Epoch: 27
2026-06-11 13:52:04,879 transreid.image_train INFO: mAP: 61.0%
2026-06-11 13:52:04,879 transreid.image_train INFO: CMC curve, Rank-1  :67.1%
2026-06-11 13:52:04,879 transreid.image_train INFO: CMC curve, Rank-5  :76.2%
2026-06-11 13:52:04,880 transreid.image_train INFO: CMC curve, Rank-10 :80.2%
2026-06-11 13:52:04,880 transreid.image_train INFO: Best mAP: 62.2%
2026-06-11 13:52:04,880 transreid.image_train INFO: Best Rank-1: 69.2%
2026-06-11 13:52:04,880 transreid.image_train INFO: Best Rank-5: 75.6%
2026-06-11 13:52:04,880 transreid.image_train INFO: Best Rank-10: 79.2%
2026-06-11 13:52:10,926 transreid.image_train INFO: Epoch[28] Iteration[20/111] Loss: 14.927, Acc: 0.355,Acc1: 0.728,Acc2: 0.277, Base Lr: 7.33e-03,biloss:0.001,icloss:0.208,loss1:4.087, loss2:5.784, loss3:4.098, ploss:0.000,palign:0.000,total_loss:14.178,fceloss:0.0000
2026-06-11 13:52:16,733 transreid.image_train INFO: Epoch[28] Iteration[40/111] Loss: 14.849, Acc: 0.345,Acc1: 0.713,Acc2: 0.261, Base Lr: 7.33e-03,biloss:0.001,icloss:0.226,loss1:4.498, loss2:5.756, loss3:4.443, ploss:0.000,palign:0.000,total_loss:14.925,fceloss:0.0000
2026-06-11 13:52:21,231 transreid.image_train INFO: Epoch[28] Iteration[60/111] Loss: 14.822, Acc: 0.339,Acc1: 0.703,Acc2: 0.268, Base Lr: 7.33e-03,biloss:0.001,icloss:0.209,loss1:4.411, loss2:5.919, loss3:4.402, ploss:0.000,palign:0.000,total_loss:14.942,fceloss:0.0000
2026-06-11 13:52:25,564 transreid.image_train INFO: Epoch[28] Iteration[80/111] Loss: 14.683, Acc: 0.355,Acc1: 0.704,Acc2: 0.279, Base Lr: 7.33e-03,biloss:0.001,icloss:0.235,loss1:3.878, loss2:5.784, loss3:4.279, ploss:0.000,palign:0.000,total_loss:14.176,fceloss:0.0000
2026-06-11 13:52:30,749 transreid.image_train INFO: Epoch[28] Iteration[100/111] Loss: 14.454, Acc: 0.396,Acc1: 0.722,Acc2: 0.316, Base Lr: 7.33e-03,biloss:0.001,icloss:0.254,loss1:3.110, loss2:5.617, loss3:3.546, ploss:0.000,palign:0.000,total_loss:12.528,fceloss:0.0000
2026-06-11 13:52:33,175 transreid.image_train INFO: Epoch 28 done. Time per batch: 11.056[s] Speed: 2.9[samples/s]
2026-06-11 13:52:46,874 transreid.image_train INFO: Validation Results - Epoch: 28
2026-06-11 13:52:46,874 transreid.image_train INFO: mAP: 63.2%
2026-06-11 13:52:46,874 transreid.image_train INFO: CMC curve, Rank-1  :70.3%
2026-06-11 13:52:46,874 transreid.image_train INFO: CMC curve, Rank-5  :77.6%
2026-06-11 13:52:46,874 transreid.image_train INFO: CMC curve, Rank-10 :79.7%
2026-06-11 13:52:48,748 transreid.image_train INFO: Best mAP: 63.2%
2026-06-11 13:52:48,748 transreid.image_train INFO: Best Rank-1: 70.3%
2026-06-11 13:52:48,748 transreid.image_train INFO: Best Rank-5: 77.6%
2026-06-11 13:52:48,748 transreid.image_train INFO: Best Rank-10: 79.7%
2026-06-11 13:52:54,376 transreid.image_train INFO: Epoch[29] Iteration[20/111] Loss: 14.927, Acc: 0.291,Acc1: 0.691,Acc2: 0.223, Base Lr: 7.29e-03,biloss:0.001,icloss:0.213,loss1:4.282, loss2:5.904, loss3:4.468, ploss:0.000,palign:0.000,total_loss:14.868,fceloss:0.0000
2026-06-11 13:53:00,190 transreid.image_train INFO: Epoch[29] Iteration[40/111] Loss: 14.765, Acc: 0.350,Acc1: 0.715,Acc2: 0.275, Base Lr: 7.29e-03,biloss:0.001,icloss:0.212,loss1:4.191, loss2:5.807, loss3:4.237, ploss:0.000,palign:0.000,total_loss:14.449,fceloss:0.0000
2026-06-11 13:53:04,964 transreid.image_train INFO: Epoch[29] Iteration[60/111] Loss: 14.540, Acc: 0.373,Acc1: 0.728,Acc2: 0.288, Base Lr: 7.29e-03,biloss:0.001,icloss:0.236,loss1:3.833, loss2:5.765, loss3:3.961, ploss:0.000,palign:0.000,total_loss:13.796,fceloss:0.0000
2026-06-11 13:53:10,102 transreid.image_train INFO: Epoch[29] Iteration[80/111] Loss: 14.339, Acc: 0.391,Acc1: 0.734,Acc2: 0.303, Base Lr: 7.29e-03,biloss:0.001,icloss:0.239,loss1:4.109, loss2:5.894, loss3:4.061, ploss:0.000,palign:0.000,total_loss:14.304,fceloss:0.0000
2026-06-11 13:53:15,286 transreid.image_train INFO: Epoch[29] Iteration[100/111] Loss: 14.144, Acc: 0.419,Acc1: 0.743,Acc2: 0.337, Base Lr: 7.29e-03,biloss:0.001,icloss:0.225,loss1:3.934, loss2:5.835, loss3:4.156, ploss:0.000,palign:0.000,total_loss:14.152,fceloss:0.0000
2026-06-11 13:53:17,709 transreid.image_train INFO: Epoch 29 done. Time per batch: 11.465[s] Speed: 2.8[samples/s]
2026-06-11 13:53:31,670 transreid.image_train INFO: Validation Results - Epoch: 29
2026-06-11 13:53:31,670 transreid.image_train INFO: mAP: 62.7%
2026-06-11 13:53:31,671 transreid.image_train INFO: CMC curve, Rank-1  :69.8%
2026-06-11 13:53:31,671 transreid.image_train INFO: CMC curve, Rank-5  :77.2%
2026-06-11 13:53:31,671 transreid.image_train INFO: CMC curve, Rank-10 :79.9%
2026-06-11 13:53:31,671 transreid.image_train INFO: Best mAP: 63.2%
2026-06-11 13:53:31,671 transreid.image_train INFO: Best Rank-1: 70.3%
2026-06-11 13:53:31,671 transreid.image_train INFO: Best Rank-5: 77.6%
2026-06-11 13:53:31,671 transreid.image_train INFO: Best Rank-10: 79.7%
2026-06-11 13:53:37,259 transreid.image_train INFO: Epoch[30] Iteration[20/111] Loss: 14.848, Acc: 0.294,Acc1: 0.683,Acc2: 0.256, Base Lr: 7.24e-03,biloss:0.001,icloss:0.237,loss1:4.376, loss2:5.783, loss3:4.350, ploss:0.000,palign:0.000,total_loss:14.748,fceloss:0.0000
2026-06-11 13:53:43,130 transreid.image_train INFO: Epoch[30] Iteration[40/111] Loss: 14.419, Acc: 0.373,Acc1: 0.730,Acc2: 0.332, Base Lr: 7.24e-03,biloss:0.001,icloss:0.236,loss1:4.231, loss2:5.795, loss3:4.391, ploss:0.000,palign:0.000,total_loss:14.654,fceloss:0.0000
2026-06-11 13:53:48,008 transreid.image_train INFO: Epoch[30] Iteration[60/111] Loss: 14.334, Acc: 0.376,Acc1: 0.736,Acc2: 0.335, Base Lr: 7.24e-03,biloss:0.001,icloss:0.230,loss1:4.095, loss2:5.833, loss3:4.446, ploss:0.000,palign:0.000,total_loss:14.605,fceloss:0.0000
2026-06-11 13:53:52,144 transreid.image_train INFO: Epoch[30] Iteration[80/111] Loss: 14.209, Acc: 0.400,Acc1: 0.745,Acc2: 0.350, Base Lr: 7.24e-03,biloss:0.001,icloss:0.290,loss1:2.932, loss2:5.497, loss3:2.998, ploss:0.000,palign:0.000,total_loss:11.719,fceloss:0.0000
2026-06-11 13:53:57,322 transreid.image_train INFO: Epoch[30] Iteration[100/111] Loss: 13.919, Acc: 0.445,Acc1: 0.758,Acc2: 0.379, Base Lr: 7.24e-03,biloss:0.001,icloss:0.259,loss1:3.440, loss2:5.679, loss3:3.467, ploss:0.000,palign:0.000,total_loss:12.846,fceloss:0.0000
2026-06-11 13:53:59,754 transreid.image_train INFO: Epoch 30 done. Time per batch: 11.851[s] Speed: 2.7[samples/s]
2026-06-11 13:54:13,452 transreid.image_train INFO: Validation Results - Epoch: 30
2026-06-11 13:54:13,453 transreid.image_train INFO: mAP: 63.8%
2026-06-11 13:54:13,453 transreid.image_train INFO: CMC curve, Rank-1  :71.2%
2026-06-11 13:54:13,453 transreid.image_train INFO: CMC curve, Rank-5  :78.1%
2026-06-11 13:54:13,453 transreid.image_train INFO: CMC curve, Rank-10 :80.2%
2026-06-11 13:54:14,366 transreid.image_train INFO: Best mAP: 63.8%
2026-06-11 13:54:14,366 transreid.image_train INFO: Best Rank-1: 71.2%
2026-06-11 13:54:14,366 transreid.image_train INFO: Best Rank-5: 78.1%
2026-06-11 13:54:14,366 transreid.image_train INFO: Best Rank-10: 80.2%
2026-06-11 13:54:19,625 transreid.image_train INFO: Epoch[31] Iteration[20/111] Loss: 14.412, Acc: 0.375,Acc1: 0.736,Acc2: 0.291, Base Lr: 7.19e-03,biloss:0.001,icloss:0.231,loss1:4.391, loss2:5.809, loss3:4.353, ploss:0.000,palign:0.000,total_loss:14.786,fceloss:0.0000
2026-06-11 13:54:25,513 transreid.image_train INFO: Epoch[31] Iteration[40/111] Loss: 14.115, Acc: 0.393,Acc1: 0.755,Acc2: 0.330, Base Lr: 7.19e-03,biloss:0.001,icloss:0.313,loss1:3.046, loss2:5.397, loss3:3.210, ploss:0.000,palign:0.000,total_loss:11.966,fceloss:0.0000
2026-06-11 13:54:31,418 transreid.image_train INFO: Epoch[31] Iteration[60/111] Loss: 14.023, Acc: 0.407,Acc1: 0.772,Acc2: 0.336, Base Lr: 7.19e-03,biloss:0.001,icloss:0.260,loss1:3.811, loss2:5.699, loss3:3.781, ploss:0.000,palign:0.000,total_loss:13.552,fceloss:0.0000
2026-06-11 13:54:35,935 transreid.image_train INFO: Epoch[31] Iteration[80/111] Loss: 13.830, Acc: 0.439,Acc1: 0.769,Acc2: 0.370, Base Lr: 7.19e-03,biloss:0.001,icloss:0.289,loss1:2.961, loss2:5.528, loss3:3.259, ploss:0.000,palign:0.000,total_loss:12.038,fceloss:0.0000
2026-06-11 13:54:41,085 transreid.image_train INFO: Epoch[31] Iteration[100/111] Loss: 13.642, Acc: 0.464,Acc1: 0.774,Acc2: 0.387, Base Lr: 7.19e-03,biloss:0.001,icloss:0.275,loss1:3.095, loss2:5.559, loss3:3.282, ploss:0.000,palign:0.000,total_loss:12.212,fceloss:0.0000
2026-06-11 13:54:43,526 transreid.image_train INFO: Epoch 31 done. Time per batch: 12.252[s] Speed: 2.6[samples/s]
2026-06-11 13:54:57,134 transreid.image_train INFO: Validation Results - Epoch: 31
2026-06-11 13:54:57,135 transreid.image_train INFO: mAP: 61.7%
2026-06-11 13:54:57,135 transreid.image_train INFO: CMC curve, Rank-1  :68.7%
2026-06-11 13:54:57,135 transreid.image_train INFO: CMC curve, Rank-5  :76.7%
2026-06-11 13:54:57,135 transreid.image_train INFO: CMC curve, Rank-10 :79.7%
2026-06-11 13:54:57,135 transreid.image_train INFO: Best mAP: 63.8%
2026-06-11 13:54:57,135 transreid.image_train INFO: Best Rank-1: 71.2%
2026-06-11 13:54:57,135 transreid.image_train INFO: Best Rank-5: 78.1%
2026-06-11 13:54:57,135 transreid.image_train INFO: Best Rank-10: 80.2%
2026-06-11 13:55:02,525 transreid.image_train INFO: Epoch[32] Iteration[20/111] Loss: 13.951, Acc: 0.394,Acc1: 0.784,Acc2: 0.377, Base Lr: 7.14e-03,biloss:0.001,icloss:0.291,loss1:3.772, loss2:5.636, loss3:3.811, ploss:0.000,palign:0.000,total_loss:13.511,fceloss:0.0000
2026-06-11 13:55:08,233 transreid.image_train INFO: Epoch[32] Iteration[40/111] Loss: 14.075, Acc: 0.386,Acc1: 0.782,Acc2: 0.339, Base Lr: 7.14e-03,biloss:0.001,icloss:0.267,loss1:3.917, loss2:5.761, loss3:4.193, ploss:0.000,palign:0.000,total_loss:14.139,fceloss:0.0000
2026-06-11 13:55:14,104 transreid.image_train INFO: Epoch[32] Iteration[60/111] Loss: 13.911, Acc: 0.411,Acc1: 0.779,Acc2: 0.353, Base Lr: 7.14e-03,biloss:0.001,icloss:0.280,loss1:3.682, loss2:5.651, loss3:3.910, ploss:0.000,palign:0.000,total_loss:13.524,fceloss:0.0000
2026-06-11 13:55:18,495 transreid.image_train INFO: Epoch[32] Iteration[80/111] Loss: 13.640, Acc: 0.444,Acc1: 0.787,Acc2: 0.384, Base Lr: 7.14e-03,biloss:0.001,icloss:0.245,loss1:4.094, loss2:5.826, loss3:4.169, ploss:0.000,palign:0.000,total_loss:14.336,fceloss:0.0000
2026-06-11 13:55:23,677 transreid.image_train INFO: Epoch[32] Iteration[100/111] Loss: 13.383, Acc: 0.480,Acc1: 0.799,Acc2: 0.414, Base Lr: 7.14e-03,biloss:0.001,icloss:0.267,loss1:3.075, loss2:5.589, loss3:3.142, ploss:0.000,palign:0.000,total_loss:12.074,fceloss:0.0000
2026-06-11 13:55:26,129 transreid.image_train INFO: Epoch 32 done. Time per batch: 12.643[s] Speed: 2.5[samples/s]
2026-06-11 13:55:39,850 transreid.image_train INFO: Validation Results - Epoch: 32
2026-06-11 13:55:39,850 transreid.image_train INFO: mAP: 63.1%
2026-06-11 13:55:39,850 transreid.image_train INFO: CMC curve, Rank-1  :70.1%
2026-06-11 13:55:39,850 transreid.image_train INFO: CMC curve, Rank-5  :77.0%
2026-06-11 13:55:39,850 transreid.image_train INFO: CMC curve, Rank-10 :80.4%
2026-06-11 13:55:39,851 transreid.image_train INFO: Best mAP: 63.8%
2026-06-11 13:55:39,851 transreid.image_train INFO: Best Rank-1: 71.2%
2026-06-11 13:55:39,851 transreid.image_train INFO: Best Rank-5: 78.1%
2026-06-11 13:55:39,851 transreid.image_train INFO: Best Rank-10: 80.2%
2026-06-11 13:55:45,511 transreid.image_train INFO: Epoch[33] Iteration[20/111] Loss: 14.169, Acc: 0.373,Acc1: 0.755,Acc2: 0.333, Base Lr: 7.08e-03,biloss:0.001,icloss:0.284,loss1:3.914, loss2:5.793, loss3:4.124, ploss:0.000,palign:0.000,total_loss:14.116,fceloss:0.0000
2026-06-11 13:55:50,881 transreid.image_train INFO: Epoch[33] Iteration[40/111] Loss: 13.910, Acc: 0.409,Acc1: 0.795,Acc2: 0.367, Base Lr: 7.08e-03,biloss:0.001,icloss:0.291,loss1:3.677, loss2:5.661, loss3:3.789, ploss:0.000,palign:0.000,total_loss:13.418,fceloss:0.0000
2026-06-11 13:55:56,711 transreid.image_train INFO: Epoch[33] Iteration[60/111] Loss: 13.662, Acc: 0.440,Acc1: 0.800,Acc2: 0.379, Base Lr: 7.08e-03,biloss:0.001,icloss:0.326,loss1:3.137, loss2:5.453, loss3:3.404, ploss:0.000,palign:0.000,total_loss:12.321,fceloss:0.0000
2026-06-11 13:56:01,328 transreid.image_train INFO: Epoch[33] Iteration[80/111] Loss: 13.486, Acc: 0.469,Acc1: 0.800,Acc2: 0.404, Base Lr: 7.08e-03,biloss:0.001,icloss:0.281,loss1:3.647, loss2:5.687, loss3:3.794, ploss:0.000,palign:0.000,total_loss:13.411,fceloss:0.0000
2026-06-11 13:56:06,510 transreid.image_train INFO: Epoch[33] Iteration[100/111] Loss: 13.186, Acc: 0.503,Acc1: 0.818,Acc2: 0.437, Base Lr: 7.08e-03,biloss:0.001,icloss:0.326,loss1:2.127, loss2:5.281, loss3:2.358, ploss:0.000,palign:0.000,total_loss:10.093,fceloss:0.0000
2026-06-11 13:56:09,210 transreid.image_train INFO: Epoch 33 done. Time per batch: 12.920[s] Speed: 2.5[samples/s]
2026-06-11 13:56:22,947 transreid.image_train INFO: Validation Results - Epoch: 33
2026-06-11 13:56:22,948 transreid.image_train INFO: mAP: 62.7%
2026-06-11 13:56:22,948 transreid.image_train INFO: CMC curve, Rank-1  :69.6%
2026-06-11 13:56:22,948 transreid.image_train INFO: CMC curve, Rank-5  :77.0%
2026-06-11 13:56:22,948 transreid.image_train INFO: CMC curve, Rank-10 :80.1%
2026-06-11 13:56:22,948 transreid.image_train INFO: Best mAP: 63.8%
2026-06-11 13:56:22,948 transreid.image_train INFO: Best Rank-1: 71.2%
2026-06-11 13:56:22,948 transreid.image_train INFO: Best Rank-5: 78.1%
2026-06-11 13:56:22,948 transreid.image_train INFO: Best Rank-10: 80.2%
2026-06-11 13:56:28,630 transreid.image_train INFO: Epoch[34] Iteration[20/111] Loss: 13.841, Acc: 0.412,Acc1: 0.752,Acc2: 0.359, Base Lr: 7.03e-03,biloss:0.001,icloss:0.333,loss1:3.084, loss2:5.398, loss3:3.580, ploss:0.000,palign:0.000,total_loss:12.397,fceloss:0.0000
2026-06-11 13:56:34,030 transreid.image_train INFO: Epoch[34] Iteration[40/111] Loss: 13.682, Acc: 0.449,Acc1: 0.774,Acc2: 0.379, Base Lr: 7.03e-03,biloss:0.001,icloss:0.296,loss1:3.232, loss2:5.551, loss3:3.612, ploss:0.000,palign:0.000,total_loss:12.691,fceloss:0.0000
2026-06-11 13:56:39,827 transreid.image_train INFO: Epoch[34] Iteration[60/111] Loss: 13.415, Acc: 0.481,Acc1: 0.797,Acc2: 0.421, Base Lr: 7.03e-03,biloss:0.001,icloss:0.289,loss1:3.701, loss2:5.580, loss3:3.811, ploss:0.000,palign:0.000,total_loss:13.382,fceloss:0.0000
2026-06-11 13:56:43,631 transreid.image_train INFO: Epoch[34] Iteration[80/111] Loss: 13.212, Acc: 0.498,Acc1: 0.800,Acc2: 0.440, Base Lr: 7.03e-03,biloss:0.001,icloss:0.312,loss1:2.934, loss2:5.473, loss3:2.923, ploss:0.000,palign:0.000,total_loss:11.642,fceloss:0.0000
2026-06-11 13:56:48,252 transreid.image_train INFO: Epoch[34] Iteration[100/111] Loss: 12.928, Acc: 0.522,Acc1: 0.819,Acc2: 0.466, Base Lr: 7.03e-03,biloss:0.001,icloss:0.313,loss1:2.777, loss2:5.446, loss3:3.018, ploss:0.000,palign:0.000,total_loss:11.555,fceloss:0.0000
2026-06-11 13:56:50,697 transreid.image_train INFO: Epoch 34 done. Time per batch: 13.419[s] Speed: 2.4[samples/s]
2026-06-11 13:57:04,377 transreid.image_train INFO: Validation Results - Epoch: 34
2026-06-11 13:57:04,377 transreid.image_train INFO: mAP: 64.5%
2026-06-11 13:57:04,377 transreid.image_train INFO: CMC curve, Rank-1  :71.5%
2026-06-11 13:57:04,377 transreid.image_train INFO: CMC curve, Rank-5  :78.1%
2026-06-11 13:57:04,377 transreid.image_train INFO: CMC curve, Rank-10 :80.6%
2026-06-11 13:57:06,288 transreid.image_train INFO: Best mAP: 64.5%
2026-06-11 13:57:06,288 transreid.image_train INFO: Best Rank-1: 71.5%
2026-06-11 13:57:06,288 transreid.image_train INFO: Best Rank-5: 78.1%
2026-06-11 13:57:06,288 transreid.image_train INFO: Best Rank-10: 80.6%
2026-06-11 13:57:12,150 transreid.image_train INFO: Epoch[35] Iteration[20/111] Loss: 13.324, Acc: 0.472,Acc1: 0.822,Acc2: 0.414, Base Lr: 6.97e-03,biloss:0.001,icloss:0.320,loss1:3.538, loss2:5.609, loss3:3.933, ploss:0.000,palign:0.000,total_loss:13.401,fceloss:0.0000
2026-06-11 13:57:16,931 transreid.image_train INFO: Epoch[35] Iteration[40/111] Loss: 13.157, Acc: 0.492,Acc1: 0.842,Acc2: 0.446, Base Lr: 6.97e-03,biloss:0.001,icloss:0.260,loss1:4.027, loss2:5.711, loss3:3.968, ploss:0.000,palign:0.000,total_loss:13.967,fceloss:0.0000
2026-06-11 13:57:22,798 transreid.image_train INFO: Epoch[35] Iteration[60/111] Loss: 12.942, Acc: 0.524,Acc1: 0.856,Acc2: 0.470, Base Lr: 6.97e-03,biloss:0.001,icloss:0.323,loss1:2.892, loss2:5.464, loss3:3.242, ploss:0.000,palign:0.000,total_loss:11.923,fceloss:0.0000
2026-06-11 13:57:27,460 transreid.image_train INFO: Epoch[35] Iteration[80/111] Loss: 12.800, Acc: 0.535,Acc1: 0.845,Acc2: 0.465, Base Lr: 6.97e-03,biloss:0.001,icloss:0.363,loss1:3.098, loss2:5.383, loss3:3.311, ploss:0.000,palign:0.000,total_loss:12.155,fceloss:0.0000
2026-06-11 13:57:32,651 transreid.image_train INFO: Epoch[35] Iteration[100/111] Loss: 12.626, Acc: 0.559,Acc1: 0.847,Acc2: 0.487, Base Lr: 6.97e-03,biloss:0.001,icloss:0.286,loss1:3.637, loss2:5.774, loss3:4.031, ploss:0.000,palign:0.000,total_loss:13.729,fceloss:0.0000
2026-06-11 13:57:35,349 transreid.image_train INFO: Epoch 35 done. Time per batch: 13.703[s] Speed: 2.3[samples/s]
2026-06-11 13:57:49,055 transreid.image_train INFO: Validation Results - Epoch: 35
2026-06-11 13:57:49,055 transreid.image_train INFO: mAP: 63.4%
2026-06-11 13:57:49,055 transreid.image_train INFO: CMC curve, Rank-1  :70.5%
2026-06-11 13:57:49,055 transreid.image_train INFO: CMC curve, Rank-5  :77.8%
2026-06-11 13:57:49,055 transreid.image_train INFO: CMC curve, Rank-10 :80.8%
2026-06-11 13:57:49,055 transreid.image_train INFO: Best mAP: 64.5%
2026-06-11 13:57:49,055 transreid.image_train INFO: Best Rank-1: 71.5%
2026-06-11 13:57:49,055 transreid.image_train INFO: Best Rank-5: 78.1%
2026-06-11 13:57:49,056 transreid.image_train INFO: Best Rank-10: 80.6%
2026-06-11 13:57:55,328 transreid.image_train INFO: Epoch[36] Iteration[20/111] Loss: 13.156, Acc: 0.494,Acc1: 0.827,Acc2: 0.450, Base Lr: 6.92e-03,biloss:0.001,icloss:0.281,loss1:4.070, loss2:5.715, loss3:4.158, ploss:0.000,palign:0.000,total_loss:14.226,fceloss:0.0000
2026-06-11 13:57:59,941 transreid.image_train INFO: Epoch[36] Iteration[40/111] Loss: 13.079, Acc: 0.512,Acc1: 0.851,Acc2: 0.454, Base Lr: 6.92e-03,biloss:0.001,icloss:0.352,loss1:2.825, loss2:5.318, loss3:3.066, ploss:0.000,palign:0.000,total_loss:11.562,fceloss:0.0000
2026-06-11 13:58:05,768 transreid.image_train INFO: Epoch[36] Iteration[60/111] Loss: 13.010, Acc: 0.515,Acc1: 0.848,Acc2: 0.460, Base Lr: 6.92e-03,biloss:0.001,icloss:0.277,loss1:3.812, loss2:5.691, loss3:3.858, ploss:0.000,palign:0.000,total_loss:13.639,fceloss:0.0000
2026-06-11 13:58:10,485 transreid.image_train INFO: Epoch[36] Iteration[80/111] Loss: 12.736, Acc: 0.537,Acc1: 0.852,Acc2: 0.478, Base Lr: 6.92e-03,biloss:0.001,icloss:0.368,loss1:2.305, loss2:5.254, loss3:2.789, ploss:0.000,palign:0.000,total_loss:10.717,fceloss:0.0000
2026-06-11 13:58:14,699 transreid.image_train INFO: Epoch[36] Iteration[100/111] Loss: 12.441, Acc: 0.581,Acc1: 0.858,Acc2: 0.508, Base Lr: 6.92e-03,biloss:0.001,icloss:0.335,loss1:2.525, loss2:5.317, loss3:2.605, ploss:0.000,palign:0.000,total_loss:10.783,fceloss:0.0000
2026-06-11 13:58:17,160 transreid.image_train INFO: Epoch 36 done. Time per batch: 14.212[s] Speed: 2.3[samples/s]
2026-06-11 13:58:30,856 transreid.image_train INFO: Validation Results - Epoch: 36
2026-06-11 13:58:30,856 transreid.image_train INFO: mAP: 64.4%
2026-06-11 13:58:30,856 transreid.image_train INFO: CMC curve, Rank-1  :71.0%
2026-06-11 13:58:30,856 transreid.image_train INFO: CMC curve, Rank-5  :78.8%
2026-06-11 13:58:30,856 transreid.image_train INFO: CMC curve, Rank-10 :81.7%
2026-06-11 13:58:30,856 transreid.image_train INFO: Best mAP: 64.5%
2026-06-11 13:58:30,856 transreid.image_train INFO: Best Rank-1: 71.5%
2026-06-11 13:58:30,856 transreid.image_train INFO: Best Rank-5: 78.1%
2026-06-11 13:58:30,856 transreid.image_train INFO: Best Rank-10: 80.6%
2026-06-11 13:58:37,365 transreid.image_train INFO: Epoch[37] Iteration[20/111] Loss: 13.079, Acc: 0.480,Acc1: 0.845,Acc2: 0.423, Base Lr: 6.86e-03,biloss:0.001,icloss:0.311,loss1:4.092, loss2:5.687, loss3:4.253, ploss:0.000,palign:0.000,total_loss:14.344,fceloss:0.0000
2026-06-11 13:58:41,619 transreid.image_train INFO: Epoch[37] Iteration[40/111] Loss: 12.811, Acc: 0.545,Acc1: 0.848,Acc2: 0.455, Base Lr: 6.86e-03,biloss:0.001,icloss:0.321,loss1:3.104, loss2:5.553, loss3:3.519, ploss:0.000,palign:0.000,total_loss:12.497,fceloss:0.0000
2026-06-11 13:58:47,591 transreid.image_train INFO: Epoch[37] Iteration[60/111] Loss: 12.664, Acc: 0.548,Acc1: 0.868,Acc2: 0.472, Base Lr: 6.86e-03,biloss:0.001,icloss:0.352,loss1:2.888, loss2:5.415, loss3:2.988, ploss:0.000,palign:0.000,total_loss:11.644,fceloss:0.0000
2026-06-11 13:58:53,526 transreid.image_train INFO: Epoch[37] Iteration[80/111] Loss: 12.455, Acc: 0.575,Acc1: 0.873,Acc2: 0.504, Base Lr: 6.86e-03,biloss:0.001,icloss:0.347,loss1:2.913, loss2:5.406, loss3:2.969, ploss:0.000,palign:0.000,total_loss:11.636,fceloss:0.0000
2026-06-11 13:58:57,981 transreid.image_train INFO: Epoch[37] Iteration[100/111] Loss: 12.200, Acc: 0.606,Acc1: 0.878,Acc2: 0.537, Base Lr: 6.86e-03,biloss:0.001,icloss:0.337,loss1:2.658, loss2:5.365, loss3:2.729, ploss:0.000,palign:0.000,total_loss:11.089,fceloss:0.0000
2026-06-11 13:59:00,319 transreid.image_train INFO: Epoch 37 done. Time per batch: 14.608[s] Speed: 2.2[samples/s]
2026-06-11 13:59:14,053 transreid.image_train INFO: Validation Results - Epoch: 37
2026-06-11 13:59:14,053 transreid.image_train INFO: mAP: 64.6%
2026-06-11 13:59:14,053 transreid.image_train INFO: CMC curve, Rank-1  :71.7%
2026-06-11 13:59:14,053 transreid.image_train INFO: CMC curve, Rank-5  :78.1%
2026-06-11 13:59:14,053 transreid.image_train INFO: CMC curve, Rank-10 :80.8%
2026-06-11 13:59:15,806 transreid.image_train INFO: Best mAP: 64.6%
2026-06-11 13:59:15,806 transreid.image_train INFO: Best Rank-1: 71.7%
2026-06-11 13:59:15,806 transreid.image_train INFO: Best Rank-5: 78.1%
2026-06-11 13:59:15,806 transreid.image_train INFO: Best Rank-10: 80.8%
2026-06-11 13:59:22,103 transreid.image_train INFO: Epoch[38] Iteration[20/111] Loss: 12.805, Acc: 0.492,Acc1: 0.870,Acc2: 0.459, Base Lr: 6.80e-03,biloss:0.001,icloss:0.385,loss1:2.426, loss2:5.216, loss3:2.609, ploss:0.000,palign:0.000,total_loss:10.638,fceloss:0.0000
2026-06-11 13:59:26,576 transreid.image_train INFO: Epoch[38] Iteration[40/111] Loss: 12.579, Acc: 0.543,Acc1: 0.859,Acc2: 0.487, Base Lr: 6.80e-03,biloss:0.001,icloss:0.316,loss1:3.449, loss2:5.588, loss3:3.532, ploss:0.000,palign:0.000,total_loss:12.885,fceloss:0.0000
2026-06-11 13:59:32,430 transreid.image_train INFO: Epoch[38] Iteration[60/111] Loss: 12.426, Acc: 0.560,Acc1: 0.870,Acc2: 0.498, Base Lr: 6.80e-03,biloss:0.001,icloss:0.326,loss1:3.179, loss2:5.434, loss3:3.225, ploss:0.000,palign:0.000,total_loss:12.164,fceloss:0.0000
2026-06-11 13:59:37,361 transreid.image_train INFO: Epoch[38] Iteration[80/111] Loss: 12.248, Acc: 0.598,Acc1: 0.877,Acc2: 0.533, Base Lr: 6.80e-03,biloss:0.001,icloss:0.418,loss1:2.062, loss2:5.070, loss3:2.249, ploss:0.000,palign:0.000,total_loss:9.800,fceloss:0.0000
2026-06-11 13:59:42,378 transreid.image_train INFO: Epoch[38] Iteration[100/111] Loss: 11.979, Acc: 0.622,Acc1: 0.888,Acc2: 0.561, Base Lr: 6.80e-03,biloss:0.001,icloss:0.421,loss1:1.926, loss2:4.996, loss3:1.993, ploss:0.000,palign:0.000,total_loss:9.338,fceloss:0.0000
2026-06-11 13:59:44,812 transreid.image_train INFO: Epoch 38 done. Time per batch: 15.016[s] Speed: 2.1[samples/s]
2026-06-11 13:59:58,557 transreid.image_train INFO: Validation Results - Epoch: 38
2026-06-11 13:59:58,557 transreid.image_train INFO: mAP: 65.1%
2026-06-11 13:59:58,557 transreid.image_train INFO: CMC curve, Rank-1  :72.6%
2026-06-11 13:59:58,557 transreid.image_train INFO: CMC curve, Rank-5  :78.3%
2026-06-11 13:59:58,557 transreid.image_train INFO: CMC curve, Rank-10 :81.1%
2026-06-11 14:00:00,331 transreid.image_train INFO: Best mAP: 65.1%
2026-06-11 14:00:00,331 transreid.image_train INFO: Best Rank-1: 72.6%
2026-06-11 14:00:00,332 transreid.image_train INFO: Best Rank-5: 78.3%
2026-06-11 14:00:00,332 transreid.image_train INFO: Best Rank-10: 81.1%
2026-06-11 14:00:06,136 transreid.image_train INFO: Epoch[39] Iteration[20/111] Loss: 12.665, Acc: 0.555,Acc1: 0.881,Acc2: 0.492, Base Lr: 6.74e-03,biloss:0.001,icloss:0.357,loss1:3.141, loss2:5.362, loss3:3.273, ploss:0.000,palign:0.000,total_loss:12.134,fceloss:0.0000
2026-06-11 14:00:12,045 transreid.image_train INFO: Epoch[39] Iteration[40/111] Loss: 12.480, Acc: 0.554,Acc1: 0.883,Acc2: 0.495, Base Lr: 6.74e-03,biloss:0.001,icloss:0.394,loss1:2.515, loss2:5.238, loss3:2.833, ploss:0.000,palign:0.000,total_loss:10.982,fceloss:0.0000
2026-06-11 14:00:17,851 transreid.image_train INFO: Epoch[39] Iteration[60/111] Loss: 12.262, Acc: 0.594,Acc1: 0.890,Acc2: 0.511, Base Lr: 6.74e-03,biloss:0.001,icloss:0.336,loss1:2.889, loss2:5.373, loss3:2.922, ploss:0.000,palign:0.000,total_loss:11.521,fceloss:0.0000
2026-06-11 14:00:22,299 transreid.image_train INFO: Epoch[39] Iteration[80/111] Loss: 12.017, Acc: 0.624,Acc1: 0.893,Acc2: 0.536, Base Lr: 6.74e-03,biloss:0.001,icloss:0.370,loss1:2.862, loss2:5.363, loss3:3.176, ploss:0.000,palign:0.000,total_loss:11.771,fceloss:0.0000
2026-06-11 14:00:27,476 transreid.image_train INFO: Epoch[39] Iteration[100/111] Loss: 11.759, Acc: 0.653,Acc1: 0.900,Acc2: 0.572, Base Lr: 6.74e-03,biloss:0.001,icloss:0.381,loss1:2.123, loss2:5.211, loss3:2.416, ploss:0.000,palign:0.000,total_loss:10.132,fceloss:0.0000
2026-06-11 14:00:29,910 transreid.image_train INFO: Epoch 39 done. Time per batch: 15.430[s] Speed: 2.1[samples/s]
2026-06-11 14:00:43,667 transreid.image_train INFO: Validation Results - Epoch: 39
2026-06-11 14:00:43,668 transreid.image_train INFO: mAP: 65.2%
2026-06-11 14:00:43,668 transreid.image_train INFO: CMC curve, Rank-1  :73.5%
2026-06-11 14:00:43,668 transreid.image_train INFO: CMC curve, Rank-5  :78.1%
2026-06-11 14:00:43,668 transreid.image_train INFO: CMC curve, Rank-10 :80.4%
2026-06-11 14:00:45,515 transreid.image_train INFO: Best mAP: 65.2%
2026-06-11 14:00:45,515 transreid.image_train INFO: Best Rank-1: 73.5%
2026-06-11 14:00:45,515 transreid.image_train INFO: Best Rank-5: 78.1%
2026-06-11 14:00:45,515 transreid.image_train INFO: Best Rank-10: 80.4%
2026-06-11 14:00:51,034 transreid.image_train INFO: Epoch[40] Iteration[20/111] Loss: 12.102, Acc: 0.595,Acc1: 0.887,Acc2: 0.552, Base Lr: 6.68e-03,biloss:0.001,icloss:0.344,loss1:3.165, loss2:5.400, loss3:3.236, ploss:0.000,palign:0.000,total_loss:12.145,fceloss:0.0000
2026-06-11 14:00:56,904 transreid.image_train INFO: Epoch[40] Iteration[40/111] Loss: 12.061, Acc: 0.613,Acc1: 0.898,Acc2: 0.562, Base Lr: 6.68e-03,biloss:0.001,icloss:0.372,loss1:2.707, loss2:5.320, loss3:2.808, ploss:0.000,palign:0.000,total_loss:11.207,fceloss:0.0000
2026-06-11 14:01:01,762 transreid.image_train INFO: Epoch[40] Iteration[60/111] Loss: 12.009, Acc: 0.624,Acc1: 0.899,Acc2: 0.565, Base Lr: 6.68e-03,biloss:0.001,icloss:0.314,loss1:3.471, loss2:5.615, loss3:3.589, ploss:0.000,palign:0.000,total_loss:12.990,fceloss:0.0000
2026-06-11 14:01:06,970 transreid.image_train INFO: Epoch[40] Iteration[80/111] Loss: 11.902, Acc: 0.639,Acc1: 0.900,Acc2: 0.572, Base Lr: 6.68e-03,biloss:0.001,icloss:0.336,loss1:3.081, loss2:5.465, loss3:3.266, ploss:0.000,palign:0.000,total_loss:12.149,fceloss:0.0000
2026-06-11 14:01:12,151 transreid.image_train INFO: Epoch[40] Iteration[100/111] Loss: 11.573, Acc: 0.674,Acc1: 0.912,Acc2: 0.602, Base Lr: 6.68e-03,biloss:0.001,icloss:0.509,loss1:1.781, loss2:4.770, loss3:1.937, ploss:0.000,palign:0.000,total_loss:8.998,fceloss:0.0000
2026-06-11 14:01:14,577 transreid.image_train INFO: Epoch 40 done. Time per batch: 15.840[s] Speed: 2.0[samples/s]
2026-06-11 14:01:26,874 transreid.image_train INFO: Validation Results - Epoch: 40
2026-06-11 14:01:26,874 transreid.image_train INFO: mAP: 65.0%
2026-06-11 14:01:26,874 transreid.image_train INFO: CMC curve, Rank-1  :72.2%
2026-06-11 14:01:26,874 transreid.image_train INFO: CMC curve, Rank-5  :77.9%
2026-06-11 14:01:26,874 transreid.image_train INFO: CMC curve, Rank-10 :80.6%
2026-06-11 14:01:26,874 transreid.image_train INFO: Best mAP: 65.2%
2026-06-11 14:01:26,874 transreid.image_train INFO: Best Rank-1: 73.5%
2026-06-11 14:01:26,874 transreid.image_train INFO: Best Rank-5: 78.1%
2026-06-11 14:01:26,874 transreid.image_train INFO: Best Rank-10: 80.4%
2026-06-11 14:01:31,304 transreid.image_train INFO: Epoch[41] Iteration[20/111] Loss: 12.143, Acc: 0.613,Acc1: 0.908,Acc2: 0.552, Base Lr: 6.62e-03,biloss:0.001,icloss:0.365,loss1:3.230, loss2:5.433, loss3:3.219, ploss:0.000,palign:0.000,total_loss:12.249,fceloss:0.0000
2026-06-11 14:01:34,497 transreid.image_train INFO: Epoch[41] Iteration[40/111] Loss: 12.029, Acc: 0.629,Acc1: 0.894,Acc2: 0.562, Base Lr: 6.62e-03,biloss:0.001,icloss:0.364,loss1:3.011, loss2:5.357, loss3:3.117, ploss:0.000,palign:0.000,total_loss:11.849,fceloss:0.0000
2026-06-11 14:01:37,703 transreid.image_train INFO: Epoch[41] Iteration[60/111] Loss: 11.756, Acc: 0.656,Acc1: 0.909,Acc2: 0.585, Base Lr: 6.62e-03,biloss:0.001,icloss:0.346,loss1:3.166, loss2:5.428, loss3:3.163, ploss:0.000,palign:0.000,total_loss:12.103,fceloss:0.0000
2026-06-11 14:01:40,970 transreid.image_train INFO: Epoch[41] Iteration[80/111] Loss: 11.647, Acc: 0.671,Acc1: 0.913,Acc2: 0.602, Base Lr: 6.62e-03,biloss:0.001,icloss:0.408,loss1:2.570, loss2:5.228, loss3:2.655, ploss:0.000,palign:0.000,total_loss:10.862,fceloss:0.0000
2026-06-11 14:01:44,176 transreid.image_train INFO: Epoch[41] Iteration[100/111] Loss: 11.369, Acc: 0.706,Acc1: 0.916,Acc2: 0.632, Base Lr: 6.62e-03,biloss:0.001,icloss:0.445,loss1:1.727, loss2:4.908, loss3:1.982, ploss:0.000,palign:0.000,total_loss:9.062,fceloss:0.0000
2026-06-11 14:01:45,669 transreid.image_train INFO: Epoch 41 done. Time per batch: 16.125[s] Speed: 2.0[samples/s]
2026-06-11 14:01:56,150 transreid.image_train INFO: Validation Results - Epoch: 41
2026-06-11 14:01:56,150 transreid.image_train INFO: mAP: 64.6%
2026-06-11 14:01:56,150 transreid.image_train INFO: CMC curve, Rank-1  :71.5%
2026-06-11 14:01:56,150 transreid.image_train INFO: CMC curve, Rank-5  :79.0%
2026-06-11 14:01:56,150 transreid.image_train INFO: CMC curve, Rank-10 :81.3%
2026-06-11 14:01:56,150 transreid.image_train INFO: Best mAP: 65.2%
2026-06-11 14:01:56,150 transreid.image_train INFO: Best Rank-1: 73.5%
2026-06-11 14:01:56,150 transreid.image_train INFO: Best Rank-5: 78.1%
2026-06-11 14:01:56,150 transreid.image_train INFO: Best Rank-10: 80.4%
2026-06-11 14:02:02,487 transreid.image_train INFO: Epoch[42] Iteration[20/111] Loss: 11.647, Acc: 0.669,Acc1: 0.923,Acc2: 0.605, Base Lr: 6.55e-03,biloss:0.001,icloss:0.361,loss1:2.860, loss2:5.357, loss3:2.924, ploss:0.000,palign:0.000,total_loss:11.504,fceloss:0.0000
2026-06-11 14:02:07,696 transreid.image_train INFO: Epoch[42] Iteration[40/111] Loss: 11.661, Acc: 0.663,Acc1: 0.910,Acc2: 0.588, Base Lr: 6.55e-03,biloss:0.001,icloss:0.407,loss1:2.621, loss2:5.271, loss3:2.786, ploss:0.000,palign:0.000,total_loss:11.086,fceloss:0.0000
2026-06-11 14:02:12,892 transreid.image_train INFO: Epoch[42] Iteration[60/111] Loss: 11.574, Acc: 0.676,Acc1: 0.920,Acc2: 0.607, Base Lr: 6.55e-03,biloss:0.001,icloss:0.377,loss1:2.898, loss2:5.315, loss3:2.924, ploss:0.000,palign:0.000,total_loss:11.514,fceloss:0.0000
2026-06-11 14:02:18,058 transreid.image_train INFO: Epoch[42] Iteration[80/111] Loss: 11.365, Acc: 0.696,Acc1: 0.924,Acc2: 0.626, Base Lr: 6.55e-03,biloss:0.001,icloss:0.332,loss1:2.900, loss2:5.502, loss3:2.955, ploss:0.000,palign:0.000,total_loss:11.690,fceloss:0.0000
2026-06-11 14:02:22,679 transreid.image_train INFO: Epoch[42] Iteration[100/111] Loss: 11.102, Acc: 0.720,Acc1: 0.930,Acc2: 0.651, Base Lr: 6.55e-03,biloss:0.001,icloss:0.383,loss1:2.254, loss2:5.344, loss3:2.869, ploss:0.000,palign:0.000,total_loss:10.852,fceloss:0.0000
2026-06-11 14:02:24,927 transreid.image_train INFO: Epoch 42 done. Time per batch: 16.485[s] Speed: 1.9[samples/s]
2026-06-11 14:02:38,469 transreid.image_train INFO: Validation Results - Epoch: 42
2026-06-11 14:02:38,469 transreid.image_train INFO: mAP: 65.5%
2026-06-11 14:02:38,470 transreid.image_train INFO: CMC curve, Rank-1  :72.6%
2026-06-11 14:02:38,470 transreid.image_train INFO: CMC curve, Rank-5  :78.6%
2026-06-11 14:02:38,470 transreid.image_train INFO: CMC curve, Rank-10 :80.8%
2026-06-11 14:02:40,229 transreid.image_train INFO: Best mAP: 65.5%
2026-06-11 14:02:40,229 transreid.image_train INFO: Best Rank-1: 72.6%
2026-06-11 14:02:40,229 transreid.image_train INFO: Best Rank-5: 78.6%
2026-06-11 14:02:40,229 transreid.image_train INFO: Best Rank-10: 80.8%
2026-06-11 14:02:46,466 transreid.image_train INFO: Epoch[43] Iteration[20/111] Loss: 11.853, Acc: 0.608,Acc1: 0.892,Acc2: 0.525, Base Lr: 6.49e-03,biloss:0.001,icloss:0.356,loss1:3.460, loss2:5.550, loss3:3.749, ploss:0.000,palign:0.000,total_loss:13.115,fceloss:0.0000
2026-06-11 14:02:51,748 transreid.image_train INFO: Epoch[43] Iteration[40/111] Loss: 11.701, Acc: 0.652,Acc1: 0.907,Acc2: 0.568, Base Lr: 6.49e-03,biloss:0.001,icloss:0.359,loss1:2.810, loss2:5.401, loss3:2.866, ploss:0.000,palign:0.000,total_loss:11.437,fceloss:0.0000
2026-06-11 14:02:56,931 transreid.image_train INFO: Epoch[43] Iteration[60/111] Loss: 11.503, Acc: 0.678,Acc1: 0.917,Acc2: 0.605, Base Lr: 6.49e-03,biloss:0.001,icloss:0.356,loss1:3.238, loss2:5.388, loss3:3.321, ploss:0.000,palign:0.000,total_loss:12.303,fceloss:0.0000
2026-06-11 14:03:02,130 transreid.image_train INFO: Epoch[43] Iteration[80/111] Loss: 11.237, Acc: 0.719,Acc1: 0.929,Acc2: 0.643, Base Lr: 6.49e-03,biloss:0.001,icloss:0.411,loss1:2.513, loss2:5.260, loss3:2.602, ploss:0.000,palign:0.000,total_loss:10.786,fceloss:0.0000
2026-06-11 14:03:06,314 transreid.image_train INFO: Epoch[43] Iteration[100/111] Loss: 10.919, Acc: 0.750,Acc1: 0.933,Acc2: 0.673, Base Lr: 6.49e-03,biloss:0.001,icloss:0.459,loss1:1.587, loss2:4.885, loss3:1.711, ploss:0.000,palign:0.000,total_loss:8.643,fceloss:0.0000
2026-06-11 14:03:09,028 transreid.image_train INFO: Epoch 43 done. Time per batch: 16.890[s] Speed: 1.9[samples/s]
2026-06-11 14:03:21,397 transreid.image_train INFO: Validation Results - Epoch: 43
2026-06-11 14:03:21,397 transreid.image_train INFO: mAP: 64.9%
2026-06-11 14:03:21,397 transreid.image_train INFO: CMC curve, Rank-1  :71.9%
2026-06-11 14:03:21,397 transreid.image_train INFO: CMC curve, Rank-5  :78.5%
2026-06-11 14:03:21,397 transreid.image_train INFO: CMC curve, Rank-10 :80.8%
2026-06-11 14:03:21,397 transreid.image_train INFO: Best mAP: 65.5%
2026-06-11 14:03:21,397 transreid.image_train INFO: Best Rank-1: 72.6%
2026-06-11 14:03:21,397 transreid.image_train INFO: Best Rank-5: 78.6%
2026-06-11 14:03:21,398 transreid.image_train INFO: Best Rank-10: 80.8%
2026-06-11 14:03:27,769 transreid.image_train INFO: Epoch[44] Iteration[20/111] Loss: 11.485, Acc: 0.678,Acc1: 0.909,Acc2: 0.594, Base Lr: 6.42e-03,biloss:0.001,icloss:0.372,loss1:2.950, loss2:5.426, loss3:3.141, ploss:0.000,palign:0.000,total_loss:11.890,fceloss:0.0000
2026-06-11 14:03:32,949 transreid.image_train INFO: Epoch[44] Iteration[40/111] Loss: 11.359, Acc: 0.707,Acc1: 0.926,Acc2: 0.610, Base Lr: 6.42e-03,biloss:0.001,icloss:0.362,loss1:2.828, loss2:5.357, loss3:2.906, ploss:0.000,palign:0.000,total_loss:11.454,fceloss:0.0000
2026-06-11 14:03:38,137 transreid.image_train INFO: Epoch[44] Iteration[60/111] Loss: 11.154, Acc: 0.729,Acc1: 0.938,Acc2: 0.639, Base Lr: 6.42e-03,biloss:0.001,icloss:0.437,loss1:1.868, loss2:5.032, loss3:2.081, ploss:0.000,palign:0.000,total_loss:9.420,fceloss:0.0000
2026-06-11 14:03:43,328 transreid.image_train INFO: Epoch[44] Iteration[80/111] Loss: 10.994, Acc: 0.743,Acc1: 0.940,Acc2: 0.659, Base Lr: 6.42e-03,biloss:0.001,icloss:0.421,loss1:2.278, loss2:5.115, loss3:2.185, ploss:0.000,palign:0.000,total_loss:10.000,fceloss:0.0000
2026-06-11 14:03:48,503 transreid.image_train INFO: Epoch[44] Iteration[100/111] Loss: 10.803, Acc: 0.747,Acc1: 0.937,Acc2: 0.668, Base Lr: 6.42e-03,biloss:0.001,icloss:0.509,loss1:1.350, loss2:4.688, loss3:1.520, ploss:0.000,palign:0.000,total_loss:8.068,fceloss:0.0000
2026-06-11 14:03:50,161 transreid.image_train INFO: Epoch 44 done. Time per batch: 17.267[s] Speed: 1.9[samples/s]
2026-06-11 14:04:04,273 transreid.image_train INFO: Validation Results - Epoch: 44
2026-06-11 14:04:04,273 transreid.image_train INFO: mAP: 65.2%
2026-06-11 14:04:04,273 transreid.image_train INFO: CMC curve, Rank-1  :72.8%
2026-06-11 14:04:04,273 transreid.image_train INFO: CMC curve, Rank-5  :78.8%
2026-06-11 14:04:04,273 transreid.image_train INFO: CMC curve, Rank-10 :81.0%
2026-06-11 14:04:04,273 transreid.image_train INFO: Best mAP: 65.5%
2026-06-11 14:04:04,273 transreid.image_train INFO: Best Rank-1: 72.6%
2026-06-11 14:04:04,273 transreid.image_train INFO: Best Rank-5: 78.6%
2026-06-11 14:04:04,273 transreid.image_train INFO: Best Rank-10: 80.8%
2026-06-11 14:04:09,944 transreid.image_train INFO: Epoch[45] Iteration[20/111] Loss: 11.160, Acc: 0.756,Acc1: 0.948,Acc2: 0.678, Base Lr: 6.35e-03,biloss:0.001,icloss:0.400,loss1:2.313, loss2:5.304, loss3:3.109, ploss:0.000,palign:0.000,total_loss:11.127,fceloss:0.0000
2026-06-11 14:04:15,125 transreid.image_train INFO: Epoch[45] Iteration[40/111] Loss: 11.036, Acc: 0.753,Acc1: 0.948,Acc2: 0.679, Base Lr: 6.35e-03,biloss:0.001,icloss:0.421,loss1:2.518, loss2:5.194, loss3:2.724, ploss:0.000,palign:0.000,total_loss:10.859,fceloss:0.0000
2026-06-11 14:04:20,309 transreid.image_train INFO: Epoch[45] Iteration[60/111] Loss: 10.987, Acc: 0.759,Acc1: 0.946,Acc2: 0.670, Base Lr: 6.35e-03,biloss:0.001,icloss:0.422,loss1:2.248, loss2:5.161, loss3:2.444, ploss:0.000,palign:0.000,total_loss:10.275,fceloss:0.0000
2026-06-11 14:04:25,496 transreid.image_train INFO: Epoch[45] Iteration[80/111] Loss: 10.866, Acc: 0.763,Acc1: 0.940,Acc2: 0.677, Base Lr: 6.35e-03,biloss:0.001,icloss:0.402,loss1:2.751, loss2:5.285, loss3:2.698, ploss:0.000,palign:0.000,total_loss:11.137,fceloss:0.0000
2026-06-11 14:04:30,676 transreid.image_train INFO: Epoch[45] Iteration[100/111] Loss: 10.630, Acc: 0.788,Acc1: 0.944,Acc2: 0.703, Base Lr: 6.35e-03,biloss:0.001,icloss:0.489,loss1:1.848, loss2:4.917, loss3:1.989, ploss:0.000,palign:0.000,total_loss:9.244,fceloss:0.0000
2026-06-11 14:04:33,102 transreid.image_train INFO: Epoch 45 done. Time per batch: 17.661[s] Speed: 1.8[samples/s]
2026-06-11 14:04:47,440 transreid.image_train INFO: Validation Results - Epoch: 45
2026-06-11 14:04:47,440 transreid.image_train INFO: mAP: 65.9%
2026-06-11 14:04:47,440 transreid.image_train INFO: CMC curve, Rank-1  :74.4%
2026-06-11 14:04:47,440 transreid.image_train INFO: CMC curve, Rank-5  :78.5%
2026-06-11 14:04:47,440 transreid.image_train INFO: CMC curve, Rank-10 :81.1%
2026-06-11 14:04:49,333 transreid.image_train INFO: Best mAP: 65.9%
2026-06-11 14:04:49,334 transreid.image_train INFO: Best Rank-1: 74.4%
2026-06-11 14:04:49,334 transreid.image_train INFO: Best Rank-5: 78.5%
2026-06-11 14:04:49,334 transreid.image_train INFO: Best Rank-10: 81.1%
2026-06-11 14:04:55,829 transreid.image_train INFO: Epoch[46] Iteration[20/111] Loss: 10.768, Acc: 0.808,Acc1: 0.964,Acc2: 0.689, Base Lr: 6.29e-03,biloss:0.001,icloss:0.491,loss1:1.599, loss2:4.740, loss3:1.702, ploss:0.000,palign:0.000,total_loss:8.532,fceloss:0.0000
2026-06-11 14:05:01,017 transreid.image_train INFO: Epoch[46] Iteration[40/111] Loss: 10.719, Acc: 0.795,Acc1: 0.955,Acc2: 0.690, Base Lr: 6.29e-03,biloss:0.001,icloss:0.412,loss1:3.178, loss2:5.406, loss3:3.185, ploss:0.000,palign:0.000,total_loss:12.182,fceloss:0.0000
2026-06-11 14:05:06,207 transreid.image_train INFO: Epoch[46] Iteration[60/111] Loss: 10.671, Acc: 0.792,Acc1: 0.946,Acc2: 0.693, Base Lr: 6.29e-03,biloss:0.001,icloss:0.392,loss1:2.588, loss2:5.308, loss3:2.708, ploss:0.000,palign:0.000,total_loss:10.996,fceloss:0.0000
2026-06-11 14:05:11,395 transreid.image_train INFO: Epoch[46] Iteration[80/111] Loss: 10.549, Acc: 0.801,Acc1: 0.948,Acc2: 0.710, Base Lr: 6.29e-03,biloss:0.001,icloss:0.482,loss1:1.886, loss2:4.911, loss3:1.919, ploss:0.000,palign:0.000,total_loss:9.199,fceloss:0.0000
2026-06-11 14:05:16,581 transreid.image_train INFO: Epoch[46] Iteration[100/111] Loss: 10.400, Acc: 0.805,Acc1: 0.950,Acc2: 0.719, Base Lr: 6.29e-03,biloss:0.001,icloss:0.436,loss1:2.154, loss2:5.048, loss3:2.186, ploss:0.000,palign:0.000,total_loss:9.825,fceloss:0.0000
2026-06-11 14:05:18,964 transreid.image_train INFO: Epoch 46 done. Time per batch: 18.082[s] Speed: 1.8[samples/s]
2026-06-11 14:05:34,118 transreid.image_train INFO: Validation Results - Epoch: 46
2026-06-11 14:05:34,119 transreid.image_train INFO: mAP: 65.5%
2026-06-11 14:05:34,119 transreid.image_train INFO: CMC curve, Rank-1  :72.8%
2026-06-11 14:05:34,119 transreid.image_train INFO: CMC curve, Rank-5  :79.0%
2026-06-11 14:05:34,119 transreid.image_train INFO: CMC curve, Rank-10 :80.8%
2026-06-11 14:05:34,119 transreid.image_train INFO: Best mAP: 65.9%
2026-06-11 14:05:34,119 transreid.image_train INFO: Best Rank-1: 74.4%
2026-06-11 14:05:34,119 transreid.image_train INFO: Best Rank-5: 78.5%
2026-06-11 14:05:34,119 transreid.image_train INFO: Best Rank-10: 81.1%
2026-06-11 14:05:40,303 transreid.image_train INFO: Epoch[47] Iteration[20/111] Loss: 10.780, Acc: 0.783,Acc1: 0.966,Acc2: 0.664, Base Lr: 6.22e-03,biloss:0.001,icloss:0.374,loss1:2.737, loss2:5.301, loss3:2.833, ploss:0.000,palign:0.000,total_loss:11.247,fceloss:0.0000
2026-06-11 14:05:45,487 transreid.image_train INFO: Epoch[47] Iteration[40/111] Loss: 10.716, Acc: 0.788,Acc1: 0.956,Acc2: 0.702, Base Lr: 6.22e-03,biloss:0.001,icloss:0.401,loss1:2.843, loss2:5.370, loss3:2.966, ploss:0.000,palign:0.000,total_loss:11.582,fceloss:0.0000
2026-06-11 14:05:50,674 transreid.image_train INFO: Epoch[47] Iteration[60/111] Loss: 10.642, Acc: 0.791,Acc1: 0.952,Acc2: 0.708, Base Lr: 6.22e-03,biloss:0.001,icloss:0.404,loss1:2.329, loss2:5.233, loss3:2.366, ploss:0.000,palign:0.000,total_loss:10.332,fceloss:0.0000
2026-06-11 14:05:55,864 transreid.image_train INFO: Epoch[47] Iteration[80/111] Loss: 10.525, Acc: 0.796,Acc1: 0.949,Acc2: 0.721, Base Lr: 6.22e-03,biloss:0.001,icloss:0.388,loss1:2.518, loss2:5.308, loss3:2.754, ploss:0.000,palign:0.000,total_loss:10.969,fceloss:0.0000
2026-06-11 14:06:01,048 transreid.image_train INFO: Epoch[47] Iteration[100/111] Loss: 10.267, Acc: 0.819,Acc1: 0.954,Acc2: 0.736, Base Lr: 6.22e-03,biloss:0.001,icloss:0.498,loss1:1.922, loss2:4.925, loss3:2.076, ploss:0.000,palign:0.000,total_loss:9.422,fceloss:0.0000
2026-06-11 14:06:03,740 transreid.image_train INFO: Epoch 47 done. Time per batch: 18.325[s] Speed: 1.7[samples/s]
2026-06-11 14:06:18,825 transreid.image_train INFO: Validation Results - Epoch: 47
2026-06-11 14:06:18,825 transreid.image_train INFO: mAP: 65.5%
2026-06-11 14:06:18,826 transreid.image_train INFO: CMC curve, Rank-1  :72.8%
2026-06-11 14:06:18,826 transreid.image_train INFO: CMC curve, Rank-5  :79.4%
2026-06-11 14:06:18,826 transreid.image_train INFO: CMC curve, Rank-10 :81.1%
2026-06-11 14:06:18,826 transreid.image_train INFO: Best mAP: 65.9%
2026-06-11 14:06:18,826 transreid.image_train INFO: Best Rank-1: 74.4%
2026-06-11 14:06:18,826 transreid.image_train INFO: Best Rank-5: 78.5%
2026-06-11 14:06:18,826 transreid.image_train INFO: Best Rank-10: 81.1%
2026-06-11 14:06:25,165 transreid.image_train INFO: Epoch[48] Iteration[20/111] Loss: 10.806, Acc: 0.797,Acc1: 0.953,Acc2: 0.688, Base Lr: 6.15e-03,biloss:0.001,icloss:0.420,loss1:2.549, loss2:5.225, loss3:2.813, ploss:0.000,palign:0.000,total_loss:11.007,fceloss:0.0000
2026-06-11 14:06:30,354 transreid.image_train INFO: Epoch[48] Iteration[40/111] Loss: 10.533, Acc: 0.803,Acc1: 0.955,Acc2: 0.710, Base Lr: 6.15e-03,biloss:0.001,icloss:0.542,loss1:1.695, loss2:4.763, loss3:2.021, ploss:0.000,palign:0.000,total_loss:9.022,fceloss:0.0000
2026-06-11 14:06:35,546 transreid.image_train INFO: Epoch[48] Iteration[60/111] Loss: 10.478, Acc: 0.817,Acc1: 0.959,Acc2: 0.731, Base Lr: 6.15e-03,biloss:0.001,icloss:0.414,loss1:2.503, loss2:5.183, loss3:2.677, ploss:0.000,palign:0.000,total_loss:10.777,fceloss:0.0000
2026-06-11 14:06:40,752 transreid.image_train INFO: Epoch[48] Iteration[80/111] Loss: 10.300, Acc: 0.825,Acc1: 0.961,Acc2: 0.746, Base Lr: 6.15e-03,biloss:0.001,icloss:0.488,loss1:1.625, loss2:4.924, loss3:1.675, ploss:0.000,palign:0.000,total_loss:8.713,fceloss:0.0000
2026-06-11 14:06:45,862 transreid.image_train INFO: Epoch[48] Iteration[100/111] Loss: 10.073, Acc: 0.842,Acc1: 0.964,Acc2: 0.760, Base Lr: 6.15e-03,biloss:0.001,icloss:0.492,loss1:1.609, loss2:4.832, loss3:1.806, ploss:0.000,palign:0.000,total_loss:8.740,fceloss:0.0000
2026-06-11 14:06:48,293 transreid.image_train INFO: Epoch 48 done. Time per batch: 18.901[s] Speed: 1.7[samples/s]
2026-06-11 14:07:03,432 transreid.image_train INFO: Validation Results - Epoch: 48
2026-06-11 14:07:03,432 transreid.image_train INFO: mAP: 66.5%
2026-06-11 14:07:03,432 transreid.image_train INFO: CMC curve, Rank-1  :74.4%
2026-06-11 14:07:03,432 transreid.image_train INFO: CMC curve, Rank-5  :78.6%
2026-06-11 14:07:03,432 transreid.image_train INFO: CMC curve, Rank-10 :81.0%
2026-06-11 14:07:05,211 transreid.image_train INFO: Best mAP: 66.5%
2026-06-11 14:07:05,212 transreid.image_train INFO: Best Rank-1: 74.4%
2026-06-11 14:07:05,212 transreid.image_train INFO: Best Rank-5: 78.6%
2026-06-11 14:07:05,212 transreid.image_train INFO: Best Rank-10: 81.0%
2026-06-11 14:07:11,553 transreid.image_train INFO: Epoch[49] Iteration[20/111] Loss: 10.484, Acc: 0.830,Acc1: 0.964,Acc2: 0.773, Base Lr: 6.08e-03,biloss:0.001,icloss:0.395,loss1:3.013, loss2:5.327, loss3:3.011, ploss:0.000,palign:0.000,total_loss:11.747,fceloss:0.0000
2026-06-11 14:07:16,736 transreid.image_train INFO: Epoch[49] Iteration[40/111] Loss: 10.295, Acc: 0.829,Acc1: 0.958,Acc2: 0.745, Base Lr: 6.08e-03,biloss:0.001,icloss:0.451,loss1:2.008, loss2:5.082, loss3:2.132, ploss:0.000,palign:0.000,total_loss:9.673,fceloss:0.0000
2026-06-11 14:07:22,068 transreid.image_train INFO: Epoch[49] Iteration[60/111] Loss: 10.275, Acc: 0.839,Acc1: 0.966,Acc2: 0.757, Base Lr: 6.08e-03,biloss:0.001,icloss:0.460,loss1:2.054, loss2:5.033, loss3:2.294, ploss:0.000,palign:0.000,total_loss:9.843,fceloss:0.0000
2026-06-11 14:07:27,195 transreid.image_train INFO: Epoch[49] Iteration[80/111] Loss: 10.199, Acc: 0.838,Acc1: 0.961,Acc2: 0.754, Base Lr: 6.08e-03,biloss:0.001,icloss:0.433,loss1:2.054, loss2:5.059, loss3:2.207, ploss:0.000,palign:0.000,total_loss:9.753,fceloss:0.0000
2026-06-11 14:07:32,114 transreid.image_train INFO: Epoch[49] Iteration[100/111] Loss: 9.986, Acc: 0.851,Acc1: 0.963,Acc2: 0.769, Base Lr: 6.08e-03,biloss:0.001,icloss:0.495,loss1:1.788, loss2:4.861, loss3:1.773, ploss:0.000,palign:0.000,total_loss:8.918,fceloss:0.0000
2026-06-11 14:07:33,799 transreid.image_train INFO: Epoch 49 done. Time per batch: 19.319[s] Speed: 1.7[samples/s]
2026-06-11 14:07:47,370 transreid.image_train INFO: Validation Results - Epoch: 49
2026-06-11 14:07:47,370 transreid.image_train INFO: mAP: 65.9%
2026-06-11 14:07:47,370 transreid.image_train INFO: CMC curve, Rank-1  :74.2%
2026-06-11 14:07:47,370 transreid.image_train INFO: CMC curve, Rank-5  :78.5%
2026-06-11 14:07:47,370 transreid.image_train INFO: CMC curve, Rank-10 :80.6%
2026-06-11 14:07:47,370 transreid.image_train INFO: Best mAP: 66.5%
2026-06-11 14:07:47,370 transreid.image_train INFO: Best Rank-1: 74.4%
2026-06-11 14:07:47,370 transreid.image_train INFO: Best Rank-5: 78.6%
2026-06-11 14:07:47,370 transreid.image_train INFO: Best Rank-10: 81.0%
2026-06-11 14:07:53,809 transreid.image_train INFO: Epoch[50] Iteration[20/111] Loss: 10.318, Acc: 0.844,Acc1: 0.978,Acc2: 0.736, Base Lr: 6.00e-03,biloss:0.001,icloss:0.472,loss1:1.601, loss2:4.856, loss3:1.720, ploss:0.000,palign:0.000,total_loss:8.651,fceloss:0.0000
2026-06-11 14:07:58,997 transreid.image_train INFO: Epoch[50] Iteration[40/111] Loss: 10.111, Acc: 0.884,Acc1: 0.984,Acc2: 0.789, Base Lr: 6.00e-03,biloss:0.001,icloss:0.476,loss1:1.793, loss2:4.928, loss3:1.838, ploss:0.000,palign:0.000,total_loss:9.036,fceloss:0.0000
2026-06-11 14:08:04,180 transreid.image_train INFO: Epoch[50] Iteration[60/111] Loss: 10.094, Acc: 0.879,Acc1: 0.976,Acc2: 0.780, Base Lr: 6.00e-03,biloss:0.001,icloss:0.433,loss1:3.237, loss2:5.998, loss3:3.178, ploss:0.000,palign:0.000,total_loss:12.847,fceloss:0.0000
2026-06-11 14:08:09,368 transreid.image_train INFO: Epoch[50] Iteration[80/111] Loss: 9.950, Acc: 0.878,Acc1: 0.973,Acc2: 0.784, Base Lr: 6.00e-03,biloss:0.001,icloss:0.439,loss1:1.862, loss2:5.050, loss3:1.983, ploss:0.000,palign:0.000,total_loss:9.335,fceloss:0.0000
2026-06-11 14:08:14,545 transreid.image_train INFO: Epoch[50] Iteration[100/111] Loss: 9.845, Acc: 0.877,Acc1: 0.969,Acc2: 0.789, Base Lr: 6.00e-03,biloss:0.001,icloss:0.521,loss1:1.484, loss2:4.720, loss3:1.676, ploss:0.000,palign:0.000,total_loss:8.403,fceloss:0.0000
2026-06-11 14:08:16,808 transreid.image_train INFO: Epoch 50 done. Time per batch: 19.713[s] Speed: 1.6[samples/s]
2026-06-11 14:08:31,691 transreid.image_train INFO: Validation Results - Epoch: 50
2026-06-11 14:08:31,691 transreid.image_train INFO: mAP: 66.4%
2026-06-11 14:08:31,691 transreid.image_train INFO: CMC curve, Rank-1  :74.0%
2026-06-11 14:08:31,691 transreid.image_train INFO: CMC curve, Rank-5  :79.2%
2026-06-11 14:08:31,691 transreid.image_train INFO: CMC curve, Rank-10 :81.1%
2026-06-11 14:08:31,691 transreid.image_train INFO: Best mAP: 66.5%
2026-06-11 14:08:31,691 transreid.image_train INFO: Best Rank-1: 74.4%
2026-06-11 14:08:31,691 transreid.image_train INFO: Best Rank-5: 78.6%
2026-06-11 14:08:31,691 transreid.image_train INFO: Best Rank-10: 81.0%
2026-06-11 14:08:37,185 transreid.image_train INFO: Epoch[51] Iteration[20/111] Loss: 10.192, Acc: 0.881,Acc1: 0.981,Acc2: 0.794, Base Lr: 5.93e-03,biloss:0.001,icloss:0.414,loss1:2.745, loss2:5.243, loss3:2.766, ploss:0.000,palign:0.000,total_loss:11.169,fceloss:0.0000
2026-06-11 14:08:42,366 transreid.image_train INFO: Epoch[51] Iteration[40/111] Loss: 10.148, Acc: 0.870,Acc1: 0.980,Acc2: 0.780, Base Lr: 5.93e-03,biloss:0.001,icloss:0.392,loss1:2.664, loss2:5.328, loss3:2.817, ploss:0.000,palign:0.000,total_loss:11.203,fceloss:0.0000
2026-06-11 14:08:47,548 transreid.image_train INFO: Epoch[51] Iteration[60/111] Loss: 9.984, Acc: 0.876,Acc1: 0.977,Acc2: 0.776, Base Lr: 5.93e-03,biloss:0.001,icloss:0.530,loss1:1.614, loss2:4.820, loss3:1.827, ploss:0.000,palign:0.000,total_loss:8.791,fceloss:0.0000
2026-06-11 14:08:52,731 transreid.image_train INFO: Epoch[51] Iteration[80/111] Loss: 9.848, Acc: 0.883,Acc1: 0.975,Acc2: 0.788, Base Lr: 5.93e-03,biloss:0.001,icloss:0.464,loss1:1.831, loss2:5.075, loss3:2.221, ploss:0.000,palign:0.000,total_loss:9.592,fceloss:0.0000
2026-06-11 14:08:57,907 transreid.image_train INFO: Epoch[51] Iteration[100/111] Loss: 9.667, Acc: 0.892,Acc1: 0.975,Acc2: 0.799, Base Lr: 5.93e-03,biloss:0.001,icloss:0.479,loss1:1.687, loss2:4.865, loss3:1.704, ploss:0.000,palign:0.000,total_loss:8.736,fceloss:0.0000
2026-06-11 14:09:00,337 transreid.image_train INFO: Epoch 51 done. Time per batch: 20.113[s] Speed: 1.6[samples/s]
2026-06-11 14:09:14,328 transreid.image_train INFO: Validation Results - Epoch: 51
2026-06-11 14:09:14,328 transreid.image_train INFO: mAP: 66.2%
2026-06-11 14:09:14,328 transreid.image_train INFO: CMC curve, Rank-1  :73.5%
2026-06-11 14:09:14,328 transreid.image_train INFO: CMC curve, Rank-5  :78.6%
2026-06-11 14:09:14,328 transreid.image_train INFO: CMC curve, Rank-10 :81.1%
2026-06-11 14:09:14,328 transreid.image_train INFO: Best mAP: 66.5%
2026-06-11 14:09:14,328 transreid.image_train INFO: Best Rank-1: 74.4%
2026-06-11 14:09:14,328 transreid.image_train INFO: Best Rank-5: 78.6%
2026-06-11 14:09:14,328 transreid.image_train INFO: Best Rank-10: 81.0%
2026-06-11 14:09:20,231 transreid.image_train INFO: Epoch[52] Iteration[20/111] Loss: 10.080, Acc: 0.864,Acc1: 0.984,Acc2: 0.758, Base Lr: 5.86e-03,biloss:0.001,icloss:0.473,loss1:2.238, loss2:4.977, loss3:2.164, ploss:0.000,palign:0.000,total_loss:9.854,fceloss:0.0000
2026-06-11 14:09:25,417 transreid.image_train INFO: Epoch[52] Iteration[40/111] Loss: 9.912, Acc: 0.875,Acc1: 0.974,Acc2: 0.755, Base Lr: 5.86e-03,biloss:0.001,icloss:0.401,loss1:2.733, loss2:5.279, loss3:2.869, ploss:0.000,palign:0.000,total_loss:11.282,fceloss:0.0000
2026-06-11 14:09:30,601 transreid.image_train INFO: Epoch[52] Iteration[60/111] Loss: 9.832, Acc: 0.893,Acc1: 0.972,Acc2: 0.780, Base Lr: 5.86e-03,biloss:0.001,icloss:0.469,loss1:2.128, loss2:5.055, loss3:2.290, ploss:0.000,palign:0.000,total_loss:9.943,fceloss:0.0000
2026-06-11 14:09:35,786 transreid.image_train INFO: Epoch[52] Iteration[80/111] Loss: 9.746, Acc: 0.900,Acc1: 0.971,Acc2: 0.798, Base Lr: 5.86e-03,biloss:0.001,icloss:0.466,loss1:1.905, loss2:4.950, loss3:1.928, ploss:0.000,palign:0.000,total_loss:9.250,fceloss:0.0000
2026-06-11 14:09:40,960 transreid.image_train INFO: Epoch[52] Iteration[100/111] Loss: 9.548, Acc: 0.908,Acc1: 0.974,Acc2: 0.812, Base Lr: 5.86e-03,biloss:0.001,icloss:0.569,loss1:1.355, loss2:4.570, loss3:1.618, ploss:0.000,palign:0.000,total_loss:8.112,fceloss:0.0000
2026-06-11 14:09:43,151 transreid.image_train INFO: Epoch 52 done. Time per batch: 20.696[s] Speed: 1.5[samples/s]
2026-06-11 14:09:57,464 transreid.image_train INFO: Validation Results - Epoch: 52
2026-06-11 14:09:57,465 transreid.image_train INFO: mAP: 66.0%
2026-06-11 14:09:57,465 transreid.image_train INFO: CMC curve, Rank-1  :73.5%
2026-06-11 14:09:57,465 transreid.image_train INFO: CMC curve, Rank-5  :78.5%
2026-06-11 14:09:57,465 transreid.image_train INFO: CMC curve, Rank-10 :81.1%
2026-06-11 14:09:57,465 transreid.image_train INFO: Best mAP: 66.5%
2026-06-11 14:09:57,465 transreid.image_train INFO: Best Rank-1: 74.4%
2026-06-11 14:09:57,465 transreid.image_train INFO: Best Rank-5: 78.6%
2026-06-11 14:09:57,465 transreid.image_train INFO: Best Rank-10: 81.0%
2026-06-11 14:10:02,334 transreid.image_train INFO: Epoch[53] Iteration[20/111] Loss: 9.804, Acc: 0.914,Acc1: 0.980,Acc2: 0.834, Base Lr: 5.78e-03,biloss:0.001,icloss:0.432,loss1:2.286, loss2:5.127, loss3:2.399, ploss:0.000,palign:0.000,total_loss:10.245,fceloss:0.0000
2026-06-11 14:10:07,492 transreid.image_train INFO: Epoch[53] Iteration[40/111] Loss: 9.803, Acc: 0.894,Acc1: 0.973,Acc2: 0.820, Base Lr: 5.78e-03,biloss:0.001,icloss:0.495,loss1:1.912, loss2:4.905, loss3:2.081, ploss:0.000,palign:0.000,total_loss:9.394,fceloss:0.0000
2026-06-11 14:10:12,710 transreid.image_train INFO: Epoch[53] Iteration[60/111] Loss: 9.683, Acc: 0.904,Acc1: 0.976,Acc2: 0.825, Base Lr: 5.78e-03,biloss:0.001,icloss:0.479,loss1:1.782, loss2:4.924, loss3:2.054, ploss:0.000,palign:0.000,total_loss:9.239,fceloss:0.0000
2026-06-11 14:10:17,904 transreid.image_train INFO: Epoch[53] Iteration[80/111] Loss: 9.574, Acc: 0.918,Acc1: 0.977,Acc2: 0.836, Base Lr: 5.78e-03,biloss:0.001,icloss:0.474,loss1:1.625, loss2:4.878, loss3:1.806, ploss:0.000,palign:0.000,total_loss:8.784,fceloss:0.0000
2026-06-11 14:10:23,097 transreid.image_train INFO: Epoch[53] Iteration[100/111] Loss: 9.418, Acc: 0.923,Acc1: 0.978,Acc2: 0.850, Base Lr: 5.78e-03,biloss:0.001,icloss:0.581,loss1:1.263, loss2:4.596, loss3:1.312, ploss:0.000,palign:0.000,total_loss:7.753,fceloss:0.0000
2026-06-11 14:10:25,537 transreid.image_train INFO: Epoch 53 done. Time per batch: 20.894[s] Speed: 1.5[samples/s]
2026-06-11 14:10:38,951 transreid.image_train INFO: Validation Results - Epoch: 53
2026-06-11 14:10:38,951 transreid.image_train INFO: mAP: 65.9%
2026-06-11 14:10:38,951 transreid.image_train INFO: CMC curve, Rank-1  :73.0%
2026-06-11 14:10:38,951 transreid.image_train INFO: CMC curve, Rank-5  :78.5%
2026-06-11 14:10:38,951 transreid.image_train INFO: CMC curve, Rank-10 :81.0%
2026-06-11 14:10:38,951 transreid.image_train INFO: Best mAP: 66.5%
2026-06-11 14:10:38,951 transreid.image_train INFO: Best Rank-1: 74.4%
2026-06-11 14:10:38,951 transreid.image_train INFO: Best Rank-5: 78.6%
2026-06-11 14:10:38,951 transreid.image_train INFO: Best Rank-10: 81.0%
2026-06-11 14:10:44,511 transreid.image_train INFO: Epoch[54] Iteration[20/111] Loss: 9.841, Acc: 0.894,Acc1: 0.972,Acc2: 0.817, Base Lr: 5.71e-03,biloss:0.001,icloss:0.443,loss1:2.127, loss2:5.080, loss3:2.173, ploss:0.000,palign:0.000,total_loss:9.825,fceloss:0.0000
2026-06-11 14:10:48,754 transreid.image_train INFO: Epoch[54] Iteration[40/111] Loss: 9.741, Acc: 0.903,Acc1: 0.976,Acc2: 0.838, Base Lr: 5.71e-03,biloss:0.001,icloss:0.492,loss1:1.827, loss2:4.817, loss3:1.929, ploss:0.000,palign:0.000,total_loss:9.065,fceloss:0.0000
2026-06-11 14:10:53,961 transreid.image_train INFO: Epoch[54] Iteration[60/111] Loss: 9.692, Acc: 0.904,Acc1: 0.978,Acc2: 0.826, Base Lr: 5.71e-03,biloss:0.001,icloss:0.485,loss1:1.719, loss2:4.883, loss3:1.935, ploss:0.000,palign:0.000,total_loss:9.023,fceloss:0.0000
2026-06-11 14:10:59,149 transreid.image_train INFO: Epoch[54] Iteration[80/111] Loss: 9.523, Acc: 0.923,Acc1: 0.980,Acc2: 0.839, Base Lr: 5.71e-03,biloss:0.001,icloss:0.462,loss1:1.582, loss2:4.903, loss3:1.689, ploss:0.000,palign:0.000,total_loss:8.637,fceloss:0.0000
2026-06-11 14:11:04,207 transreid.image_train INFO: Epoch[54] Iteration[100/111] Loss: 9.300, Acc: 0.930,Acc1: 0.979,Acc2: 0.844, Base Lr: 5.71e-03,biloss:0.001,icloss:0.514,loss1:1.337, loss2:4.665, loss3:1.586, ploss:0.000,palign:0.000,total_loss:8.104,fceloss:0.0000
2026-06-11 14:11:06,660 transreid.image_train INFO: Epoch 54 done. Time per batch: 21.272[s] Speed: 1.5[samples/s]
2026-06-11 14:11:19,780 transreid.image_train INFO: Validation Results - Epoch: 54
2026-06-11 14:11:19,780 transreid.image_train INFO: mAP: 65.9%
2026-06-11 14:11:19,780 transreid.image_train INFO: CMC curve, Rank-1  :72.8%
2026-06-11 14:11:19,780 transreid.image_train INFO: CMC curve, Rank-5  :78.6%
2026-06-11 14:11:19,780 transreid.image_train INFO: CMC curve, Rank-10 :81.0%
2026-06-11 14:11:19,780 transreid.image_train INFO: Best mAP: 66.5%
2026-06-11 14:11:19,780 transreid.image_train INFO: Best Rank-1: 74.4%
2026-06-11 14:11:19,780 transreid.image_train INFO: Best Rank-5: 78.6%
2026-06-11 14:11:19,780 transreid.image_train INFO: Best Rank-10: 81.0%
2026-06-11 14:11:26,734 transreid.image_train INFO: Epoch[55] Iteration[20/111] Loss: 9.737, Acc: 0.906,Acc1: 0.986,Acc2: 0.838, Base Lr: 5.63e-03,biloss:0.001,icloss:0.483,loss1:1.529, loss2:4.859, loss3:1.670, ploss:0.000,palign:0.000,total_loss:8.541,fceloss:0.0000
2026-06-11 14:11:30,335 transreid.image_train INFO: Epoch[55] Iteration[40/111] Loss: 9.668, Acc: 0.917,Acc1: 0.982,Acc2: 0.839, Base Lr: 5.63e-03,biloss:0.001,icloss:0.522,loss1:1.529, loss2:4.811, loss3:2.635, ploss:0.000,palign:0.000,total_loss:9.497,fceloss:0.0000
2026-06-11 14:11:35,187 transreid.image_train INFO: Epoch[55] Iteration[60/111] Loss: 9.514, Acc: 0.920,Acc1: 0.980,Acc2: 0.847, Base Lr: 5.63e-03,biloss:0.001,icloss:0.544,loss1:1.736, loss2:4.831, loss3:1.766, ploss:0.000,palign:0.000,total_loss:8.877,fceloss:0.0000
2026-06-11 14:11:40,376 transreid.image_train INFO: Epoch[55] Iteration[80/111] Loss: 9.395, Acc: 0.918,Acc1: 0.978,Acc2: 0.852, Base Lr: 5.63e-03,biloss:0.001,icloss:0.433,loss1:2.393, loss2:5.160, loss3:2.408, ploss:0.000,palign:0.000,total_loss:10.396,fceloss:0.0000
2026-06-11 14:11:45,558 transreid.image_train INFO: Epoch[55] Iteration[100/111] Loss: 9.199, Acc: 0.929,Acc1: 0.982,Acc2: 0.864, Base Lr: 5.63e-03,biloss:0.001,icloss:0.606,loss1:1.375, loss2:4.597, loss3:1.440, ploss:0.000,palign:0.000,total_loss:8.019,fceloss:0.0000
2026-06-11 14:11:47,992 transreid.image_train INFO: Epoch 55 done. Time per batch: 21.651[s] Speed: 1.5[samples/s]
2026-06-11 14:12:01,070 transreid.image_train INFO: Validation Results - Epoch: 55
2026-06-11 14:12:01,071 transreid.image_train INFO: mAP: 66.4%
2026-06-11 14:12:01,071 transreid.image_train INFO: CMC curve, Rank-1  :74.0%
2026-06-11 14:12:01,071 transreid.image_train INFO: CMC curve, Rank-5  :79.2%
2026-06-11 14:12:01,071 transreid.image_train INFO: CMC curve, Rank-10 :80.8%
2026-06-11 14:12:01,071 transreid.image_train INFO: Best mAP: 66.5%
2026-06-11 14:12:01,071 transreid.image_train INFO: Best Rank-1: 74.4%
2026-06-11 14:12:01,071 transreid.image_train INFO: Best Rank-5: 78.6%
2026-06-11 14:12:01,071 transreid.image_train INFO: Best Rank-10: 81.0%
2026-06-11 14:12:07,946 transreid.image_train INFO: Epoch[56] Iteration[20/111] Loss: 9.402, Acc: 0.948,Acc1: 0.981,Acc2: 0.850, Base Lr: 5.55e-03,biloss:0.001,icloss:0.486,loss1:2.332, loss2:5.077, loss3:2.300, ploss:0.000,palign:0.000,total_loss:10.196,fceloss:0.0000
2026-06-11 14:12:13,722 transreid.image_train INFO: Epoch[56] Iteration[40/111] Loss: 9.344, Acc: 0.947,Acc1: 0.983,Acc2: 0.860, Base Lr: 5.55e-03,biloss:0.001,icloss:0.489,loss1:1.641, loss2:4.861, loss3:1.690, ploss:0.000,palign:0.000,total_loss:8.682,fceloss:0.0000
2026-06-11 14:12:17,075 transreid.image_train INFO: Epoch[56] Iteration[60/111] Loss: 9.311, Acc: 0.942,Acc1: 0.983,Acc2: 0.867, Base Lr: 5.55e-03,biloss:0.001,icloss:0.540,loss1:1.341, loss2:4.660, loss3:1.522, ploss:0.000,palign:0.000,total_loss:8.064,fceloss:0.0000
2026-06-11 14:12:22,242 transreid.image_train INFO: Epoch[56] Iteration[80/111] Loss: 9.230, Acc: 0.945,Acc1: 0.983,Acc2: 0.867, Base Lr: 5.55e-03,biloss:0.001,icloss:0.518,loss1:1.457, loss2:4.741, loss3:1.640, ploss:0.000,palign:0.000,total_loss:8.357,fceloss:0.0000
2026-06-11 14:12:27,428 transreid.image_train INFO: Epoch[56] Iteration[100/111] Loss: 9.061, Acc: 0.946,Acc1: 0.983,Acc2: 0.872, Base Lr: 5.55e-03,biloss:0.001,icloss:0.516,loss1:1.351, loss2:4.746, loss3:1.764, ploss:0.000,palign:0.000,total_loss:8.379,fceloss:0.0000
2026-06-11 14:12:29,846 transreid.image_train INFO: Epoch 56 done. Time per batch: 22.035[s] Speed: 1.5[samples/s]
2026-06-11 14:12:43,772 transreid.image_train INFO: Validation Results - Epoch: 56
2026-06-11 14:12:43,772 transreid.image_train INFO: mAP: 66.9%
2026-06-11 14:12:43,772 transreid.image_train INFO: CMC curve, Rank-1  :74.7%
2026-06-11 14:12:43,772 transreid.image_train INFO: CMC curve, Rank-5  :78.8%
2026-06-11 14:12:43,772 transreid.image_train INFO: CMC curve, Rank-10 :80.8%
2026-06-11 14:12:45,668 transreid.image_train INFO: Best mAP: 66.9%
2026-06-11 14:12:45,668 transreid.image_train INFO: Best Rank-1: 74.7%
2026-06-11 14:12:45,668 transreid.image_train INFO: Best Rank-5: 78.8%
2026-06-11 14:12:45,668 transreid.image_train INFO: Best Rank-10: 80.8%
2026-06-11 14:12:52,718 transreid.image_train INFO: Epoch[57] Iteration[20/111] Loss: 9.331, Acc: 0.923,Acc1: 0.983,Acc2: 0.863, Base Lr: 5.48e-03,biloss:0.001,icloss:0.504,loss1:1.727, loss2:4.868, loss3:1.846, ploss:0.000,palign:0.000,total_loss:8.946,fceloss:0.0000
2026-06-11 14:12:58,392 transreid.image_train INFO: Epoch[57] Iteration[40/111] Loss: 9.232, Acc: 0.941,Acc1: 0.984,Acc2: 0.870, Base Lr: 5.48e-03,biloss:0.001,icloss:0.514,loss1:1.630, loss2:4.861, loss3:1.945, ploss:0.000,palign:0.000,total_loss:8.951,fceloss:0.0000
2026-06-11 14:13:01,686 transreid.image_train INFO: Epoch[57] Iteration[60/111] Loss: 9.207, Acc: 0.941,Acc1: 0.985,Acc2: 0.862, Base Lr: 5.48e-03,biloss:0.001,icloss:0.501,loss1:1.665, loss2:4.838, loss3:1.920, ploss:0.000,palign:0.000,total_loss:8.925,fceloss:0.0000
2026-06-11 14:13:06,820 transreid.image_train INFO: Epoch[57] Iteration[80/111] Loss: 9.075, Acc: 0.948,Acc1: 0.986,Acc2: 0.877, Base Lr: 5.48e-03,biloss:0.001,icloss:0.520,loss1:1.685, loss2:4.843, loss3:1.764, ploss:0.000,palign:0.000,total_loss:8.813,fceloss:0.0000
2026-06-11 14:13:12,006 transreid.image_train INFO: Epoch[57] Iteration[100/111] Loss: 8.965, Acc: 0.951,Acc1: 0.985,Acc2: 0.883, Base Lr: 5.48e-03,biloss:0.001,icloss:0.513,loss1:1.230, loss2:4.651, loss3:1.280, ploss:0.000,palign:0.000,total_loss:7.674,fceloss:0.0000
2026-06-11 14:13:14,433 transreid.image_train INFO: Epoch 57 done. Time per batch: 22.444[s] Speed: 1.4[samples/s]
2026-06-11 14:13:28,144 transreid.image_train INFO: Validation Results - Epoch: 57
2026-06-11 14:13:28,144 transreid.image_train INFO: mAP: 66.4%
2026-06-11 14:13:28,144 transreid.image_train INFO: CMC curve, Rank-1  :73.8%
2026-06-11 14:13:28,144 transreid.image_train INFO: CMC curve, Rank-5  :78.8%
2026-06-11 14:13:28,144 transreid.image_train INFO: CMC curve, Rank-10 :81.1%
2026-06-11 14:13:28,144 transreid.image_train INFO: Best mAP: 66.9%
2026-06-11 14:13:28,144 transreid.image_train INFO: Best Rank-1: 74.7%
2026-06-11 14:13:28,144 transreid.image_train INFO: Best Rank-5: 78.8%
2026-06-11 14:13:28,144 transreid.image_train INFO: Best Rank-10: 80.8%
2026-06-11 14:13:33,919 transreid.image_train INFO: Epoch[58] Iteration[20/111] Loss: 9.160, Acc: 0.964,Acc1: 0.991,Acc2: 0.906, Base Lr: 5.40e-03,biloss:0.001,icloss:0.469,loss1:2.056, loss2:5.074, loss3:2.221, ploss:0.000,palign:0.000,total_loss:9.820,fceloss:0.0000
2026-06-11 14:13:39,768 transreid.image_train INFO: Epoch[58] Iteration[40/111] Loss: 9.090, Acc: 0.966,Acc1: 0.991,Acc2: 0.910, Base Lr: 5.40e-03,biloss:0.001,icloss:0.459,loss1:1.800, loss2:4.984, loss3:1.929, ploss:0.000,palign:0.000,total_loss:9.172,fceloss:0.0000
2026-06-11 14:13:44,537 transreid.image_train INFO: Epoch[58] Iteration[60/111] Loss: 9.004, Acc: 0.966,Acc1: 0.990,Acc2: 0.909, Base Lr: 5.40e-03,biloss:0.001,icloss:0.480,loss1:2.180, loss2:5.013, loss3:2.224, ploss:0.000,palign:0.000,total_loss:9.898,fceloss:0.0000
2026-06-11 14:13:49,682 transreid.image_train INFO: Epoch[58] Iteration[80/111] Loss: 8.992, Acc: 0.955,Acc1: 0.984,Acc2: 0.896, Base Lr: 5.40e-03,biloss:0.001,icloss:0.521,loss1:1.334, loss2:4.705, loss3:1.346, ploss:0.000,palign:0.000,total_loss:7.906,fceloss:0.0000
2026-06-11 14:13:54,869 transreid.image_train INFO: Epoch[58] Iteration[100/111] Loss: 8.833, Acc: 0.957,Acc1: 0.984,Acc2: 0.897, Base Lr: 5.40e-03,biloss:0.001,icloss:0.530,loss1:1.655, loss2:4.785, loss3:1.802, ploss:0.000,palign:0.000,total_loss:8.772,fceloss:0.0000
2026-06-11 14:13:57,281 transreid.image_train INFO: Epoch 58 done. Time per batch: 22.837[s] Speed: 1.4[samples/s]
2026-06-11 14:14:10,992 transreid.image_train INFO: Validation Results - Epoch: 58
2026-06-11 14:14:10,993 transreid.image_train INFO: mAP: 66.5%
2026-06-11 14:14:10,993 transreid.image_train INFO: CMC curve, Rank-1  :73.8%
2026-06-11 14:14:10,993 transreid.image_train INFO: CMC curve, Rank-5  :79.0%
2026-06-11 14:14:10,993 transreid.image_train INFO: CMC curve, Rank-10 :81.0%
2026-06-11 14:14:10,993 transreid.image_train INFO: Best mAP: 66.9%
2026-06-11 14:14:10,993 transreid.image_train INFO: Best Rank-1: 74.7%
2026-06-11 14:14:10,993 transreid.image_train INFO: Best Rank-5: 78.8%
2026-06-11 14:14:10,993 transreid.image_train INFO: Best Rank-10: 80.8%
2026-06-11 14:14:16,453 transreid.image_train INFO: Epoch[59] Iteration[20/111] Loss: 9.249, Acc: 0.956,Acc1: 0.992,Acc2: 0.919, Base Lr: 5.32e-03,biloss:0.001,icloss:0.457,loss1:1.824, loss2:5.031, loss3:1.931, ploss:0.000,palign:0.000,total_loss:9.243,fceloss:0.0000
2026-06-11 14:14:22,302 transreid.image_train INFO: Epoch[59] Iteration[40/111] Loss: 9.188, Acc: 0.950,Acc1: 0.988,Acc2: 0.892, Base Lr: 5.32e-03,biloss:0.001,icloss:0.491,loss1:1.507, loss2:4.787, loss3:1.739, ploss:0.000,palign:0.000,total_loss:8.524,fceloss:0.0000
2026-06-11 14:14:27,329 transreid.image_train INFO: Epoch[59] Iteration[60/111] Loss: 9.044, Acc: 0.954,Acc1: 0.983,Acc2: 0.898, Base Lr: 5.32e-03,biloss:0.001,icloss:0.493,loss1:1.849, loss2:4.944, loss3:1.979, ploss:0.000,palign:0.000,total_loss:9.265,fceloss:0.0000
2026-06-11 14:14:32,390 transreid.image_train INFO: Epoch[59] Iteration[80/111] Loss: 8.908, Acc: 0.957,Acc1: 0.981,Acc2: 0.899, Base Lr: 5.32e-03,biloss:0.001,icloss:0.473,loss1:1.815, loss2:5.043, loss3:1.935, ploss:0.000,palign:0.000,total_loss:9.267,fceloss:0.0000
2026-06-11 14:14:37,576 transreid.image_train INFO: Epoch[59] Iteration[100/111] Loss: 8.753, Acc: 0.963,Acc1: 0.984,Acc2: 0.903, Base Lr: 5.32e-03,biloss:0.001,icloss:0.538,loss1:1.481, loss2:4.757, loss3:1.735, ploss:0.000,palign:0.000,total_loss:8.512,fceloss:0.0000
2026-06-11 14:14:39,990 transreid.image_train INFO: Epoch 59 done. Time per batch: 23.229[s] Speed: 1.4[samples/s]
2026-06-11 14:14:53,654 transreid.image_train INFO: Validation Results - Epoch: 59
2026-06-11 14:14:53,654 transreid.image_train INFO: mAP: 66.7%
2026-06-11 14:14:53,654 transreid.image_train INFO: CMC curve, Rank-1  :73.8%
2026-06-11 14:14:53,655 transreid.image_train INFO: CMC curve, Rank-5  :79.2%
2026-06-11 14:14:53,655 transreid.image_train INFO: CMC curve, Rank-10 :81.0%
2026-06-11 14:14:53,655 transreid.image_train INFO: Best mAP: 66.9%
2026-06-11 14:14:53,655 transreid.image_train INFO: Best Rank-1: 74.7%
2026-06-11 14:14:53,655 transreid.image_train INFO: Best Rank-5: 78.8%
2026-06-11 14:14:53,655 transreid.image_train INFO: Best Rank-10: 80.8%
2026-06-11 14:14:59,280 transreid.image_train INFO: Epoch[60] Iteration[20/111] Loss: 8.972, Acc: 0.975,Acc1: 0.997,Acc2: 0.930, Base Lr: 5.24e-03,biloss:0.001,icloss:0.458,loss1:1.698, loss2:4.960, loss3:1.783, ploss:0.000,palign:0.000,total_loss:8.899,fceloss:0.0000
2026-06-11 14:15:05,166 transreid.image_train INFO: Epoch[60] Iteration[40/111] Loss: 8.894, Acc: 0.967,Acc1: 0.989,Acc2: 0.903, Base Lr: 5.24e-03,biloss:0.001,icloss:0.500,loss1:1.571, loss2:4.783, loss3:1.631, ploss:0.000,palign:0.000,total_loss:8.486,fceloss:0.0000
2026-06-11 14:15:10,240 transreid.image_train INFO: Epoch[60] Iteration[60/111] Loss: 8.826, Acc: 0.968,Acc1: 0.991,Acc2: 0.899, Base Lr: 5.24e-03,biloss:0.001,icloss:0.469,loss1:1.705, loss2:4.883, loss3:1.822, ploss:0.000,palign:0.000,total_loss:8.881,fceloss:0.0000
2026-06-11 14:15:14,968 transreid.image_train INFO: Epoch[60] Iteration[80/111] Loss: 8.746, Acc: 0.968,Acc1: 0.990,Acc2: 0.905, Base Lr: 5.24e-03,biloss:0.001,icloss:0.539,loss1:1.269, loss2:4.650, loss3:1.476, ploss:0.000,palign:0.000,total_loss:7.935,fceloss:0.0000
2026-06-11 14:15:20,154 transreid.image_train INFO: Epoch[60] Iteration[100/111] Loss: 8.635, Acc: 0.968,Acc1: 0.988,Acc2: 0.908, Base Lr: 5.24e-03,biloss:0.001,icloss:0.537,loss1:1.503, loss2:4.734, loss3:1.540, ploss:0.000,palign:0.000,total_loss:8.315,fceloss:0.0000
2026-06-11 14:15:22,464 transreid.image_train INFO: Epoch 60 done. Time per batch: 23.619[s] Speed: 1.4[samples/s]
2026-06-11 14:15:36,049 transreid.image_train INFO: Validation Results - Epoch: 60
2026-06-11 14:15:36,049 transreid.image_train INFO: mAP: 66.8%
2026-06-11 14:15:36,049 transreid.image_train INFO: CMC curve, Rank-1  :74.4%
2026-06-11 14:15:36,049 transreid.image_train INFO: CMC curve, Rank-5  :79.0%
2026-06-11 14:15:36,049 transreid.image_train INFO: CMC curve, Rank-10 :80.6%
2026-06-11 14:15:36,049 transreid.image_train INFO: Best mAP: 66.9%
2026-06-11 14:15:36,049 transreid.image_train INFO: Best Rank-1: 74.7%
2026-06-11 14:15:36,049 transreid.image_train INFO: Best Rank-5: 78.8%
2026-06-11 14:15:36,049 transreid.image_train INFO: Best Rank-10: 80.8%
2026-06-11 14:15:41,342 transreid.image_train INFO: Epoch[61] Iteration[20/111] Loss: 9.053, Acc: 0.966,Acc1: 0.984,Acc2: 0.909, Base Lr: 5.16e-03,biloss:0.001,icloss:0.458,loss1:1.875, loss2:5.041, loss3:2.206, ploss:0.000,palign:0.000,total_loss:9.581,fceloss:0.0000
2026-06-11 14:15:47,217 transreid.image_train INFO: Epoch[61] Iteration[40/111] Loss: 8.947, Acc: 0.967,Acc1: 0.986,Acc2: 0.909, Base Lr: 5.16e-03,biloss:0.001,icloss:0.477,loss1:1.573, loss2:4.897, loss3:1.624, ploss:0.000,palign:0.000,total_loss:8.571,fceloss:0.0000
2026-06-11 14:15:53,174 transreid.image_train INFO: Epoch[61] Iteration[60/111] Loss: 8.795, Acc: 0.971,Acc1: 0.986,Acc2: 0.913, Base Lr: 5.16e-03,biloss:0.001,icloss:0.558,loss1:1.231, loss2:4.575, loss3:1.495, ploss:0.000,palign:0.000,total_loss:7.859,fceloss:0.0000
2026-06-11 14:15:56,893 transreid.image_train INFO: Epoch[61] Iteration[80/111] Loss: 8.664, Acc: 0.971,Acc1: 0.985,Acc2: 0.915, Base Lr: 5.16e-03,biloss:0.001,icloss:0.526,loss1:1.353, loss2:4.684, loss3:1.449, ploss:0.000,palign:0.000,total_loss:8.013,fceloss:0.0000
2026-06-11 14:16:02,022 transreid.image_train INFO: Epoch[61] Iteration[100/111] Loss: 8.571, Acc: 0.970,Acc1: 0.985,Acc2: 0.918, Base Lr: 5.16e-03,biloss:0.001,icloss:0.549,loss1:1.442, loss2:4.736, loss3:1.474, ploss:0.000,palign:0.000,total_loss:8.202,fceloss:0.0000
2026-06-11 14:16:04,453 transreid.image_train INFO: Epoch 61 done. Time per batch: 24.004[s] Speed: 1.3[samples/s]
2026-06-11 14:16:18,252 transreid.image_train INFO: Validation Results - Epoch: 61
2026-06-11 14:16:18,252 transreid.image_train INFO: mAP: 67.2%
2026-06-11 14:16:18,252 transreid.image_train INFO: CMC curve, Rank-1  :75.1%
2026-06-11 14:16:18,252 transreid.image_train INFO: CMC curve, Rank-5  :79.2%
2026-06-11 14:16:18,252 transreid.image_train INFO: CMC curve, Rank-10 :81.3%
2026-06-11 14:16:19,191 transreid.image_train INFO: Best mAP: 67.2%
2026-06-11 14:16:19,191 transreid.image_train INFO: Best Rank-1: 75.1%
2026-06-11 14:16:19,191 transreid.image_train INFO: Best Rank-5: 79.2%
2026-06-11 14:16:19,191 transreid.image_train INFO: Best Rank-10: 81.3%
2026-06-11 14:16:24,666 transreid.image_train INFO: Epoch[62] Iteration[20/111] Loss: 8.932, Acc: 0.972,Acc1: 0.981,Acc2: 0.875, Base Lr: 5.08e-03,biloss:0.001,icloss:0.518,loss1:1.403, loss2:4.737, loss3:1.506, ploss:0.000,palign:0.000,total_loss:8.164,fceloss:0.0000
2026-06-11 14:16:30,180 transreid.image_train INFO: Epoch[62] Iteration[40/111] Loss: 8.837, Acc: 0.973,Acc1: 0.986,Acc2: 0.909, Base Lr: 5.08e-03,biloss:0.001,icloss:0.519,loss1:1.464, loss2:4.735, loss3:1.644, ploss:0.000,palign:0.000,total_loss:8.363,fceloss:0.0000
2026-06-11 14:16:36,032 transreid.image_train INFO: Epoch[62] Iteration[60/111] Loss: 8.735, Acc: 0.973,Acc1: 0.990,Acc2: 0.914, Base Lr: 5.08e-03,biloss:0.001,icloss:0.489,loss1:1.674, loss2:4.856, loss3:1.724, ploss:0.000,palign:0.000,total_loss:8.745,fceloss:0.0000
2026-06-11 14:16:40,598 transreid.image_train INFO: Epoch[62] Iteration[80/111] Loss: 8.627, Acc: 0.975,Acc1: 0.987,Acc2: 0.917, Base Lr: 5.08e-03,biloss:0.001,icloss:0.571,loss1:1.200, loss2:4.503, loss3:1.236, ploss:0.000,palign:0.000,total_loss:7.510,fceloss:0.0000
2026-06-11 14:16:45,791 transreid.image_train INFO: Epoch[62] Iteration[100/111] Loss: 8.484, Acc: 0.976,Acc1: 0.987,Acc2: 0.916, Base Lr: 5.08e-03,biloss:0.001,icloss:0.544,loss1:1.186, loss2:4.559, loss3:1.246, ploss:0.000,palign:0.000,total_loss:7.536,fceloss:0.0000
2026-06-11 14:16:48,217 transreid.image_train INFO: Epoch 62 done. Time per batch: 24.405[s] Speed: 1.3[samples/s]
2026-06-11 14:17:01,969 transreid.image_train INFO: Validation Results - Epoch: 62
2026-06-11 14:17:01,969 transreid.image_train INFO: mAP: 66.6%
2026-06-11 14:17:01,969 transreid.image_train INFO: CMC curve, Rank-1  :73.5%
2026-06-11 14:17:01,969 transreid.image_train INFO: CMC curve, Rank-5  :79.2%
2026-06-11 14:17:01,969 transreid.image_train INFO: CMC curve, Rank-10 :81.3%
2026-06-11 14:17:01,969 transreid.image_train INFO: Best mAP: 67.2%
2026-06-11 14:17:01,970 transreid.image_train INFO: Best Rank-1: 75.1%
2026-06-11 14:17:01,970 transreid.image_train INFO: Best Rank-5: 79.2%
2026-06-11 14:17:01,970 transreid.image_train INFO: Best Rank-10: 81.3%
2026-06-11 14:17:07,701 transreid.image_train INFO: Epoch[63] Iteration[20/111] Loss: 8.609, Acc: 0.989,Acc1: 0.992,Acc2: 0.934, Base Lr: 5.00e-03,biloss:0.001,icloss:0.489,loss1:1.561, loss2:4.807, loss3:1.575, ploss:0.000,palign:0.000,total_loss:8.433,fceloss:0.0000
2026-06-11 14:17:13,150 transreid.image_train INFO: Epoch[63] Iteration[40/111] Loss: 8.638, Acc: 0.981,Acc1: 0.985,Acc2: 0.940, Base Lr: 5.00e-03,biloss:0.001,icloss:0.465,loss1:1.635, loss2:4.953, loss3:1.868, ploss:0.000,palign:0.000,total_loss:8.922,fceloss:0.0000
2026-06-11 14:17:19,100 transreid.image_train INFO: Epoch[63] Iteration[60/111] Loss: 8.615, Acc: 0.977,Acc1: 0.985,Acc2: 0.921, Base Lr: 5.00e-03,biloss:0.001,icloss:0.483,loss1:1.305, loss2:4.767, loss3:1.608, ploss:0.000,palign:0.000,total_loss:8.164,fceloss:0.0000
2026-06-11 14:17:23,579 transreid.image_train INFO: Epoch[63] Iteration[80/111] Loss: 8.515, Acc: 0.978,Acc1: 0.987,Acc2: 0.923, Base Lr: 5.00e-03,biloss:0.001,icloss:0.539,loss1:1.639, loss2:4.759, loss3:1.797, ploss:0.000,palign:0.000,total_loss:8.736,fceloss:0.0000
2026-06-11 14:17:28,764 transreid.image_train INFO: Epoch[63] Iteration[100/111] Loss: 8.392, Acc: 0.977,Acc1: 0.986,Acc2: 0.928, Base Lr: 5.00e-03,biloss:0.001,icloss:0.517,loss1:1.299, loss2:4.630, loss3:1.407, ploss:0.000,palign:0.000,total_loss:7.854,fceloss:0.0000
2026-06-11 14:17:31,472 transreid.image_train INFO: Epoch 63 done. Time per batch: 24.577[s] Speed: 1.3[samples/s]
2026-06-11 14:17:45,253 transreid.image_train INFO: Validation Results - Epoch: 63
2026-06-11 14:17:45,254 transreid.image_train INFO: mAP: 66.7%
2026-06-11 14:17:45,254 transreid.image_train INFO: CMC curve, Rank-1  :74.6%
2026-06-11 14:17:45,254 transreid.image_train INFO: CMC curve, Rank-5  :79.2%
2026-06-11 14:17:45,254 transreid.image_train INFO: CMC curve, Rank-10 :81.3%
2026-06-11 14:17:45,254 transreid.image_train INFO: Best mAP: 67.2%
2026-06-11 14:17:45,254 transreid.image_train INFO: Best Rank-1: 75.1%
2026-06-11 14:17:45,254 transreid.image_train INFO: Best Rank-5: 79.2%
2026-06-11 14:17:45,254 transreid.image_train INFO: Best Rank-10: 81.3%
2026-06-11 14:17:50,721 transreid.image_train INFO: Epoch[64] Iteration[20/111] Loss: 8.815, Acc: 0.959,Acc1: 0.963,Acc2: 0.905, Base Lr: 4.92e-03,biloss:0.001,icloss:0.499,loss1:1.598, loss2:4.838, loss3:1.675, ploss:0.000,palign:0.000,total_loss:8.611,fceloss:0.0000
2026-06-11 14:17:56,261 transreid.image_train INFO: Epoch[64] Iteration[40/111] Loss: 8.592, Acc: 0.976,Acc1: 0.978,Acc2: 0.930, Base Lr: 4.92e-03,biloss:0.001,icloss:0.545,loss1:1.414, loss2:4.704, loss3:1.456, ploss:0.000,palign:0.000,total_loss:8.120,fceloss:0.0000
2026-06-11 14:18:02,120 transreid.image_train INFO: Epoch[64] Iteration[60/111] Loss: 8.512, Acc: 0.978,Acc1: 0.983,Acc2: 0.928, Base Lr: 4.92e-03,biloss:0.001,icloss:0.491,loss1:1.648, loss2:4.864, loss3:1.742, ploss:0.000,palign:0.000,total_loss:8.745,fceloss:0.0000
2026-06-11 14:18:05,838 transreid.image_train INFO: Epoch[64] Iteration[80/111] Loss: 8.413, Acc: 0.980,Acc1: 0.986,Acc2: 0.927, Base Lr: 4.92e-03,biloss:0.001,icloss:0.545,loss1:1.413, loss2:4.656, loss3:1.657, ploss:0.000,palign:0.000,total_loss:8.272,fceloss:0.0000
2026-06-11 14:18:10,882 transreid.image_train INFO: Epoch[64] Iteration[100/111] Loss: 8.312, Acc: 0.980,Acc1: 0.986,Acc2: 0.928, Base Lr: 4.92e-03,biloss:0.001,icloss:0.524,loss1:1.410, loss2:4.760, loss3:1.512, ploss:0.000,palign:0.000,total_loss:8.207,fceloss:0.0000
2026-06-11 14:18:13,311 transreid.image_train INFO: Epoch 64 done. Time per batch: 25.186[s] Speed: 1.3[samples/s]
2026-06-11 14:18:27,200 transreid.image_train INFO: Validation Results - Epoch: 64
2026-06-11 14:18:27,200 transreid.image_train INFO: mAP: 66.8%
2026-06-11 14:18:27,200 transreid.image_train INFO: CMC curve, Rank-1  :73.8%
2026-06-11 14:18:27,200 transreid.image_train INFO: CMC curve, Rank-5  :79.4%
2026-06-11 14:18:27,200 transreid.image_train INFO: CMC curve, Rank-10 :81.3%
2026-06-11 14:18:27,200 transreid.image_train INFO: Best mAP: 67.2%
2026-06-11 14:18:27,200 transreid.image_train INFO: Best Rank-1: 75.1%
2026-06-11 14:18:27,200 transreid.image_train INFO: Best Rank-5: 79.2%
2026-06-11 14:18:27,200 transreid.image_train INFO: Best Rank-10: 81.3%
2026-06-11 14:18:33,490 transreid.image_train INFO: Epoch[65] Iteration[20/111] Loss: 8.580, Acc: 0.981,Acc1: 0.992,Acc2: 0.939, Base Lr: 4.84e-03,biloss:0.001,icloss:0.496,loss1:1.401, loss2:4.820, loss3:1.489, ploss:0.000,palign:0.000,total_loss:8.207,fceloss:0.0000
2026-06-11 14:18:37,965 transreid.image_train INFO: Epoch[65] Iteration[40/111] Loss: 8.448, Acc: 0.979,Acc1: 0.988,Acc2: 0.937, Base Lr: 4.84e-03,biloss:0.001,icloss:0.574,loss1:1.093, loss2:4.447, loss3:1.112, ploss:0.000,palign:0.000,total_loss:7.228,fceloss:0.0000
2026-06-11 14:18:43,803 transreid.image_train INFO: Epoch[65] Iteration[60/111] Loss: 8.403, Acc: 0.981,Acc1: 0.990,Acc2: 0.947, Base Lr: 4.84e-03,biloss:0.001,icloss:0.494,loss1:1.522, loss2:4.798, loss3:1.626, ploss:0.000,palign:0.000,total_loss:8.441,fceloss:0.0000
2026-06-11 14:18:48,864 transreid.image_train INFO: Epoch[65] Iteration[80/111] Loss: 8.351, Acc: 0.979,Acc1: 0.986,Acc2: 0.938, Base Lr: 4.84e-03,biloss:0.001,icloss:0.526,loss1:1.296, loss2:4.645, loss3:1.552, ploss:0.000,palign:0.000,total_loss:8.019,fceloss:0.0000
2026-06-11 14:18:53,899 transreid.image_train INFO: Epoch[65] Iteration[100/111] Loss: 8.277, Acc: 0.982,Acc1: 0.987,Acc2: 0.937, Base Lr: 4.84e-03,biloss:0.001,icloss:0.532,loss1:1.092, loss2:4.526, loss3:1.157, ploss:0.000,palign:0.000,total_loss:7.308,fceloss:0.0000
2026-06-11 14:18:56,586 transreid.image_train INFO: Epoch 65 done. Time per batch: 25.350[s] Speed: 1.3[samples/s]
2026-06-11 14:19:10,457 transreid.image_train INFO: Validation Results - Epoch: 65
2026-06-11 14:19:10,457 transreid.image_train INFO: mAP: 66.5%
2026-06-11 14:19:10,457 transreid.image_train INFO: CMC curve, Rank-1  :74.6%
2026-06-11 14:19:10,457 transreid.image_train INFO: CMC curve, Rank-5  :78.6%
2026-06-11 14:19:10,457 transreid.image_train INFO: CMC curve, Rank-10 :81.0%
2026-06-11 14:19:10,458 transreid.image_train INFO: Best mAP: 67.2%
2026-06-11 14:19:10,458 transreid.image_train INFO: Best Rank-1: 75.1%
2026-06-11 14:19:10,458 transreid.image_train INFO: Best Rank-5: 79.2%
2026-06-11 14:19:10,458 transreid.image_train INFO: Best Rank-10: 81.3%
2026-06-11 14:19:17,149 transreid.image_train INFO: Epoch[66] Iteration[20/111] Loss: 8.516, Acc: 0.967,Acc1: 0.969,Acc2: 0.922, Base Lr: 4.76e-03,biloss:0.001,icloss:0.518,loss1:1.346, loss2:4.679, loss3:1.442, ploss:0.000,palign:0.000,total_loss:7.985,fceloss:0.0000
2026-06-11 14:19:21,682 transreid.image_train INFO: Epoch[66] Iteration[40/111] Loss: 8.437, Acc: 0.981,Acc1: 0.984,Acc2: 0.935, Base Lr: 4.76e-03,biloss:0.001,icloss:0.505,loss1:1.472, loss2:4.853, loss3:1.597, ploss:0.000,palign:0.000,total_loss:8.429,fceloss:0.0000
2026-06-11 14:19:27,565 transreid.image_train INFO: Epoch[66] Iteration[60/111] Loss: 8.368, Acc: 0.984,Acc1: 0.986,Acc2: 0.943, Base Lr: 4.76e-03,biloss:0.001,icloss:0.497,loss1:1.475, loss2:4.868, loss3:1.572, ploss:0.000,palign:0.000,total_loss:8.413,fceloss:0.0000
2026-06-11 14:19:32,260 transreid.image_train INFO: Epoch[66] Iteration[80/111] Loss: 8.315, Acc: 0.986,Acc1: 0.989,Acc2: 0.939, Base Lr: 4.76e-03,biloss:0.001,icloss:0.620,loss1:1.120, loss2:4.425, loss3:1.554, ploss:0.000,palign:0.000,total_loss:7.720,fceloss:0.0000
2026-06-11 14:19:37,422 transreid.image_train INFO: Epoch[66] Iteration[100/111] Loss: 8.208, Acc: 0.986,Acc1: 0.989,Acc2: 0.939, Base Lr: 4.76e-03,biloss:0.001,icloss:0.570,loss1:1.137, loss2:4.539, loss3:1.194, ploss:0.000,palign:0.000,total_loss:7.441,fceloss:0.0000
2026-06-11 14:19:39,592 transreid.image_train INFO: Epoch 66 done. Time per batch: 26.218[s] Speed: 1.2[samples/s]
2026-06-11 14:19:53,240 transreid.image_train INFO: Validation Results - Epoch: 66
2026-06-11 14:19:53,241 transreid.image_train INFO: mAP: 66.8%
2026-06-11 14:19:53,241 transreid.image_train INFO: CMC curve, Rank-1  :74.0%
2026-06-11 14:19:53,241 transreid.image_train INFO: CMC curve, Rank-5  :79.0%
2026-06-11 14:19:53,241 transreid.image_train INFO: CMC curve, Rank-10 :81.3%
2026-06-11 14:19:53,241 transreid.image_train INFO: Best mAP: 67.2%
2026-06-11 14:19:53,241 transreid.image_train INFO: Best Rank-1: 75.1%
2026-06-11 14:19:53,241 transreid.image_train INFO: Best Rank-5: 79.2%
2026-06-11 14:19:53,241 transreid.image_train INFO: Best Rank-10: 81.3%
2026-06-11 14:19:59,561 transreid.image_train INFO: Epoch[67] Iteration[20/111] Loss: 8.459, Acc: 0.984,Acc1: 0.978,Acc2: 0.928, Base Lr: 4.67e-03,biloss:0.001,icloss:0.512,loss1:1.577, loss2:4.796, loss3:1.754, ploss:0.000,palign:0.000,total_loss:8.640,fceloss:0.0000
2026-06-11 14:20:03,982 transreid.image_train INFO: Epoch[67] Iteration[40/111] Loss: 8.430, Acc: 0.986,Acc1: 0.983,Acc2: 0.934, Base Lr: 4.67e-03,biloss:0.001,icloss:0.548,loss1:1.333, loss2:4.653, loss3:1.381, ploss:0.000,palign:0.000,total_loss:7.915,fceloss:0.0000
2026-06-11 14:20:09,877 transreid.image_train INFO: Epoch[67] Iteration[60/111] Loss: 8.345, Acc: 0.985,Acc1: 0.984,Acc2: 0.944, Base Lr: 4.67e-03,biloss:0.001,icloss:0.503,loss1:1.463, loss2:4.819, loss3:1.683, ploss:0.000,palign:0.000,total_loss:8.470,fceloss:0.0000
2026-06-11 14:20:15,191 transreid.image_train INFO: Epoch[67] Iteration[80/111] Loss: 8.260, Acc: 0.987,Acc1: 0.987,Acc2: 0.941, Base Lr: 4.67e-03,biloss:0.001,icloss:0.548,loss1:1.174, loss2:4.541, loss3:1.195, ploss:0.000,palign:0.000,total_loss:7.458,fceloss:0.0000
2026-06-11 14:20:19,136 transreid.image_train INFO: Epoch[67] Iteration[100/111] Loss: 8.149, Acc: 0.988,Acc1: 0.989,Acc2: 0.939, Base Lr: 4.67e-03,biloss:0.001,icloss:0.570,loss1:1.098, loss2:4.464, loss3:1.208, ploss:0.000,palign:0.000,total_loss:7.341,fceloss:0.0000
2026-06-11 14:20:21,616 transreid.image_train INFO: Epoch 67 done. Time per batch: 26.363[s] Speed: 1.2[samples/s]
2026-06-11 14:20:35,606 transreid.image_train INFO: Validation Results - Epoch: 67
2026-06-11 14:20:35,606 transreid.image_train INFO: mAP: 67.1%
2026-06-11 14:20:35,606 transreid.image_train INFO: CMC curve, Rank-1  :74.2%
2026-06-11 14:20:35,607 transreid.image_train INFO: CMC curve, Rank-5  :78.8%
2026-06-11 14:20:35,607 transreid.image_train INFO: CMC curve, Rank-10 :80.8%
2026-06-11 14:20:35,607 transreid.image_train INFO: Best mAP: 67.2%
2026-06-11 14:20:35,607 transreid.image_train INFO: Best Rank-1: 75.1%
2026-06-11 14:20:35,607 transreid.image_train INFO: Best Rank-5: 79.2%
2026-06-11 14:20:35,607 transreid.image_train INFO: Best Rank-10: 81.3%
2026-06-11 14:20:41,988 transreid.image_train INFO: Epoch[68] Iteration[20/111] Loss: 8.281, Acc: 0.995,Acc1: 1.000,Acc2: 0.934, Base Lr: 4.59e-03,biloss:0.001,icloss:0.519,loss1:1.381, loss2:4.672, loss3:1.484, ploss:0.000,palign:0.000,total_loss:8.058,fceloss:0.0000
2026-06-11 14:20:46,419 transreid.image_train INFO: Epoch[68] Iteration[40/111] Loss: 8.242, Acc: 0.992,Acc1: 0.993,Acc2: 0.934, Base Lr: 4.59e-03,biloss:0.001,icloss:0.528,loss1:1.549, loss2:4.801, loss3:1.655, ploss:0.000,palign:0.000,total_loss:8.534,fceloss:0.0000
2026-06-11 14:20:51,994 transreid.image_train INFO: Epoch[68] Iteration[60/111] Loss: 8.188, Acc: 0.988,Acc1: 0.988,Acc2: 0.927, Base Lr: 4.59e-03,biloss:0.001,icloss:0.503,loss1:1.460, loss2:4.799, loss3:1.565, ploss:0.000,palign:0.000,total_loss:8.327,fceloss:0.0000
2026-06-11 14:20:57,830 transreid.image_train INFO: Epoch[68] Iteration[80/111] Loss: 8.131, Acc: 0.988,Acc1: 0.989,Acc2: 0.932, Base Lr: 4.59e-03,biloss:0.001,icloss:0.536,loss1:1.237, loss2:4.581, loss3:1.255, ploss:0.000,palign:0.000,total_loss:7.610,fceloss:0.0000
2026-06-11 14:21:02,329 transreid.image_train INFO: Epoch[68] Iteration[100/111] Loss: 8.053, Acc: 0.988,Acc1: 0.989,Acc2: 0.937, Base Lr: 4.59e-03,biloss:0.001,icloss:0.526,loss1:1.202, loss2:4.578, loss3:1.213, ploss:0.000,palign:0.000,total_loss:7.521,fceloss:0.0000
2026-06-11 14:21:04,997 transreid.image_train INFO: Epoch 68 done. Time per batch: 26.518[s] Speed: 1.2[samples/s]
2026-06-11 14:21:18,770 transreid.image_train INFO: Validation Results - Epoch: 68
2026-06-11 14:21:18,770 transreid.image_train INFO: mAP: 66.5%
2026-06-11 14:21:18,770 transreid.image_train INFO: CMC curve, Rank-1  :73.7%
2026-06-11 14:21:18,770 transreid.image_train INFO: CMC curve, Rank-5  :79.0%
2026-06-11 14:21:18,770 transreid.image_train INFO: CMC curve, Rank-10 :81.3%
2026-06-11 14:21:18,770 transreid.image_train INFO: Best mAP: 67.2%
2026-06-11 14:21:18,770 transreid.image_train INFO: Best Rank-1: 75.1%
2026-06-11 14:21:18,770 transreid.image_train INFO: Best Rank-5: 79.2%
2026-06-11 14:21:18,770 transreid.image_train INFO: Best Rank-10: 81.3%
2026-06-11 14:21:25,158 transreid.image_train INFO: Epoch[69] Iteration[20/111] Loss: 8.141, Acc: 0.986,Acc1: 0.992,Acc2: 0.950, Base Lr: 4.51e-03,biloss:0.001,icloss:0.517,loss1:1.272, loss2:4.688, loss3:1.366, ploss:0.000,palign:0.000,total_loss:7.844,fceloss:0.0000
2026-06-11 14:21:29,696 transreid.image_train INFO: Epoch[69] Iteration[40/111] Loss: 8.157, Acc: 0.993,Acc1: 0.995,Acc2: 0.949, Base Lr: 4.51e-03,biloss:0.001,icloss:0.490,loss1:1.568, loss2:4.889, loss3:1.643, ploss:0.000,palign:0.000,total_loss:8.590,fceloss:0.0000
2026-06-11 14:21:35,111 transreid.image_train INFO: Epoch[69] Iteration[60/111] Loss: 8.129, Acc: 0.995,Acc1: 0.997,Acc2: 0.943, Base Lr: 4.51e-03,biloss:0.001,icloss:0.470,loss1:1.489, loss2:4.937, loss3:1.666, ploss:0.000,palign:0.000,total_loss:8.563,fceloss:0.0000
2026-06-11 14:21:40,916 transreid.image_train INFO: Epoch[69] Iteration[80/111] Loss: 8.109, Acc: 0.987,Acc1: 0.988,Acc2: 0.936, Base Lr: 4.51e-03,biloss:0.001,icloss:0.548,loss1:1.125, loss2:4.537, loss3:1.151, ploss:0.000,palign:0.000,total_loss:7.362,fceloss:0.0000
2026-06-11 14:21:45,314 transreid.image_train INFO: Epoch[69] Iteration[100/111] Loss: 8.017, Acc: 0.987,Acc1: 0.988,Acc2: 0.935, Base Lr: 4.51e-03,biloss:0.001,icloss:0.523,loss1:1.108, loss2:4.525, loss3:1.132, ploss:0.000,palign:0.000,total_loss:7.288,fceloss:0.0000
2026-06-11 14:21:47,727 transreid.image_train INFO: Epoch 69 done. Time per batch: 27.153[s] Speed: 1.2[samples/s]
2026-06-11 14:22:01,370 transreid.image_train INFO: Validation Results - Epoch: 69
2026-06-11 14:22:01,370 transreid.image_train INFO: mAP: 67.3%
2026-06-11 14:22:01,370 transreid.image_train INFO: CMC curve, Rank-1  :74.7%
2026-06-11 14:22:01,370 transreid.image_train INFO: CMC curve, Rank-5  :79.2%
2026-06-11 14:22:01,370 transreid.image_train INFO: CMC curve, Rank-10 :81.0%
2026-06-11 14:22:03,071 transreid.image_train INFO: Best mAP: 67.3%
2026-06-11 14:22:03,072 transreid.image_train INFO: Best Rank-1: 74.7%
2026-06-11 14:22:03,072 transreid.image_train INFO: Best Rank-5: 79.2%
2026-06-11 14:22:03,072 transreid.image_train INFO: Best Rank-10: 81.0%
2026-06-11 14:22:09,544 transreid.image_train INFO: Epoch[70] Iteration[20/111] Loss: 8.112, Acc: 0.991,Acc1: 0.994,Acc2: 0.975, Base Lr: 4.43e-03,biloss:0.001,icloss:0.518,loss1:1.399, loss2:4.836, loss3:1.808, ploss:0.000,palign:0.000,total_loss:8.562,fceloss:0.0000
2026-06-11 14:22:13,903 transreid.image_train INFO: Epoch[70] Iteration[40/111] Loss: 8.161, Acc: 0.990,Acc1: 0.990,Acc2: 0.957, Base Lr: 4.43e-03,biloss:0.001,icloss:0.515,loss1:1.474, loss2:4.744, loss3:1.628, ploss:0.000,palign:0.000,total_loss:8.363,fceloss:0.0000
2026-06-11 14:22:19,694 transreid.image_train INFO: Epoch[70] Iteration[60/111] Loss: 8.049, Acc: 0.991,Acc1: 0.991,Acc2: 0.960, Base Lr: 4.43e-03,biloss:0.001,icloss:0.531,loss1:1.275, loss2:4.684, loss3:1.336, ploss:0.000,palign:0.000,total_loss:7.827,fceloss:0.0000
2026-06-11 14:22:25,220 transreid.image_train INFO: Epoch[70] Iteration[80/111] Loss: 8.012, Acc: 0.989,Acc1: 0.990,Acc2: 0.956, Base Lr: 4.43e-03,biloss:0.001,icloss:0.547,loss1:1.194, loss2:4.573, loss3:1.357, ploss:0.000,palign:0.000,total_loss:7.672,fceloss:0.0000
2026-06-11 14:22:29,969 transreid.image_train INFO: Epoch[70] Iteration[100/111] Loss: 7.950, Acc: 0.988,Acc1: 0.989,Acc2: 0.951, Base Lr: 4.43e-03,biloss:0.001,icloss:0.531,loss1:1.469, loss2:4.606, loss3:1.474, ploss:0.000,palign:0.000,total_loss:8.081,fceloss:0.0000
2026-06-11 14:22:32,400 transreid.image_train INFO: Epoch 70 done. Time per batch: 27.563[s] Speed: 1.2[samples/s]
2026-06-11 14:22:46,141 transreid.image_train INFO: Validation Results - Epoch: 70
2026-06-11 14:22:46,142 transreid.image_train INFO: mAP: 67.0%
2026-06-11 14:22:46,142 transreid.image_train INFO: CMC curve, Rank-1  :74.4%
2026-06-11 14:22:46,142 transreid.image_train INFO: CMC curve, Rank-5  :79.4%
2026-06-11 14:22:46,142 transreid.image_train INFO: CMC curve, Rank-10 :81.1%
2026-06-11 14:22:46,142 transreid.image_train INFO: Best mAP: 67.3%
2026-06-11 14:22:46,142 transreid.image_train INFO: Best Rank-1: 74.7%
2026-06-11 14:22:46,142 transreid.image_train INFO: Best Rank-5: 79.2%
2026-06-11 14:22:46,142 transreid.image_train INFO: Best Rank-10: 81.0%
2026-06-11 14:22:52,613 transreid.image_train INFO: Epoch[71] Iteration[20/111] Loss: 8.144, Acc: 0.997,Acc1: 0.997,Acc2: 0.944, Base Lr: 4.34e-03,biloss:0.001,icloss:0.503,loss1:1.400, loss2:4.820, loss3:1.642, ploss:0.000,palign:0.000,total_loss:8.367,fceloss:0.0000
2026-06-11 14:22:56,907 transreid.image_train INFO: Epoch[71] Iteration[40/111] Loss: 8.058, Acc: 0.995,Acc1: 0.995,Acc2: 0.952, Base Lr: 4.34e-03,biloss:0.001,icloss:0.549,loss1:1.228, loss2:4.603, loss3:1.379, ploss:0.000,palign:0.000,total_loss:7.759,fceloss:0.0000
2026-06-11 14:23:02,733 transreid.image_train INFO: Epoch[71] Iteration[60/111] Loss: 8.002, Acc: 0.996,Acc1: 0.996,Acc2: 0.955, Base Lr: 4.34e-03,biloss:0.001,icloss:0.505,loss1:1.296, loss2:4.699, loss3:1.345, ploss:0.000,palign:0.000,total_loss:7.846,fceloss:0.0000
2026-06-11 14:23:08,272 transreid.image_train INFO: Epoch[71] Iteration[80/111] Loss: 7.980, Acc: 0.992,Acc1: 0.991,Acc2: 0.950, Base Lr: 4.34e-03,biloss:0.001,icloss:0.508,loss1:1.448, loss2:4.776, loss3:1.512, ploss:0.000,palign:0.000,total_loss:8.244,fceloss:0.0000
2026-06-11 14:23:13,008 transreid.image_train INFO: Epoch[71] Iteration[100/111] Loss: 7.923, Acc: 0.991,Acc1: 0.991,Acc2: 0.945, Base Lr: 4.34e-03,biloss:0.001,icloss:0.537,loss1:1.168, loss2:4.552, loss3:1.185, ploss:0.000,palign:0.000,total_loss:7.442,fceloss:0.0000
2026-06-11 14:23:15,449 transreid.image_train INFO: Epoch 71 done. Time per batch: 27.958[s] Speed: 1.1[samples/s]
2026-06-11 14:23:29,178 transreid.image_train INFO: Validation Results - Epoch: 71
2026-06-11 14:23:29,178 transreid.image_train INFO: mAP: 66.6%
2026-06-11 14:23:29,178 transreid.image_train INFO: CMC curve, Rank-1  :73.7%
2026-06-11 14:23:29,178 transreid.image_train INFO: CMC curve, Rank-5  :79.2%
2026-06-11 14:23:29,178 transreid.image_train INFO: CMC curve, Rank-10 :81.1%
2026-06-11 14:23:29,178 transreid.image_train INFO: Best mAP: 67.3%
2026-06-11 14:23:29,178 transreid.image_train INFO: Best Rank-1: 74.7%
2026-06-11 14:23:29,178 transreid.image_train INFO: Best Rank-5: 79.2%
2026-06-11 14:23:29,178 transreid.image_train INFO: Best Rank-10: 81.0%
2026-06-11 14:23:35,568 transreid.image_train INFO: Epoch[72] Iteration[20/111] Loss: 8.137, Acc: 0.986,Acc1: 0.988,Acc2: 0.942, Base Lr: 4.26e-03,biloss:0.001,icloss:0.498,loss1:1.673, loss2:4.882, loss3:1.924, ploss:0.000,palign:0.000,total_loss:8.979,fceloss:0.0000
2026-06-11 14:23:39,912 transreid.image_train INFO: Epoch[72] Iteration[40/111] Loss: 8.057, Acc: 0.989,Acc1: 0.989,Acc2: 0.942, Base Lr: 4.26e-03,biloss:0.001,icloss:0.523,loss1:1.235, loss2:4.634, loss3:1.390, ploss:0.000,palign:0.000,total_loss:7.782,fceloss:0.0000
2026-06-11 14:23:45,744 transreid.image_train INFO: Epoch[72] Iteration[60/111] Loss: 7.994, Acc: 0.993,Acc1: 0.993,Acc2: 0.948, Base Lr: 4.26e-03,biloss:0.001,icloss:0.510,loss1:1.290, loss2:4.675, loss3:1.628, ploss:0.000,palign:0.000,total_loss:8.103,fceloss:0.0000
2026-06-11 14:23:51,235 transreid.image_train INFO: Epoch[72] Iteration[80/111] Loss: 7.932, Acc: 0.992,Acc1: 0.993,Acc2: 0.951, Base Lr: 4.26e-03,biloss:0.001,icloss:0.582,loss1:1.114, loss2:4.510, loss3:1.193, ploss:0.000,palign:0.000,total_loss:7.400,fceloss:0.0000
2026-06-11 14:23:54,683 transreid.image_train INFO: Epoch[72] Iteration[100/111] Loss: 7.870, Acc: 0.992,Acc1: 0.992,Acc2: 0.950, Base Lr: 4.26e-03,biloss:0.001,icloss:0.596,loss1:1.157, loss2:4.502, loss3:1.276, ploss:0.000,palign:0.000,total_loss:7.532,fceloss:0.0000
2026-06-11 14:23:57,046 transreid.image_train INFO: Epoch 72 done. Time per batch: 28.340[s] Speed: 1.1[samples/s]
2026-06-11 14:24:10,744 transreid.image_train INFO: Validation Results - Epoch: 72
2026-06-11 14:24:10,744 transreid.image_train INFO: mAP: 66.5%
2026-06-11 14:24:10,744 transreid.image_train INFO: CMC curve, Rank-1  :73.1%
2026-06-11 14:24:10,744 transreid.image_train INFO: CMC curve, Rank-5  :78.8%
2026-06-11 14:24:10,744 transreid.image_train INFO: CMC curve, Rank-10 :80.6%
2026-06-11 14:24:10,744 transreid.image_train INFO: Best mAP: 67.3%
2026-06-11 14:24:10,744 transreid.image_train INFO: Best Rank-1: 74.7%
2026-06-11 14:24:10,744 transreid.image_train INFO: Best Rank-5: 79.2%
2026-06-11 14:24:10,744 transreid.image_train INFO: Best Rank-10: 81.0%
2026-06-11 14:24:17,190 transreid.image_train INFO: Epoch[73] Iteration[20/111] Loss: 8.059, Acc: 0.981,Acc1: 0.988,Acc2: 0.945, Base Lr: 4.18e-03,biloss:0.001,icloss:0.517,loss1:1.270, loss2:4.715, loss3:1.365, ploss:0.000,palign:0.000,total_loss:7.868,fceloss:0.0000
2026-06-11 14:24:22,336 transreid.image_train INFO: Epoch[73] Iteration[40/111] Loss: 8.018, Acc: 0.987,Acc1: 0.986,Acc2: 0.952, Base Lr: 4.18e-03,biloss:0.001,icloss:0.535,loss1:1.334, loss2:4.687, loss3:1.387, ploss:0.000,palign:0.000,total_loss:7.944,fceloss:0.0000
2026-06-11 14:24:26,877 transreid.image_train INFO: Epoch[73] Iteration[60/111] Loss: 7.973, Acc: 0.986,Acc1: 0.986,Acc2: 0.947, Base Lr: 4.18e-03,biloss:0.001,icloss:0.489,loss1:1.641, loss2:4.853, loss3:1.697, ploss:0.000,palign:0.000,total_loss:8.680,fceloss:0.0000
2026-06-11 14:24:32,900 transreid.image_train INFO: Epoch[73] Iteration[80/111] Loss: 7.922, Acc: 0.990,Acc1: 0.990,Acc2: 0.946, Base Lr: 4.18e-03,biloss:0.001,icloss:0.525,loss1:1.312, loss2:4.682, loss3:1.376, ploss:0.000,palign:0.000,total_loss:7.896,fceloss:0.0000
2026-06-11 14:24:37,414 transreid.image_train INFO: Epoch[73] Iteration[100/111] Loss: 7.831, Acc: 0.992,Acc1: 0.992,Acc2: 0.952, Base Lr: 4.18e-03,biloss:0.001,icloss:0.527,loss1:1.186, loss2:4.560, loss3:1.180, ploss:0.000,palign:0.000,total_loss:7.453,fceloss:0.0000
2026-06-11 14:24:39,353 transreid.image_train INFO: Epoch 73 done. Time per batch: 28.728[s] Speed: 1.1[samples/s]
2026-06-11 14:24:53,192 transreid.image_train INFO: Validation Results - Epoch: 73
2026-06-11 14:24:53,193 transreid.image_train INFO: mAP: 67.0%
2026-06-11 14:24:53,193 transreid.image_train INFO: CMC curve, Rank-1  :74.4%
2026-06-11 14:24:53,193 transreid.image_train INFO: CMC curve, Rank-5  :78.8%
2026-06-11 14:24:53,193 transreid.image_train INFO: CMC curve, Rank-10 :81.0%
2026-06-11 14:24:53,193 transreid.image_train INFO: Best mAP: 67.3%
2026-06-11 14:24:53,193 transreid.image_train INFO: Best Rank-1: 74.7%
2026-06-11 14:24:53,193 transreid.image_train INFO: Best Rank-5: 79.2%
2026-06-11 14:24:53,193 transreid.image_train INFO: Best Rank-10: 81.0%
2026-06-11 14:24:59,288 transreid.image_train INFO: Epoch[74] Iteration[20/111] Loss: 7.962, Acc: 0.994,Acc1: 0.994,Acc2: 0.953, Base Lr: 4.09e-03,biloss:0.001,icloss:0.546,loss1:1.200, loss2:4.591, loss3:1.680, ploss:0.000,palign:0.000,total_loss:8.017,fceloss:0.0000
2026-06-11 14:25:04,478 transreid.image_train INFO: Epoch[74] Iteration[40/111] Loss: 7.891, Acc: 0.994,Acc1: 0.994,Acc2: 0.950, Base Lr: 4.09e-03,biloss:0.001,icloss:0.563,loss1:1.300, loss2:4.628, loss3:1.340, ploss:0.000,palign:0.000,total_loss:7.831,fceloss:0.0000
2026-06-11 14:25:08,746 transreid.image_train INFO: Epoch[74] Iteration[60/111] Loss: 7.904, Acc: 0.992,Acc1: 0.992,Acc2: 0.947, Base Lr: 4.09e-03,biloss:0.001,icloss:0.545,loss1:1.292, loss2:4.620, loss3:1.348, ploss:0.000,palign:0.000,total_loss:7.805,fceloss:0.0000
2026-06-11 14:25:14,572 transreid.image_train INFO: Epoch[74] Iteration[80/111] Loss: 7.851, Acc: 0.992,Acc1: 0.992,Acc2: 0.952, Base Lr: 4.09e-03,biloss:0.001,icloss:0.543,loss1:1.175, loss2:4.572, loss3:1.244, ploss:0.000,palign:0.000,total_loss:7.534,fceloss:0.0000
2026-06-11 14:25:20,333 transreid.image_train INFO: Epoch[74] Iteration[100/111] Loss: 7.782, Acc: 0.992,Acc1: 0.991,Acc2: 0.952, Base Lr: 4.09e-03,biloss:0.001,icloss:0.528,loss1:1.160, loss2:4.577, loss3:1.296, ploss:0.000,palign:0.000,total_loss:7.562,fceloss:0.0000
2026-06-11 14:25:21,890 transreid.image_train INFO: Epoch 74 done. Time per batch: 29.118[s] Speed: 1.1[samples/s]
2026-06-11 14:25:35,696 transreid.image_train INFO: Validation Results - Epoch: 74
2026-06-11 14:25:35,697 transreid.image_train INFO: mAP: 67.2%
2026-06-11 14:25:35,697 transreid.image_train INFO: CMC curve, Rank-1  :74.9%
2026-06-11 14:25:35,697 transreid.image_train INFO: CMC curve, Rank-5  :79.7%
2026-06-11 14:25:35,697 transreid.image_train INFO: CMC curve, Rank-10 :81.5%
2026-06-11 14:25:35,697 transreid.image_train INFO: Best mAP: 67.3%
2026-06-11 14:25:35,697 transreid.image_train INFO: Best Rank-1: 74.7%
2026-06-11 14:25:35,697 transreid.image_train INFO: Best Rank-5: 79.2%
2026-06-11 14:25:35,697 transreid.image_train INFO: Best Rank-10: 81.0%
2026-06-11 14:25:42,500 transreid.image_train INFO: Epoch[75] Iteration[20/111] Loss: 7.944, Acc: 0.986,Acc1: 0.981,Acc2: 0.939, Base Lr: 4.01e-03,biloss:0.001,icloss:0.511,loss1:1.241, loss2:4.698, loss3:1.288, ploss:0.000,palign:0.000,total_loss:7.739,fceloss:0.0000
2026-06-11 14:25:47,693 transreid.image_train INFO: Epoch[75] Iteration[40/111] Loss: 7.911, Acc: 0.990,Acc1: 0.985,Acc2: 0.955, Base Lr: 4.01e-03,biloss:0.001,icloss:0.542,loss1:1.181, loss2:4.552, loss3:1.271, ploss:0.000,palign:0.000,total_loss:7.547,fceloss:0.0000
2026-06-11 14:25:51,915 transreid.image_train INFO: Epoch[75] Iteration[60/111] Loss: 7.852, Acc: 0.992,Acc1: 0.988,Acc2: 0.958, Base Lr: 4.01e-03,biloss:0.001,icloss:0.504,loss1:1.225, loss2:4.714, loss3:1.291, ploss:0.000,palign:0.000,total_loss:7.736,fceloss:0.0000
2026-06-11 14:25:57,807 transreid.image_train INFO: Epoch[75] Iteration[80/111] Loss: 7.785, Acc: 0.991,Acc1: 0.988,Acc2: 0.954, Base Lr: 4.01e-03,biloss:0.001,icloss:0.552,loss1:1.176, loss2:4.580, loss3:1.242, ploss:0.000,palign:0.000,total_loss:7.550,fceloss:0.0000
2026-06-11 14:26:03,569 transreid.image_train INFO: Epoch[75] Iteration[100/111] Loss: 7.735, Acc: 0.992,Acc1: 0.989,Acc2: 0.952, Base Lr: 4.01e-03,biloss:0.001,icloss:0.609,loss1:1.070, loss2:4.390, loss3:1.181, ploss:0.000,palign:0.000,total_loss:7.251,fceloss:0.0000
2026-06-11 14:26:05,215 transreid.image_train INFO: Epoch 75 done. Time per batch: 29.515[s] Speed: 1.1[samples/s]
2026-06-11 14:26:19,077 transreid.image_train INFO: Validation Results - Epoch: 75
2026-06-11 14:26:19,077 transreid.image_train INFO: mAP: 67.2%
2026-06-11 14:26:19,077 transreid.image_train INFO: CMC curve, Rank-1  :74.6%
2026-06-11 14:26:19,077 transreid.image_train INFO: CMC curve, Rank-5  :79.0%
2026-06-11 14:26:19,077 transreid.image_train INFO: CMC curve, Rank-10 :81.3%
2026-06-11 14:26:19,077 transreid.image_train INFO: Best mAP: 67.3%
2026-06-11 14:26:19,077 transreid.image_train INFO: Best Rank-1: 74.7%
2026-06-11 14:26:19,077 transreid.image_train INFO: Best Rank-5: 79.2%
2026-06-11 14:26:19,077 transreid.image_train INFO: Best Rank-10: 81.0%
2026-06-11 14:26:25,352 transreid.image_train INFO: Epoch[76] Iteration[20/111] Loss: 7.977, Acc: 0.983,Acc1: 0.981,Acc2: 0.941, Base Lr: 3.92e-03,biloss:0.001,icloss:0.531,loss1:1.190, loss2:4.630, loss3:1.225, ploss:0.000,palign:0.000,total_loss:7.577,fceloss:0.0000
2026-06-11 14:26:30,551 transreid.image_train INFO: Epoch[76] Iteration[40/111] Loss: 7.890, Acc: 0.991,Acc1: 0.991,Acc2: 0.951, Base Lr: 3.92e-03,biloss:0.001,icloss:0.533,loss1:1.269, loss2:4.674, loss3:1.292, ploss:0.000,palign:0.000,total_loss:7.769,fceloss:0.0000
2026-06-11 14:26:34,713 transreid.image_train INFO: Epoch[76] Iteration[60/111] Loss: 7.812, Acc: 0.992,Acc1: 0.992,Acc2: 0.955, Base Lr: 3.92e-03,biloss:0.001,icloss:0.517,loss1:1.313, loss2:4.693, loss3:1.460, ploss:0.000,palign:0.000,total_loss:7.984,fceloss:0.0000
2026-06-11 14:26:40,608 transreid.image_train INFO: Epoch[76] Iteration[80/111] Loss: 7.775, Acc: 0.993,Acc1: 0.992,Acc2: 0.960, Base Lr: 3.92e-03,biloss:0.001,icloss:0.541,loss1:1.096, loss2:4.536, loss3:1.136, ploss:0.000,palign:0.000,total_loss:7.310,fceloss:0.0000
2026-06-11 14:26:46,424 transreid.image_train INFO: Epoch[76] Iteration[100/111] Loss: 7.720, Acc: 0.993,Acc1: 0.992,Acc2: 0.957, Base Lr: 3.92e-03,biloss:0.001,icloss:0.565,loss1:1.091, loss2:4.438, loss3:1.161, ploss:0.000,palign:0.000,total_loss:7.255,fceloss:0.0000
2026-06-11 14:26:48,140 transreid.image_train INFO: Epoch 76 done. Time per batch: 29.909[s] Speed: 1.1[samples/s]
2026-06-11 14:27:01,867 transreid.image_train INFO: Validation Results - Epoch: 76
2026-06-11 14:27:01,867 transreid.image_train INFO: mAP: 67.2%
2026-06-11 14:27:01,867 transreid.image_train INFO: CMC curve, Rank-1  :75.1%
2026-06-11 14:27:01,867 transreid.image_train INFO: CMC curve, Rank-5  :78.8%
2026-06-11 14:27:01,867 transreid.image_train INFO: CMC curve, Rank-10 :81.0%
2026-06-11 14:27:01,867 transreid.image_train INFO: Best mAP: 67.3%
2026-06-11 14:27:01,867 transreid.image_train INFO: Best Rank-1: 74.7%
2026-06-11 14:27:01,867 transreid.image_train INFO: Best Rank-5: 79.2%
2026-06-11 14:27:01,868 transreid.image_train INFO: Best Rank-10: 81.0%
2026-06-11 14:27:08,177 transreid.image_train INFO: Epoch[77] Iteration[20/111] Loss: 7.796, Acc: 0.994,Acc1: 0.992,Acc2: 0.964, Base Lr: 3.84e-03,biloss:0.001,icloss:0.564,loss1:1.312, loss2:4.574, loss3:1.395, ploss:0.000,palign:0.000,total_loss:7.847,fceloss:0.0000
2026-06-11 14:27:13,375 transreid.image_train INFO: Epoch[77] Iteration[40/111] Loss: 7.798, Acc: 0.989,Acc1: 0.987,Acc2: 0.957, Base Lr: 3.84e-03,biloss:0.001,icloss:0.531,loss1:1.244, loss2:4.609, loss3:1.338, ploss:0.000,palign:0.000,total_loss:7.723,fceloss:0.0000
2026-06-11 14:27:17,712 transreid.image_train INFO: Epoch[77] Iteration[60/111] Loss: 7.758, Acc: 0.990,Acc1: 0.984,Acc2: 0.952, Base Lr: 3.84e-03,biloss:0.001,icloss:0.524,loss1:1.153, loss2:4.551, loss3:1.354, ploss:0.000,palign:0.000,total_loss:7.583,fceloss:0.0000
2026-06-11 14:27:23,313 transreid.image_train INFO: Epoch[77] Iteration[80/111] Loss: 7.706, Acc: 0.992,Acc1: 0.988,Acc2: 0.955, Base Lr: 3.84e-03,biloss:0.001,icloss:0.564,loss1:1.115, loss2:4.507, loss3:1.332, ploss:0.000,palign:0.000,total_loss:7.519,fceloss:0.0000
2026-06-11 14:27:29,073 transreid.image_train INFO: Epoch[77] Iteration[100/111] Loss: 7.667, Acc: 0.993,Acc1: 0.989,Acc2: 0.951, Base Lr: 3.84e-03,biloss:0.001,icloss:0.564,loss1:1.201, loss2:4.519, loss3:1.225, ploss:0.000,palign:0.000,total_loss:7.510,fceloss:0.0000
2026-06-11 14:27:31,177 transreid.image_train INFO: Epoch 77 done. Time per batch: 30.304[s] Speed: 1.1[samples/s]
2026-06-11 14:27:44,991 transreid.image_train INFO: Validation Results - Epoch: 77
2026-06-11 14:27:44,992 transreid.image_train INFO: mAP: 67.5%
2026-06-11 14:27:44,992 transreid.image_train INFO: CMC curve, Rank-1  :74.6%
2026-06-11 14:27:44,992 transreid.image_train INFO: CMC curve, Rank-5  :79.7%
2026-06-11 14:27:44,992 transreid.image_train INFO: CMC curve, Rank-10 :81.3%
2026-06-11 14:27:46,713 transreid.image_train INFO: Best mAP: 67.5%
2026-06-11 14:27:46,713 transreid.image_train INFO: Best Rank-1: 74.6%
2026-06-11 14:27:46,713 transreid.image_train INFO: Best Rank-5: 79.7%
2026-06-11 14:27:46,713 transreid.image_train INFO: Best Rank-10: 81.3%
2026-06-11 14:27:53,170 transreid.image_train INFO: Epoch[78] Iteration[20/111] Loss: 7.896, Acc: 0.988,Acc1: 0.988,Acc2: 0.939, Base Lr: 3.76e-03,biloss:0.001,icloss:0.540,loss1:1.159, loss2:4.583, loss3:1.286, ploss:0.000,palign:0.000,total_loss:7.568,fceloss:0.0000
2026-06-11 14:27:58,358 transreid.image_train INFO: Epoch[78] Iteration[40/111] Loss: 7.773, Acc: 0.992,Acc1: 0.992,Acc2: 0.946, Base Lr: 3.76e-03,biloss:0.001,icloss:0.571,loss1:1.299, loss2:4.607, loss3:1.478, ploss:0.000,palign:0.000,total_loss:7.956,fceloss:0.0000
2026-06-11 14:28:02,818 transreid.image_train INFO: Epoch[78] Iteration[60/111] Loss: 7.734, Acc: 0.993,Acc1: 0.991,Acc2: 0.953, Base Lr: 3.76e-03,biloss:0.001,icloss:0.512,loss1:1.177, loss2:4.613, loss3:1.190, ploss:0.000,palign:0.000,total_loss:7.493,fceloss:0.0000
2026-06-11 14:28:08,633 transreid.image_train INFO: Epoch[78] Iteration[80/111] Loss: 7.688, Acc: 0.993,Acc1: 0.991,Acc2: 0.952, Base Lr: 3.76e-03,biloss:0.001,icloss:0.515,loss1:1.201, loss2:4.627, loss3:1.237, ploss:0.000,palign:0.000,total_loss:7.580,fceloss:0.0000
2026-06-11 14:28:13,546 transreid.image_train INFO: Epoch[78] Iteration[100/111] Loss: 7.629, Acc: 0.992,Acc1: 0.990,Acc2: 0.951, Base Lr: 3.76e-03,biloss:0.001,icloss:0.594,loss1:1.053, loss2:4.364, loss3:1.076, ploss:0.000,palign:0.000,total_loss:7.088,fceloss:0.0000
2026-06-11 14:28:15,351 transreid.image_train INFO: Epoch 78 done. Time per batch: 30.994[s] Speed: 1.0[samples/s]
2026-06-11 14:28:29,201 transreid.image_train INFO: Validation Results - Epoch: 78
2026-06-11 14:28:29,201 transreid.image_train INFO: mAP: 67.4%
2026-06-11 14:28:29,201 transreid.image_train INFO: CMC curve, Rank-1  :75.3%
2026-06-11 14:28:29,201 transreid.image_train INFO: CMC curve, Rank-5  :79.4%
2026-06-11 14:28:29,201 transreid.image_train INFO: CMC curve, Rank-10 :81.5%
2026-06-11 14:28:29,201 transreid.image_train INFO: Best mAP: 67.5%
2026-06-11 14:28:29,201 transreid.image_train INFO: Best Rank-1: 74.6%
2026-06-11 14:28:29,201 transreid.image_train INFO: Best Rank-5: 79.7%
2026-06-11 14:28:29,201 transreid.image_train INFO: Best Rank-10: 81.3%
2026-06-11 14:28:35,356 transreid.image_train INFO: Epoch[79] Iteration[20/111] Loss: 7.843, Acc: 0.997,Acc1: 0.997,Acc2: 0.953, Base Lr: 3.67e-03,biloss:0.001,icloss:0.529,loss1:1.285, loss2:4.696, loss3:1.341, ploss:0.000,palign:0.000,total_loss:7.852,fceloss:0.0000
2026-06-11 14:28:40,549 transreid.image_train INFO: Epoch[79] Iteration[40/111] Loss: 7.761, Acc: 0.997,Acc1: 0.996,Acc2: 0.947, Base Lr: 3.67e-03,biloss:0.001,icloss:0.512,loss1:1.303, loss2:4.686, loss3:1.316, ploss:0.000,palign:0.000,total_loss:7.819,fceloss:0.0000
2026-06-11 14:28:44,985 transreid.image_train INFO: Epoch[79] Iteration[60/111] Loss: 7.711, Acc: 0.991,Acc1: 0.990,Acc2: 0.949, Base Lr: 3.67e-03,biloss:0.001,icloss:0.529,loss1:1.187, loss2:4.601, loss3:1.226, ploss:0.000,palign:0.000,total_loss:7.543,fceloss:0.0000
2026-06-11 14:28:50,845 transreid.image_train INFO: Epoch[79] Iteration[80/111] Loss: 7.668, Acc: 0.992,Acc1: 0.991,Acc2: 0.949, Base Lr: 3.67e-03,biloss:0.001,icloss:0.562,loss1:1.071, loss2:4.433, loss3:1.086, ploss:0.000,palign:0.000,total_loss:7.153,fceloss:0.0000
2026-06-11 14:28:56,467 transreid.image_train INFO: Epoch[79] Iteration[100/111] Loss: 7.613, Acc: 0.992,Acc1: 0.992,Acc2: 0.952, Base Lr: 3.67e-03,biloss:0.001,icloss:0.594,loss1:1.079, loss2:4.378, loss3:1.103, ploss:0.000,palign:0.000,total_loss:7.155,fceloss:0.0000
2026-06-11 14:28:58,207 transreid.image_train INFO: Epoch 79 done. Time per batch: 31.102[s] Speed: 1.0[samples/s]
2026-06-11 14:29:11,851 transreid.image_train INFO: Validation Results - Epoch: 79
2026-06-11 14:29:11,851 transreid.image_train INFO: mAP: 67.1%
2026-06-11 14:29:11,851 transreid.image_train INFO: CMC curve, Rank-1  :75.3%
2026-06-11 14:29:11,851 transreid.image_train INFO: CMC curve, Rank-5  :79.4%
2026-06-11 14:29:11,851 transreid.image_train INFO: CMC curve, Rank-10 :81.5%
2026-06-11 14:29:11,851 transreid.image_train INFO: Best mAP: 67.5%
2026-06-11 14:29:11,851 transreid.image_train INFO: Best Rank-1: 74.6%
2026-06-11 14:29:11,851 transreid.image_train INFO: Best Rank-5: 79.7%
2026-06-11 14:29:11,851 transreid.image_train INFO: Best Rank-10: 81.3%
2026-06-11 14:29:18,055 transreid.image_train INFO: Epoch[80] Iteration[20/111] Loss: 7.731, Acc: 1.000,Acc1: 1.000,Acc2: 0.953, Base Lr: 3.59e-03,biloss:0.001,icloss:0.511,loss1:1.246, loss2:4.695, loss3:1.304, ploss:0.000,palign:0.000,total_loss:7.757,fceloss:0.0000
2026-06-11 14:29:23,254 transreid.image_train INFO: Epoch[80] Iteration[40/111] Loss: 7.668, Acc: 0.997,Acc1: 0.997,Acc2: 0.962, Base Lr: 3.59e-03,biloss:0.001,icloss:0.555,loss1:1.244, loss2:4.575, loss3:1.246, ploss:0.000,palign:0.000,total_loss:7.621,fceloss:0.0000
2026-06-11 14:29:27,529 transreid.image_train INFO: Epoch[80] Iteration[60/111] Loss: 7.639, Acc: 0.996,Acc1: 0.996,Acc2: 0.960, Base Lr: 3.59e-03,biloss:0.001,icloss:0.519,loss1:1.130, loss2:4.575, loss3:1.146, ploss:0.000,palign:0.000,total_loss:7.372,fceloss:0.0000
2026-06-11 14:29:33,387 transreid.image_train INFO: Epoch[80] Iteration[80/111] Loss: 7.614, Acc: 0.995,Acc1: 0.995,Acc2: 0.956, Base Lr: 3.59e-03,biloss:0.001,icloss:0.518,loss1:1.155, loss2:4.572, loss3:1.257, ploss:0.000,palign:0.000,total_loss:7.503,fceloss:0.0000
2026-06-11 14:29:39,296 transreid.image_train INFO: Epoch[80] Iteration[100/111] Loss: 7.579, Acc: 0.992,Acc1: 0.992,Acc2: 0.951, Base Lr: 3.59e-03,biloss:0.001,icloss:0.540,loss1:1.150, loss2:4.529, loss3:1.391, ploss:0.000,palign:0.000,total_loss:7.611,fceloss:0.0000
2026-06-11 14:29:40,831 transreid.image_train INFO: Epoch 80 done. Time per batch: 31.494[s] Speed: 1.0[samples/s]
2026-06-11 14:29:54,485 transreid.image_train INFO: Validation Results - Epoch: 80
2026-06-11 14:29:54,486 transreid.image_train INFO: mAP: 67.5%
2026-06-11 14:29:54,486 transreid.image_train INFO: CMC curve, Rank-1  :75.6%
2026-06-11 14:29:54,486 transreid.image_train INFO: CMC curve, Rank-5  :78.8%
2026-06-11 14:29:54,486 transreid.image_train INFO: CMC curve, Rank-10 :81.3%
2026-06-11 14:29:54,486 transreid.image_train INFO: Best mAP: 67.5%
2026-06-11 14:29:54,486 transreid.image_train INFO: Best Rank-1: 74.6%
2026-06-11 14:29:54,486 transreid.image_train INFO: Best Rank-5: 79.7%
2026-06-11 14:29:54,486 transreid.image_train INFO: Best Rank-10: 81.3%
2026-06-11 14:30:00,689 transreid.image_train INFO: Epoch[81] Iteration[20/111] Loss: 7.701, Acc: 0.994,Acc1: 0.989,Acc2: 0.955, Base Lr: 3.51e-03,biloss:0.001,icloss:0.540,loss1:1.176, loss2:4.622, loss3:1.364, ploss:0.000,palign:0.000,total_loss:7.703,fceloss:0.0000
2026-06-11 14:30:05,894 transreid.image_train INFO: Epoch[81] Iteration[40/111] Loss: 7.639, Acc: 0.997,Acc1: 0.995,Acc2: 0.967, Base Lr: 3.51e-03,biloss:0.001,icloss:0.499,loss1:1.154, loss2:4.600, loss3:1.168, ploss:0.000,palign:0.000,total_loss:7.422,fceloss:0.0000
2026-06-11 14:30:11,089 transreid.image_train INFO: Epoch[81] Iteration[60/111] Loss: 7.603, Acc: 0.996,Acc1: 0.994,Acc2: 0.967, Base Lr: 3.51e-03,biloss:0.001,icloss:0.553,loss1:1.179, loss2:4.543, loss3:1.215, ploss:0.000,palign:0.000,total_loss:7.490,fceloss:0.0000
2026-06-11 14:30:15,476 transreid.image_train INFO: Epoch[81] Iteration[80/111] Loss: 7.574, Acc: 0.990,Acc1: 0.989,Acc2: 0.959, Base Lr: 3.51e-03,biloss:0.001,icloss:0.556,loss1:1.267, loss2:4.632, loss3:1.306, ploss:0.000,palign:0.000,total_loss:7.763,fceloss:0.0000
2026-06-11 14:30:21,354 transreid.image_train INFO: Epoch[81] Iteration[100/111] Loss: 7.543, Acc: 0.991,Acc1: 0.990,Acc2: 0.955, Base Lr: 3.51e-03,biloss:0.001,icloss:0.548,loss1:1.088, loss2:4.468, loss3:1.245, ploss:0.000,palign:0.000,total_loss:7.350,fceloss:0.0000
2026-06-11 14:30:24,037 transreid.image_train INFO: Epoch 81 done. Time per batch: 31.890[s] Speed: 1.0[samples/s]
2026-06-11 14:30:37,685 transreid.image_train INFO: Validation Results - Epoch: 81
2026-06-11 14:30:37,685 transreid.image_train INFO: mAP: 67.2%
2026-06-11 14:30:37,685 transreid.image_train INFO: CMC curve, Rank-1  :75.1%
2026-06-11 14:30:37,685 transreid.image_train INFO: CMC curve, Rank-5  :78.8%
2026-06-11 14:30:37,685 transreid.image_train INFO: CMC curve, Rank-10 :81.1%
2026-06-11 14:30:37,685 transreid.image_train INFO: Best mAP: 67.5%
2026-06-11 14:30:37,685 transreid.image_train INFO: Best Rank-1: 74.6%
2026-06-11 14:30:37,685 transreid.image_train INFO: Best Rank-5: 79.7%
2026-06-11 14:30:37,685 transreid.image_train INFO: Best Rank-10: 81.3%
2026-06-11 14:30:44,076 transreid.image_train INFO: Epoch[82] Iteration[20/111] Loss: 7.651, Acc: 0.998,Acc1: 1.000,Acc2: 0.936, Base Lr: 3.42e-03,biloss:0.001,icloss:0.567,loss1:1.126, loss2:4.500, loss3:1.807, ploss:0.000,palign:0.000,total_loss:8.001,fceloss:0.0000
2026-06-11 14:30:49,274 transreid.image_train INFO: Epoch[82] Iteration[40/111] Loss: 7.629, Acc: 0.999,Acc1: 1.000,Acc2: 0.948, Base Lr: 3.42e-03,biloss:0.001,icloss:0.505,loss1:1.214, loss2:4.664, loss3:1.368, ploss:0.000,palign:0.000,total_loss:7.752,fceloss:0.0000
2026-06-11 14:30:54,467 transreid.image_train INFO: Epoch[82] Iteration[60/111] Loss: 7.609, Acc: 0.995,Acc1: 0.994,Acc2: 0.958, Base Lr: 3.42e-03,biloss:0.001,icloss:0.533,loss1:1.168, loss2:4.599, loss3:1.178, ploss:0.000,palign:0.000,total_loss:7.478,fceloss:0.0000
2026-06-11 14:30:58,886 transreid.image_train INFO: Epoch[82] Iteration[80/111] Loss: 7.572, Acc: 0.994,Acc1: 0.993,Acc2: 0.957, Base Lr: 3.42e-03,biloss:0.001,icloss:0.523,loss1:1.129, loss2:4.613, loss3:1.182, ploss:0.000,palign:0.000,total_loss:7.448,fceloss:0.0000
2026-06-11 14:31:04,709 transreid.image_train INFO: Epoch[82] Iteration[100/111] Loss: 7.526, Acc: 0.994,Acc1: 0.993,Acc2: 0.954, Base Lr: 3.42e-03,biloss:0.001,icloss:0.534,loss1:1.124, loss2:4.556, loss3:1.174, ploss:0.000,palign:0.000,total_loss:7.389,fceloss:0.0000
2026-06-11 14:31:07,439 transreid.image_train INFO: Epoch 82 done. Time per batch: 32.288[s] Speed: 1.0[samples/s]
2026-06-11 14:31:20,984 transreid.image_train INFO: Validation Results - Epoch: 82
2026-06-11 14:31:20,984 transreid.image_train INFO: mAP: 67.2%
2026-06-11 14:31:20,984 transreid.image_train INFO: CMC curve, Rank-1  :75.1%
2026-06-11 14:31:20,984 transreid.image_train INFO: CMC curve, Rank-5  :78.8%
2026-06-11 14:31:20,984 transreid.image_train INFO: CMC curve, Rank-10 :81.1%
2026-06-11 14:31:20,984 transreid.image_train INFO: Best mAP: 67.5%
2026-06-11 14:31:20,984 transreid.image_train INFO: Best Rank-1: 74.6%
2026-06-11 14:31:20,984 transreid.image_train INFO: Best Rank-5: 79.7%
2026-06-11 14:31:20,984 transreid.image_train INFO: Best Rank-10: 81.3%
2026-06-11 14:31:27,543 transreid.image_train INFO: Epoch[83] Iteration[20/111] Loss: 7.581, Acc: 0.995,Acc1: 0.997,Acc2: 0.964, Base Lr: 3.34e-03,biloss:0.001,icloss:0.531,loss1:1.242, loss2:4.665, loss3:1.278, ploss:0.000,palign:0.000,total_loss:7.717,fceloss:0.0000
2026-06-11 14:31:32,774 transreid.image_train INFO: Epoch[83] Iteration[40/111] Loss: 7.595, Acc: 0.993,Acc1: 0.994,Acc2: 0.963, Base Lr: 3.34e-03,biloss:0.001,icloss:0.528,loss1:1.306, loss2:4.618, loss3:1.326, ploss:0.000,palign:0.000,total_loss:7.780,fceloss:0.0000
2026-06-11 14:31:37,955 transreid.image_train INFO: Epoch[83] Iteration[60/111] Loss: 7.564, Acc: 0.995,Acc1: 0.995,Acc2: 0.959, Base Lr: 3.34e-03,biloss:0.001,icloss:0.560,loss1:1.093, loss2:4.443, loss3:1.106, ploss:0.000,palign:0.000,total_loss:7.202,fceloss:0.0000
2026-06-11 14:31:42,364 transreid.image_train INFO: Epoch[83] Iteration[80/111] Loss: 7.538, Acc: 0.993,Acc1: 0.993,Acc2: 0.961, Base Lr: 3.34e-03,biloss:0.001,icloss:0.546,loss1:1.179, loss2:4.599, loss3:1.220, ploss:0.000,palign:0.000,total_loss:7.545,fceloss:0.0000
2026-06-11 14:31:48,208 transreid.image_train INFO: Epoch[83] Iteration[100/111] Loss: 7.503, Acc: 0.993,Acc1: 0.993,Acc2: 0.955, Base Lr: 3.34e-03,biloss:0.001,icloss:0.582,loss1:1.075, loss2:4.389, loss3:1.269, ploss:0.000,palign:0.000,total_loss:7.315,fceloss:0.0000
2026-06-11 14:31:50,929 transreid.image_train INFO: Epoch 83 done. Time per batch: 32.687[s] Speed: 1.0[samples/s]
2026-06-11 14:32:04,185 transreid.image_train INFO: Validation Results - Epoch: 83
2026-06-11 14:32:04,186 transreid.image_train INFO: mAP: 66.9%
2026-06-11 14:32:04,186 transreid.image_train INFO: CMC curve, Rank-1  :74.2%
2026-06-11 14:32:04,186 transreid.image_train INFO: CMC curve, Rank-5  :78.6%
2026-06-11 14:32:04,186 transreid.image_train INFO: CMC curve, Rank-10 :81.1%
2026-06-11 14:32:04,186 transreid.image_train INFO: Best mAP: 67.5%
2026-06-11 14:32:04,186 transreid.image_train INFO: Best Rank-1: 74.6%
2026-06-11 14:32:04,186 transreid.image_train INFO: Best Rank-5: 79.7%
2026-06-11 14:32:04,186 transreid.image_train INFO: Best Rank-10: 81.3%
2026-06-11 14:32:10,701 transreid.image_train INFO: Epoch[84] Iteration[20/111] Loss: 7.531, Acc: 0.989,Acc1: 0.991,Acc2: 0.978, Base Lr: 3.26e-03,biloss:0.001,icloss:0.557,loss1:1.140, loss2:4.542, loss3:1.158, ploss:0.000,palign:0.000,total_loss:7.397,fceloss:0.0000
2026-06-11 14:32:15,894 transreid.image_train INFO: Epoch[84] Iteration[40/111] Loss: 7.556, Acc: 0.992,Acc1: 0.995,Acc2: 0.964, Base Lr: 3.26e-03,biloss:0.001,icloss:0.528,loss1:1.218, loss2:4.639, loss3:1.276, ploss:0.000,palign:0.000,total_loss:7.662,fceloss:0.0000
2026-06-11 14:32:21,097 transreid.image_train INFO: Epoch[84] Iteration[60/111] Loss: 7.531, Acc: 0.994,Acc1: 0.992,Acc2: 0.962, Base Lr: 3.26e-03,biloss:0.001,icloss:0.520,loss1:1.110, loss2:4.519, loss3:1.132, ploss:0.000,palign:0.000,total_loss:7.282,fceloss:0.0000
2026-06-11 14:32:25,364 transreid.image_train INFO: Epoch[84] Iteration[80/111] Loss: 7.499, Acc: 0.994,Acc1: 0.993,Acc2: 0.959, Base Lr: 3.26e-03,biloss:0.001,icloss:0.512,loss1:1.267, loss2:4.672, loss3:1.337, ploss:0.000,palign:0.000,total_loss:7.788,fceloss:0.0000
2026-06-11 14:32:31,162 transreid.image_train INFO: Epoch[84] Iteration[100/111] Loss: 7.473, Acc: 0.993,Acc1: 0.991,Acc2: 0.952, Base Lr: 3.26e-03,biloss:0.001,icloss:0.558,loss1:1.059, loss2:4.446, loss3:1.353, ploss:0.000,palign:0.000,total_loss:7.417,fceloss:0.0000
2026-06-11 14:32:33,957 transreid.image_train INFO: Epoch 84 done. Time per batch: 33.082[s] Speed: 1.0[samples/s]
2026-06-11 14:32:46,038 transreid.image_train INFO: Validation Results - Epoch: 84
2026-06-11 14:32:46,039 transreid.image_train INFO: mAP: 67.2%
2026-06-11 14:32:46,039 transreid.image_train INFO: CMC curve, Rank-1  :74.7%
2026-06-11 14:32:46,039 transreid.image_train INFO: CMC curve, Rank-5  :78.8%
2026-06-11 14:32:46,039 transreid.image_train INFO: CMC curve, Rank-10 :81.0%
2026-06-11 14:32:46,039 transreid.image_train INFO: Best mAP: 67.5%
2026-06-11 14:32:46,039 transreid.image_train INFO: Best Rank-1: 74.6%
2026-06-11 14:32:46,039 transreid.image_train INFO: Best Rank-5: 79.7%
2026-06-11 14:32:46,039 transreid.image_train INFO: Best Rank-10: 81.3%
2026-06-11 14:32:52,480 transreid.image_train INFO: Epoch[85] Iteration[20/111] Loss: 7.550, Acc: 0.992,Acc1: 0.992,Acc2: 0.963, Base Lr: 3.18e-03,biloss:0.001,icloss:0.598,loss1:1.156, loss2:4.473, loss3:1.168, ploss:0.000,palign:0.000,total_loss:7.395,fceloss:0.0000
2026-06-11 14:32:57,679 transreid.image_train INFO: Epoch[85] Iteration[40/111] Loss: 7.565, Acc: 0.992,Acc1: 0.992,Acc2: 0.964, Base Lr: 3.18e-03,biloss:0.001,icloss:0.513,loss1:1.157, loss2:4.630, loss3:1.229, ploss:0.000,palign:0.000,total_loss:7.529,fceloss:0.0000
2026-06-11 14:33:02,942 transreid.image_train INFO: Epoch[85] Iteration[60/111] Loss: 7.529, Acc: 0.995,Acc1: 0.995,Acc2: 0.960, Base Lr: 3.18e-03,biloss:0.001,icloss:0.555,loss1:1.103, loss2:4.482, loss3:1.126, ploss:0.000,palign:0.000,total_loss:7.268,fceloss:0.0000
2026-06-11 14:33:08,088 transreid.image_train INFO: Epoch[85] Iteration[80/111] Loss: 7.503, Acc: 0.995,Acc1: 0.995,Acc2: 0.961, Base Lr: 3.18e-03,biloss:0.001,icloss:0.566,loss1:1.085, loss2:4.425, loss3:1.108, ploss:0.000,palign:0.000,total_loss:7.185,fceloss:0.0000
2026-06-11 14:33:12,710 transreid.image_train INFO: Epoch[85] Iteration[100/111] Loss: 7.468, Acc: 0.993,Acc1: 0.993,Acc2: 0.959, Base Lr: 3.18e-03,biloss:0.001,icloss:0.580,loss1:1.047, loss2:4.378, loss3:1.631, ploss:0.000,palign:0.000,total_loss:7.636,fceloss:0.0000
2026-06-11 14:33:15,377 transreid.image_train INFO: Epoch 85 done. Time per batch: 33.462[s] Speed: 1.0[samples/s]
2026-06-11 14:33:28,880 transreid.image_train INFO: Validation Results - Epoch: 85
2026-06-11 14:33:28,880 transreid.image_train INFO: mAP: 67.5%
2026-06-11 14:33:28,880 transreid.image_train INFO: CMC curve, Rank-1  :75.3%
2026-06-11 14:33:28,880 transreid.image_train INFO: CMC curve, Rank-5  :79.0%
2026-06-11 14:33:28,880 transreid.image_train INFO: CMC curve, Rank-10 :81.0%
2026-06-11 14:33:28,880 transreid.image_train INFO: Best mAP: 67.5%
2026-06-11 14:33:28,880 transreid.image_train INFO: Best Rank-1: 74.6%
2026-06-11 14:33:28,881 transreid.image_train INFO: Best Rank-5: 79.7%
2026-06-11 14:33:28,881 transreid.image_train INFO: Best Rank-10: 81.3%
2026-06-11 14:33:35,252 transreid.image_train INFO: Epoch[86] Iteration[20/111] Loss: 7.534, Acc: 0.992,Acc1: 0.991,Acc2: 0.975, Base Lr: 3.10e-03,biloss:0.001,icloss:0.517,loss1:1.218, loss2:4.637, loss3:1.239, ploss:0.000,palign:0.000,total_loss:7.612,fceloss:0.0000
2026-06-11 14:33:40,449 transreid.image_train INFO: Epoch[86] Iteration[40/111] Loss: 7.536, Acc: 0.992,Acc1: 0.993,Acc2: 0.958, Base Lr: 3.10e-03,biloss:0.001,icloss:0.538,loss1:1.151, loss2:4.541, loss3:1.173, ploss:0.000,palign:0.000,total_loss:7.404,fceloss:0.0000
2026-06-11 14:33:45,647 transreid.image_train INFO: Epoch[86] Iteration[60/111] Loss: 7.509, Acc: 0.993,Acc1: 0.993,Acc2: 0.964, Base Lr: 3.10e-03,biloss:0.001,icloss:0.576,loss1:1.106, loss2:4.492, loss3:1.134, ploss:0.000,palign:0.000,total_loss:7.308,fceloss:0.0000
2026-06-11 14:33:50,799 transreid.image_train INFO: Epoch[86] Iteration[80/111] Loss: 7.476, Acc: 0.994,Acc1: 0.994,Acc2: 0.964, Base Lr: 3.10e-03,biloss:0.001,icloss:0.561,loss1:1.059, loss2:4.413, loss3:1.083, ploss:0.000,palign:0.000,total_loss:7.116,fceloss:0.0000
2026-06-11 14:33:55,328 transreid.image_train INFO: Epoch[86] Iteration[100/111] Loss: 7.443, Acc: 0.995,Acc1: 0.995,Acc2: 0.960, Base Lr: 3.10e-03,biloss:0.001,icloss:0.563,loss1:1.045, loss2:4.346, loss3:1.061, ploss:0.000,palign:0.000,total_loss:7.016,fceloss:0.0000
2026-06-11 14:33:58,367 transreid.image_train INFO: Epoch 86 done. Time per batch: 33.548[s] Speed: 1.0[samples/s]
2026-06-11 14:34:10,476 transreid.image_train INFO: Validation Results - Epoch: 86
2026-06-11 14:34:10,476 transreid.image_train INFO: mAP: 67.3%
2026-06-11 14:34:10,476 transreid.image_train INFO: CMC curve, Rank-1  :74.9%
2026-06-11 14:34:10,476 transreid.image_train INFO: CMC curve, Rank-5  :78.8%
2026-06-11 14:34:10,476 transreid.image_train INFO: CMC curve, Rank-10 :81.1%
2026-06-11 14:34:10,477 transreid.image_train INFO: Best mAP: 67.5%
2026-06-11 14:34:10,477 transreid.image_train INFO: Best Rank-1: 74.6%
2026-06-11 14:34:10,477 transreid.image_train INFO: Best Rank-5: 79.7%
2026-06-11 14:34:10,477 transreid.image_train INFO: Best Rank-10: 81.3%
2026-06-11 14:34:16,802 transreid.image_train INFO: Epoch[87] Iteration[20/111] Loss: 7.484, Acc: 0.988,Acc1: 0.988,Acc2: 0.973, Base Lr: 3.02e-03,biloss:0.001,icloss:0.568,loss1:1.077, loss2:4.423, loss3:1.094, ploss:0.000,palign:0.000,total_loss:7.163,fceloss:0.0000
2026-06-11 14:34:22,003 transreid.image_train INFO: Epoch[87] Iteration[40/111] Loss: 7.504, Acc: 0.991,Acc1: 0.991,Acc2: 0.964, Base Lr: 3.02e-03,biloss:0.001,icloss:0.584,loss1:1.386, loss2:4.661, loss3:1.417, ploss:0.000,palign:0.000,total_loss:8.049,fceloss:0.0000
2026-06-11 14:34:27,202 transreid.image_train INFO: Epoch[87] Iteration[60/111] Loss: 7.485, Acc: 0.992,Acc1: 0.992,Acc2: 0.969, Base Lr: 3.02e-03,biloss:0.001,icloss:0.530,loss1:1.111, loss2:4.523, loss3:1.133, ploss:0.000,palign:0.000,total_loss:7.297,fceloss:0.0000
2026-06-11 14:34:32,398 transreid.image_train INFO: Epoch[87] Iteration[80/111] Loss: 7.468, Acc: 0.992,Acc1: 0.992,Acc2: 0.963, Base Lr: 3.02e-03,biloss:0.001,icloss:0.550,loss1:1.092, loss2:4.496, loss3:1.119, ploss:0.000,palign:0.000,total_loss:7.259,fceloss:0.0000
2026-06-11 14:34:36,529 transreid.image_train INFO: Epoch[87] Iteration[100/111] Loss: 7.439, Acc: 0.994,Acc1: 0.994,Acc2: 0.953, Base Lr: 3.02e-03,biloss:0.001,icloss:0.520,loss1:1.083, loss2:4.517, loss3:1.299, ploss:0.000,palign:0.000,total_loss:7.419,fceloss:0.0000
2026-06-11 14:34:39,288 transreid.image_train INFO: Epoch 87 done. Time per batch: 34.232[s] Speed: 0.9[samples/s]
2026-06-11 14:34:53,181 transreid.image_train INFO: Validation Results - Epoch: 87
2026-06-11 14:34:53,182 transreid.image_train INFO: mAP: 67.2%
2026-06-11 14:34:53,182 transreid.image_train INFO: CMC curve, Rank-1  :74.9%
2026-06-11 14:34:53,182 transreid.image_train INFO: CMC curve, Rank-5  :78.8%
2026-06-11 14:34:53,182 transreid.image_train INFO: CMC curve, Rank-10 :80.8%
2026-06-11 14:34:53,182 transreid.image_train INFO: Best mAP: 67.5%
2026-06-11 14:34:53,182 transreid.image_train INFO: Best Rank-1: 74.6%
2026-06-11 14:34:53,182 transreid.image_train INFO: Best Rank-5: 79.7%
2026-06-11 14:34:53,182 transreid.image_train INFO: Best Rank-10: 81.3%
2026-06-11 14:34:59,541 transreid.image_train INFO: Epoch[88] Iteration[20/111] Loss: 7.442, Acc: 1.000,Acc1: 1.000,Acc2: 0.983, Base Lr: 2.93e-03,biloss:0.001,icloss:0.525,loss1:1.178, loss2:4.636, loss3:1.182, ploss:0.000,palign:0.000,total_loss:7.523,fceloss:0.0000
2026-06-11 14:35:04,742 transreid.image_train INFO: Epoch[88] Iteration[40/111] Loss: 7.470, Acc: 0.993,Acc1: 0.991,Acc2: 0.963, Base Lr: 2.93e-03,biloss:0.001,icloss:0.588,loss1:1.094, loss2:4.461, loss3:1.127, ploss:0.000,palign:0.000,total_loss:7.271,fceloss:0.0000
2026-06-11 14:35:09,940 transreid.image_train INFO: Epoch[88] Iteration[60/111] Loss: 7.438, Acc: 0.995,Acc1: 0.994,Acc2: 0.966, Base Lr: 2.93e-03,biloss:0.001,icloss:0.526,loss1:1.064, loss2:4.478, loss3:1.080, ploss:0.000,palign:0.000,total_loss:7.149,fceloss:0.0000
2026-06-11 14:35:15,140 transreid.image_train INFO: Epoch[88] Iteration[80/111] Loss: 7.436, Acc: 0.993,Acc1: 0.992,Acc2: 0.956, Base Lr: 2.93e-03,biloss:0.001,icloss:0.525,loss1:1.080, loss2:4.521, loss3:1.225, ploss:0.000,palign:0.000,total_loss:7.351,fceloss:0.0000
2026-06-11 14:35:19,343 transreid.image_train INFO: Epoch[88] Iteration[100/111] Loss: 7.407, Acc: 0.994,Acc1: 0.993,Acc2: 0.954, Base Lr: 2.93e-03,biloss:0.001,icloss:0.547,loss1:1.059, loss2:4.416, loss3:1.153, ploss:0.000,palign:0.000,total_loss:7.175,fceloss:0.0000
2026-06-11 14:35:21,981 transreid.image_train INFO: Epoch 88 done. Time per batch: 34.623[s] Speed: 0.9[samples/s]
2026-06-11 14:35:34,664 transreid.image_train INFO: Validation Results - Epoch: 88
2026-06-11 14:35:34,664 transreid.image_train INFO: mAP: 67.4%
2026-06-11 14:35:34,664 transreid.image_train INFO: CMC curve, Rank-1  :75.1%
2026-06-11 14:35:34,664 transreid.image_train INFO: CMC curve, Rank-5  :79.0%
2026-06-11 14:35:34,664 transreid.image_train INFO: CMC curve, Rank-10 :81.0%
2026-06-11 14:35:34,664 transreid.image_train INFO: Best mAP: 67.5%
2026-06-11 14:35:34,665 transreid.image_train INFO: Best Rank-1: 74.6%
2026-06-11 14:35:34,665 transreid.image_train INFO: Best Rank-5: 79.7%
2026-06-11 14:35:34,665 transreid.image_train INFO: Best Rank-10: 81.3%
2026-06-11 14:35:41,119 transreid.image_train INFO: Epoch[89] Iteration[20/111] Loss: 7.531, Acc: 0.994,Acc1: 0.992,Acc2: 0.953, Base Lr: 2.85e-03,biloss:0.001,icloss:0.559,loss1:1.151, loss2:4.510, loss3:1.206, ploss:0.000,palign:0.000,total_loss:7.427,fceloss:0.0000
2026-06-11 14:35:46,316 transreid.image_train INFO: Epoch[89] Iteration[40/111] Loss: 7.466, Acc: 0.997,Acc1: 0.996,Acc2: 0.967, Base Lr: 2.85e-03,biloss:0.001,icloss:0.522,loss1:1.106, loss2:4.515, loss3:1.128, ploss:0.000,palign:0.000,total_loss:7.272,fceloss:0.0000
2026-06-11 14:35:51,515 transreid.image_train INFO: Epoch[89] Iteration[60/111] Loss: 7.480, Acc: 0.992,Acc1: 0.992,Acc2: 0.957, Base Lr: 2.85e-03,biloss:0.001,icloss:0.539,loss1:1.101, loss2:4.491, loss3:1.317, ploss:0.000,palign:0.000,total_loss:7.449,fceloss:0.0000
2026-06-11 14:35:56,714 transreid.image_train INFO: Epoch[89] Iteration[80/111] Loss: 7.445, Acc: 0.993,Acc1: 0.992,Acc2: 0.958, Base Lr: 2.85e-03,biloss:0.001,icloss:0.542,loss1:1.079, loss2:4.455, loss3:1.099, ploss:0.000,palign:0.000,total_loss:7.175,fceloss:0.0000
2026-06-11 14:36:01,900 transreid.image_train INFO: Epoch[89] Iteration[100/111] Loss: 7.406, Acc: 0.993,Acc1: 0.993,Acc2: 0.957, Base Lr: 2.85e-03,biloss:0.001,icloss:0.571,loss1:1.044, loss2:4.358, loss3:1.235, ploss:0.000,palign:0.000,total_loss:7.209,fceloss:0.0000
2026-06-11 14:36:03,643 transreid.image_train INFO: Epoch 89 done. Time per batch: 35.006[s] Speed: 0.9[samples/s]
2026-06-11 14:36:18,171 transreid.image_train INFO: Validation Results - Epoch: 89
2026-06-11 14:36:18,171 transreid.image_train INFO: mAP: 67.2%
2026-06-11 14:36:18,171 transreid.image_train INFO: CMC curve, Rank-1  :74.7%
2026-06-11 14:36:18,171 transreid.image_train INFO: CMC curve, Rank-5  :79.0%
2026-06-11 14:36:18,171 transreid.image_train INFO: CMC curve, Rank-10 :81.1%
2026-06-11 14:36:18,171 transreid.image_train INFO: Best mAP: 67.5%
2026-06-11 14:36:18,172 transreid.image_train INFO: Best Rank-1: 74.6%
2026-06-11 14:36:18,172 transreid.image_train INFO: Best Rank-5: 79.7%
2026-06-11 14:36:18,172 transreid.image_train INFO: Best Rank-10: 81.3%
2026-06-11 14:36:24,552 transreid.image_train INFO: Epoch[90] Iteration[20/111] Loss: 7.481, Acc: 0.994,Acc1: 0.994,Acc2: 0.958, Base Lr: 2.77e-03,biloss:0.001,icloss:0.572,loss1:1.111, loss2:4.521, loss3:1.447, ploss:0.000,palign:0.000,total_loss:7.652,fceloss:0.0000
2026-06-11 14:36:29,755 transreid.image_train INFO: Epoch[90] Iteration[40/111] Loss: 7.454, Acc: 0.991,Acc1: 0.991,Acc2: 0.955, Base Lr: 2.77e-03,biloss:0.001,icloss:0.557,loss1:1.111, loss2:4.460, loss3:1.336, ploss:0.000,palign:0.000,total_loss:7.465,fceloss:0.0000
2026-06-11 14:36:34,942 transreid.image_train INFO: Epoch[90] Iteration[60/111] Loss: 7.420, Acc: 0.994,Acc1: 0.994,Acc2: 0.961, Base Lr: 2.77e-03,biloss:0.001,icloss:0.532,loss1:1.110, loss2:4.529, loss3:1.150, ploss:0.000,palign:0.000,total_loss:7.321,fceloss:0.0000
2026-06-11 14:36:40,135 transreid.image_train INFO: Epoch[90] Iteration[80/111] Loss: 7.412, Acc: 0.995,Acc1: 0.995,Acc2: 0.955, Base Lr: 2.77e-03,biloss:0.001,icloss:0.507,loss1:1.210, loss2:4.648, loss3:1.190, ploss:0.000,palign:0.000,total_loss:7.554,fceloss:0.0000
2026-06-11 14:36:45,322 transreid.image_train INFO: Epoch[90] Iteration[100/111] Loss: 7.378, Acc: 0.994,Acc1: 0.993,Acc2: 0.955, Base Lr: 2.77e-03,biloss:0.001,icloss:0.543,loss1:1.053, loss2:4.393, loss3:1.062, ploss:0.000,palign:0.000,total_loss:7.052,fceloss:0.0000
2026-06-11 14:36:47,183 transreid.image_train INFO: Epoch 90 done. Time per batch: 35.405[s] Speed: 0.9[samples/s]
2026-06-11 14:37:01,743 transreid.image_train INFO: Validation Results - Epoch: 90
2026-06-11 14:37:01,743 transreid.image_train INFO: mAP: 67.4%
2026-06-11 14:37:01,743 transreid.image_train INFO: CMC curve, Rank-1  :74.7%
2026-06-11 14:37:01,743 transreid.image_train INFO: CMC curve, Rank-5  :79.2%
2026-06-11 14:37:01,743 transreid.image_train INFO: CMC curve, Rank-10 :82.0%
2026-06-11 14:37:01,743 transreid.image_train INFO: Best mAP: 67.5%
2026-06-11 14:37:01,743 transreid.image_train INFO: Best Rank-1: 74.6%
2026-06-11 14:37:01,743 transreid.image_train INFO: Best Rank-5: 79.7%
2026-06-11 14:37:01,743 transreid.image_train INFO: Best Rank-10: 81.3%
2026-06-11 14:37:07,696 transreid.image_train INFO: Epoch[91] Iteration[20/111] Loss: 7.530, Acc: 0.984,Acc1: 0.986,Acc2: 0.966, Base Lr: 2.70e-03,biloss:0.001,icloss:0.528,loss1:1.160, loss2:4.593, loss3:1.234, ploss:0.000,palign:0.000,total_loss:7.516,fceloss:0.0000
2026-06-11 14:37:12,897 transreid.image_train INFO: Epoch[91] Iteration[40/111] Loss: 7.462, Acc: 0.988,Acc1: 0.988,Acc2: 0.959, Base Lr: 2.70e-03,biloss:0.001,icloss:0.534,loss1:1.087, loss2:4.496, loss3:1.103, ploss:0.000,palign:0.000,total_loss:7.221,fceloss:0.0000
2026-06-11 14:37:18,248 transreid.image_train INFO: Epoch[91] Iteration[60/111] Loss: 7.430, Acc: 0.992,Acc1: 0.992,Acc2: 0.963, Base Lr: 2.70e-03,biloss:0.001,icloss:0.548,loss1:1.084, loss2:4.456, loss3:1.098, ploss:0.000,palign:0.000,total_loss:7.187,fceloss:0.0000
2026-06-11 14:37:23,451 transreid.image_train INFO: Epoch[91] Iteration[80/111] Loss: 7.403, Acc: 0.993,Acc1: 0.993,Acc2: 0.962, Base Lr: 2.70e-03,biloss:0.001,icloss:0.528,loss1:1.127, loss2:4.527, loss3:1.282, ploss:0.000,palign:0.000,total_loss:7.464,fceloss:0.0000
2026-06-11 14:37:28,517 transreid.image_train INFO: Epoch[91] Iteration[100/111] Loss: 7.384, Acc: 0.993,Acc1: 0.994,Acc2: 0.956, Base Lr: 2.70e-03,biloss:0.001,icloss:0.551,loss1:1.058, loss2:4.413, loss3:1.072, ploss:0.000,palign:0.000,total_loss:7.094,fceloss:0.0000
2026-06-11 14:37:30,978 transreid.image_train INFO: Epoch 91 done. Time per batch: 35.807[s] Speed: 0.9[samples/s]
2026-06-11 14:37:45,949 transreid.image_train INFO: Validation Results - Epoch: 91
2026-06-11 14:37:45,950 transreid.image_train INFO: mAP: 67.2%
2026-06-11 14:37:45,950 transreid.image_train INFO: CMC curve, Rank-1  :74.4%
2026-06-11 14:37:45,950 transreid.image_train INFO: CMC curve, Rank-5  :79.4%
2026-06-11 14:37:45,950 transreid.image_train INFO: CMC curve, Rank-10 :81.3%
2026-06-11 14:37:45,950 transreid.image_train INFO: Best mAP: 67.5%
2026-06-11 14:37:45,950 transreid.image_train INFO: Best Rank-1: 74.6%
2026-06-11 14:37:45,950 transreid.image_train INFO: Best Rank-5: 79.7%
2026-06-11 14:37:45,950 transreid.image_train INFO: Best Rank-10: 81.3%
2026-06-11 14:37:51,825 transreid.image_train INFO: Epoch[92] Iteration[20/111] Loss: 7.460, Acc: 0.988,Acc1: 0.988,Acc2: 0.950, Base Lr: 2.62e-03,biloss:0.001,icloss:0.550,loss1:1.104, loss2:4.488, loss3:1.387, ploss:0.000,palign:0.000,total_loss:7.530,fceloss:0.0000
2026-06-11 14:37:57,017 transreid.image_train INFO: Epoch[92] Iteration[40/111] Loss: 7.420, Acc: 0.992,Acc1: 0.992,Acc2: 0.966, Base Lr: 2.62e-03,biloss:0.001,icloss:0.549,loss1:1.083, loss2:4.444, loss3:1.094, ploss:0.000,palign:0.000,total_loss:7.171,fceloss:0.0000
2026-06-11 14:38:02,216 transreid.image_train INFO: Epoch[92] Iteration[60/111] Loss: 7.415, Acc: 0.995,Acc1: 0.995,Acc2: 0.956, Base Lr: 2.62e-03,biloss:0.001,icloss:0.555,loss1:1.109, loss2:4.504, loss3:1.132, ploss:0.000,palign:0.000,total_loss:7.300,fceloss:0.0000
2026-06-11 14:38:07,413 transreid.image_train INFO: Epoch[92] Iteration[80/111] Loss: 7.396, Acc: 0.996,Acc1: 0.996,Acc2: 0.954, Base Lr: 2.62e-03,biloss:0.001,icloss:0.530,loss1:1.084, loss2:4.492, loss3:1.100, ploss:0.000,palign:0.000,total_loss:7.207,fceloss:0.0000
2026-06-11 14:38:12,606 transreid.image_train INFO: Epoch[92] Iteration[100/111] Loss: 7.358, Acc: 0.994,Acc1: 0.994,Acc2: 0.953, Base Lr: 2.62e-03,biloss:0.001,icloss:0.553,loss1:1.162, loss2:4.463, loss3:1.336, ploss:0.000,palign:0.000,total_loss:7.515,fceloss:0.0000
2026-06-11 14:38:15,027 transreid.image_train INFO: Epoch 92 done. Time per batch: 36.211[s] Speed: 0.9[samples/s]
2026-06-11 14:38:29,998 transreid.image_train INFO: Validation Results - Epoch: 92
2026-06-11 14:38:29,999 transreid.image_train INFO: mAP: 67.4%
2026-06-11 14:38:29,999 transreid.image_train INFO: CMC curve, Rank-1  :74.9%
2026-06-11 14:38:29,999 transreid.image_train INFO: CMC curve, Rank-5  :79.0%
2026-06-11 14:38:29,999 transreid.image_train INFO: CMC curve, Rank-10 :81.0%
2026-06-11 14:38:29,999 transreid.image_train INFO: Best mAP: 67.5%
2026-06-11 14:38:29,999 transreid.image_train INFO: Best Rank-1: 74.6%
2026-06-11 14:38:29,999 transreid.image_train INFO: Best Rank-5: 79.7%
2026-06-11 14:38:29,999 transreid.image_train INFO: Best Rank-10: 81.3%
2026-06-11 14:38:35,887 transreid.image_train INFO: Epoch[93] Iteration[20/111] Loss: 7.547, Acc: 0.980,Acc1: 0.978,Acc2: 0.942, Base Lr: 2.54e-03,biloss:0.001,icloss:0.565,loss1:1.137, loss2:4.472, loss3:1.180, ploss:0.000,palign:0.000,total_loss:7.354,fceloss:0.0000
2026-06-11 14:38:41,081 transreid.image_train INFO: Epoch[93] Iteration[40/111] Loss: 7.473, Acc: 0.990,Acc1: 0.989,Acc2: 0.946, Base Lr: 2.54e-03,biloss:0.001,icloss:0.540,loss1:1.095, loss2:4.513, loss3:1.116, ploss:0.000,palign:0.000,total_loss:7.265,fceloss:0.0000
2026-06-11 14:38:46,294 transreid.image_train INFO: Epoch[93] Iteration[60/111] Loss: 7.411, Acc: 0.991,Acc1: 0.991,Acc2: 0.956, Base Lr: 2.54e-03,biloss:0.001,icloss:0.567,loss1:1.097, loss2:4.453, loss3:1.249, ploss:0.000,palign:0.000,total_loss:7.367,fceloss:0.0000
2026-06-11 14:38:51,488 transreid.image_train INFO: Epoch[93] Iteration[80/111] Loss: 7.383, Acc: 0.989,Acc1: 0.989,Acc2: 0.952, Base Lr: 2.54e-03,biloss:0.001,icloss:0.528,loss1:1.085, loss2:4.490, loss3:1.105, ploss:0.000,palign:0.000,total_loss:7.210,fceloss:0.0000
2026-06-11 14:38:56,681 transreid.image_train INFO: Epoch[93] Iteration[100/111] Loss: 7.348, Acc: 0.991,Acc1: 0.992,Acc2: 0.953, Base Lr: 2.54e-03,biloss:0.001,icloss:0.538,loss1:1.034, loss2:4.368, loss3:1.041, ploss:0.000,palign:0.000,total_loss:6.982,fceloss:0.0000
2026-06-11 14:38:59,094 transreid.image_train INFO: Epoch 93 done. Time per batch: 36.615[s] Speed: 0.9[samples/s]
2026-06-11 14:39:13,487 transreid.image_train INFO: Validation Results - Epoch: 93
2026-06-11 14:39:13,488 transreid.image_train INFO: mAP: 67.4%
2026-06-11 14:39:13,488 transreid.image_train INFO: CMC curve, Rank-1  :74.9%
2026-06-11 14:39:13,488 transreid.image_train INFO: CMC curve, Rank-5  :79.0%
2026-06-11 14:39:13,488 transreid.image_train INFO: CMC curve, Rank-10 :80.8%
2026-06-11 14:39:13,488 transreid.image_train INFO: Best mAP: 67.5%
2026-06-11 14:39:13,488 transreid.image_train INFO: Best Rank-1: 74.6%
2026-06-11 14:39:13,488 transreid.image_train INFO: Best Rank-5: 79.7%
2026-06-11 14:39:13,488 transreid.image_train INFO: Best Rank-10: 81.3%
2026-06-11 14:39:19,194 transreid.image_train INFO: Epoch[94] Iteration[20/111] Loss: 7.373, Acc: 0.991,Acc1: 0.991,Acc2: 0.970, Base Lr: 2.46e-03,biloss:0.001,icloss:0.517,loss1:1.168, loss2:4.584, loss3:1.212, ploss:0.000,palign:0.000,total_loss:7.481,fceloss:0.0000
2026-06-11 14:39:24,383 transreid.image_train INFO: Epoch[94] Iteration[40/111] Loss: 7.363, Acc: 0.994,Acc1: 0.993,Acc2: 0.959, Base Lr: 2.46e-03,biloss:0.001,icloss:0.539,loss1:1.074, loss2:4.442, loss3:1.153, ploss:0.000,palign:0.000,total_loss:7.209,fceloss:0.0000
2026-06-11 14:39:29,575 transreid.image_train INFO: Epoch[94] Iteration[60/111] Loss: 7.355, Acc: 0.996,Acc1: 0.995,Acc2: 0.964, Base Lr: 2.46e-03,biloss:0.001,icloss:0.516,loss1:1.080, loss2:4.500, loss3:1.096, ploss:0.000,palign:0.000,total_loss:7.193,fceloss:0.0000
2026-06-11 14:39:34,766 transreid.image_train INFO: Epoch[94] Iteration[80/111] Loss: 7.333, Acc: 0.994,Acc1: 0.993,Acc2: 0.962, Base Lr: 2.46e-03,biloss:0.001,icloss:0.561,loss1:1.088, loss2:4.458, loss3:1.368, ploss:0.000,palign:0.000,total_loss:7.477,fceloss:0.0000
2026-06-11 14:39:39,950 transreid.image_train INFO: Epoch[94] Iteration[100/111] Loss: 7.310, Acc: 0.995,Acc1: 0.995,Acc2: 0.958, Base Lr: 2.46e-03,biloss:0.001,icloss:0.554,loss1:1.062, loss2:4.403, loss3:1.237, ploss:0.000,palign:0.000,total_loss:7.257,fceloss:0.0000
2026-06-11 14:39:42,368 transreid.image_train INFO: Epoch 94 done. Time per batch: 37.012[s] Speed: 0.9[samples/s]
2026-06-11 14:39:56,984 transreid.image_train INFO: Validation Results - Epoch: 94
2026-06-11 14:39:56,984 transreid.image_train INFO: mAP: 67.1%
2026-06-11 14:39:56,984 transreid.image_train INFO: CMC curve, Rank-1  :74.9%
2026-06-11 14:39:56,984 transreid.image_train INFO: CMC curve, Rank-5  :78.8%
2026-06-11 14:39:56,984 transreid.image_train INFO: CMC curve, Rank-10 :81.3%
2026-06-11 14:39:56,984 transreid.image_train INFO: Best mAP: 67.5%
2026-06-11 14:39:56,984 transreid.image_train INFO: Best Rank-1: 74.6%
2026-06-11 14:39:56,984 transreid.image_train INFO: Best Rank-5: 79.7%
2026-06-11 14:39:56,984 transreid.image_train INFO: Best Rank-10: 81.3%
2026-06-11 14:40:03,206 transreid.image_train INFO: Epoch[95] Iteration[20/111] Loss: 7.400, Acc: 0.992,Acc1: 0.991,Acc2: 0.945, Base Lr: 2.38e-03,biloss:0.001,icloss:0.583,loss1:1.109, loss2:4.497, loss3:1.141, ploss:0.000,palign:0.000,total_loss:7.330,fceloss:0.0000
2026-06-11 14:40:08,388 transreid.image_train INFO: Epoch[95] Iteration[40/111] Loss: 7.396, Acc: 0.991,Acc1: 0.990,Acc2: 0.947, Base Lr: 2.38e-03,biloss:0.001,icloss:0.548,loss1:1.191, loss2:4.531, loss3:1.281, ploss:0.000,palign:0.000,total_loss:7.551,fceloss:0.0000
2026-06-11 14:40:13,568 transreid.image_train INFO: Epoch[95] Iteration[60/111] Loss: 7.364, Acc: 0.992,Acc1: 0.991,Acc2: 0.955, Base Lr: 2.38e-03,biloss:0.001,icloss:0.537,loss1:1.075, loss2:4.458, loss3:1.102, ploss:0.000,palign:0.000,total_loss:7.173,fceloss:0.0000
2026-06-11 14:40:18,754 transreid.image_train INFO: Epoch[95] Iteration[80/111] Loss: 7.341, Acc: 0.992,Acc1: 0.992,Acc2: 0.952, Base Lr: 2.38e-03,biloss:0.001,icloss:0.495,loss1:1.058, loss2:4.504, loss3:1.162, ploss:0.000,palign:0.000,total_loss:7.220,fceloss:0.0000
2026-06-11 14:40:23,928 transreid.image_train INFO: Epoch[95] Iteration[100/111] Loss: 7.316, Acc: 0.993,Acc1: 0.992,Acc2: 0.951, Base Lr: 2.38e-03,biloss:0.001,icloss:0.542,loss1:1.058, loss2:4.431, loss3:1.070, ploss:0.000,palign:0.000,total_loss:7.103,fceloss:0.0000
2026-06-11 14:40:26,334 transreid.image_train INFO: Epoch 95 done. Time per batch: 37.416[s] Speed: 0.9[samples/s]
2026-06-11 14:40:41,079 transreid.image_train INFO: Validation Results - Epoch: 95
2026-06-11 14:40:41,079 transreid.image_train INFO: mAP: 67.7%
2026-06-11 14:40:41,080 transreid.image_train INFO: CMC curve, Rank-1  :75.6%
2026-06-11 14:40:41,080 transreid.image_train INFO: CMC curve, Rank-5  :79.4%
2026-06-11 14:40:41,080 transreid.image_train INFO: CMC curve, Rank-10 :81.1%
2026-06-11 14:40:42,051 transreid.image_train INFO: Best mAP: 67.7%
2026-06-11 14:40:42,051 transreid.image_train INFO: Best Rank-1: 75.6%
2026-06-11 14:40:42,051 transreid.image_train INFO: Best Rank-5: 79.4%
2026-06-11 14:40:42,051 transreid.image_train INFO: Best Rank-10: 81.1%
2026-06-11 14:40:48,318 transreid.image_train INFO: Epoch[96] Iteration[20/111] Loss: 7.348, Acc: 1.000,Acc1: 1.000,Acc2: 0.983, Base Lr: 2.31e-03,biloss:0.001,icloss:0.544,loss1:1.188, loss2:4.537, loss3:1.309, ploss:0.000,palign:0.000,total_loss:7.579,fceloss:0.0000
2026-06-11 14:40:53,518 transreid.image_train INFO: Epoch[96] Iteration[40/111] Loss: 7.357, Acc: 0.995,Acc1: 0.995,Acc2: 0.968, Base Lr: 2.31e-03,biloss:0.001,icloss:0.556,loss1:1.084, loss2:4.473, loss3:1.109, ploss:0.000,palign:0.000,total_loss:7.223,fceloss:0.0000
2026-06-11 14:40:58,696 transreid.image_train INFO: Epoch[96] Iteration[60/111] Loss: 7.335, Acc: 0.997,Acc1: 0.996,Acc2: 0.970, Base Lr: 2.31e-03,biloss:0.001,icloss:0.531,loss1:1.089, loss2:4.494, loss3:1.114, ploss:0.000,palign:0.000,total_loss:7.229,fceloss:0.0000
2026-06-11 14:41:03,887 transreid.image_train INFO: Epoch[96] Iteration[80/111] Loss: 7.332, Acc: 0.995,Acc1: 0.995,Acc2: 0.966, Base Lr: 2.31e-03,biloss:0.001,icloss:0.554,loss1:1.078, loss2:4.419, loss3:1.109, ploss:0.000,palign:0.000,total_loss:7.162,fceloss:0.0000
2026-06-11 14:41:09,071 transreid.image_train INFO: Epoch[96] Iteration[100/111] Loss: 7.303, Acc: 0.993,Acc1: 0.993,Acc2: 0.965, Base Lr: 2.31e-03,biloss:0.001,icloss:0.583,loss1:1.049, loss2:4.372, loss3:1.454, ploss:0.000,palign:0.000,total_loss:7.458,fceloss:0.0000
2026-06-11 14:41:11,131 transreid.image_train INFO: Epoch 96 done. Time per batch: 37.827[s] Speed: 0.8[samples/s]
2026-06-11 14:41:25,901 transreid.image_train INFO: Validation Results - Epoch: 96
2026-06-11 14:41:25,901 transreid.image_train INFO: mAP: 67.7%
2026-06-11 14:41:25,901 transreid.image_train INFO: CMC curve, Rank-1  :75.8%
2026-06-11 14:41:25,901 transreid.image_train INFO: CMC curve, Rank-5  :79.0%
2026-06-11 14:41:25,901 transreid.image_train INFO: CMC curve, Rank-10 :81.0%
2026-06-11 14:41:27,002 transreid.image_train INFO: Best mAP: 67.7%
2026-06-11 14:41:27,002 transreid.image_train INFO: Best Rank-1: 75.8%
2026-06-11 14:41:27,002 transreid.image_train INFO: Best Rank-5: 79.0%
2026-06-11 14:41:27,002 transreid.image_train INFO: Best Rank-10: 81.0%
2026-06-11 14:41:33,548 transreid.image_train INFO: Epoch[97] Iteration[20/111] Loss: 7.411, Acc: 0.992,Acc1: 0.991,Acc2: 0.966, Base Lr: 2.23e-03,biloss:0.001,icloss:0.514,loss1:1.122, loss2:4.531, loss3:1.140, ploss:0.000,palign:0.000,total_loss:7.308,fceloss:0.0000
2026-06-11 14:41:38,753 transreid.image_train INFO: Epoch[97] Iteration[40/111] Loss: 7.401, Acc: 0.989,Acc1: 0.988,Acc2: 0.959, Base Lr: 2.23e-03,biloss:0.001,icloss:0.545,loss1:1.102, loss2:4.500, loss3:1.124, ploss:0.000,palign:0.000,total_loss:7.271,fceloss:0.0000
2026-06-11 14:41:43,941 transreid.image_train INFO: Epoch[97] Iteration[60/111] Loss: 7.357, Acc: 0.992,Acc1: 0.992,Acc2: 0.959, Base Lr: 2.23e-03,biloss:0.001,icloss:0.530,loss1:1.155, loss2:4.583, loss3:1.183, ploss:0.000,palign:0.000,total_loss:7.451,fceloss:0.0000
2026-06-11 14:41:49,041 transreid.image_train INFO: Epoch[97] Iteration[80/111] Loss: 7.330, Acc: 0.994,Acc1: 0.994,Acc2: 0.959, Base Lr: 2.23e-03,biloss:0.001,icloss:0.533,loss1:1.065, loss2:4.448, loss3:1.078, ploss:0.000,palign:0.000,total_loss:7.124,fceloss:0.0000
2026-06-11 14:41:54,176 transreid.image_train INFO: Epoch[97] Iteration[100/111] Loss: 7.299, Acc: 0.993,Acc1: 0.993,Acc2: 0.957, Base Lr: 2.23e-03,biloss:0.001,icloss:0.518,loss1:1.040, loss2:4.394, loss3:1.057, ploss:0.000,palign:0.000,total_loss:7.009,fceloss:0.0000
2026-06-11 14:41:55,728 transreid.image_train INFO: Epoch 97 done. Time per batch: 38.236[s] Speed: 0.8[samples/s]
2026-06-11 14:42:09,868 transreid.image_train INFO: Validation Results - Epoch: 97
2026-06-11 14:42:09,868 transreid.image_train INFO: mAP: 67.7%
2026-06-11 14:42:09,868 transreid.image_train INFO: CMC curve, Rank-1  :75.3%
2026-06-11 14:42:09,868 transreid.image_train INFO: CMC curve, Rank-5  :79.4%
2026-06-11 14:42:09,868 transreid.image_train INFO: CMC curve, Rank-10 :81.0%
2026-06-11 14:42:11,634 transreid.image_train INFO: Best mAP: 67.7%
2026-06-11 14:42:11,635 transreid.image_train INFO: Best Rank-1: 75.3%
2026-06-11 14:42:11,635 transreid.image_train INFO: Best Rank-5: 79.4%
2026-06-11 14:42:11,635 transreid.image_train INFO: Best Rank-10: 81.0%
2026-06-11 14:42:18,056 transreid.image_train INFO: Epoch[98] Iteration[20/111] Loss: 7.315, Acc: 0.997,Acc1: 0.997,Acc2: 0.981, Base Lr: 2.16e-03,biloss:0.001,icloss:0.533,loss1:1.119, loss2:4.513, loss3:1.137, ploss:0.000,palign:0.000,total_loss:7.302,fceloss:0.0000
2026-06-11 14:42:23,246 transreid.image_train INFO: Epoch[98] Iteration[40/111] Loss: 7.321, Acc: 0.995,Acc1: 0.995,Acc2: 0.978, Base Lr: 2.16e-03,biloss:0.001,icloss:0.526,loss1:1.180, loss2:4.568, loss3:1.162, ploss:0.000,palign:0.000,total_loss:7.437,fceloss:0.0000
2026-06-11 14:42:28,433 transreid.image_train INFO: Epoch[98] Iteration[60/111] Loss: 7.327, Acc: 0.994,Acc1: 0.994,Acc2: 0.971, Base Lr: 2.16e-03,biloss:0.001,icloss:0.562,loss1:1.103, loss2:4.453, loss3:1.107, ploss:0.000,palign:0.000,total_loss:7.226,fceloss:0.0000
2026-06-11 14:42:33,618 transreid.image_train INFO: Epoch[98] Iteration[80/111] Loss: 7.316, Acc: 0.995,Acc1: 0.995,Acc2: 0.965, Base Lr: 2.16e-03,biloss:0.001,icloss:0.525,loss1:1.108, loss2:4.492, loss3:1.113, ploss:0.000,palign:0.000,total_loss:7.239,fceloss:0.0000
2026-06-11 14:42:37,814 transreid.image_train INFO: Epoch[98] Iteration[100/111] Loss: 7.288, Acc: 0.995,Acc1: 0.995,Acc2: 0.958, Base Lr: 2.16e-03,biloss:0.001,icloss:0.538,loss1:1.037, loss2:4.354, loss3:1.042, ploss:0.000,palign:0.000,total_loss:6.972,fceloss:0.0000
2026-06-11 14:42:40,442 transreid.image_train INFO: Epoch 98 done. Time per batch: 38.646[s] Speed: 0.8[samples/s]
2026-06-11 14:42:53,994 transreid.image_train INFO: Validation Results - Epoch: 98
2026-06-11 14:42:53,994 transreid.image_train INFO: mAP: 67.5%
2026-06-11 14:42:53,994 transreid.image_train INFO: CMC curve, Rank-1  :74.9%
2026-06-11 14:42:53,994 transreid.image_train INFO: CMC curve, Rank-5  :79.4%
2026-06-11 14:42:53,994 transreid.image_train INFO: CMC curve, Rank-10 :81.7%
2026-06-11 14:42:53,994 transreid.image_train INFO: Best mAP: 67.7%
2026-06-11 14:42:53,994 transreid.image_train INFO: Best Rank-1: 75.3%
2026-06-11 14:42:53,995 transreid.image_train INFO: Best Rank-5: 79.4%
2026-06-11 14:42:53,995 transreid.image_train INFO: Best Rank-10: 81.0%
2026-06-11 14:43:00,207 transreid.image_train INFO: Epoch[99] Iteration[20/111] Loss: 7.388, Acc: 0.994,Acc1: 0.995,Acc2: 0.944, Base Lr: 2.08e-03,biloss:0.001,icloss:0.529,loss1:1.089, loss2:4.474, loss3:1.113, ploss:0.000,palign:0.000,total_loss:7.205,fceloss:0.0000
2026-06-11 14:43:05,396 transreid.image_train INFO: Epoch[99] Iteration[40/111] Loss: 7.326, Acc: 0.994,Acc1: 0.995,Acc2: 0.959, Base Lr: 2.08e-03,biloss:0.001,icloss:0.566,loss1:1.045, loss2:4.377, loss3:1.212, ploss:0.000,palign:0.000,total_loss:7.199,fceloss:0.0000
2026-06-11 14:43:10,584 transreid.image_train INFO: Epoch[99] Iteration[60/111] Loss: 7.331, Acc: 0.990,Acc1: 0.990,Acc2: 0.954, Base Lr: 2.08e-03,biloss:0.001,icloss:0.529,loss1:1.114, loss2:4.519, loss3:1.118, ploss:0.000,palign:0.000,total_loss:7.280,fceloss:0.0000
2026-06-11 14:43:15,776 transreid.image_train INFO: Epoch[99] Iteration[80/111] Loss: 7.311, Acc: 0.992,Acc1: 0.992,Acc2: 0.948, Base Lr: 2.08e-03,biloss:0.001,icloss:0.568,loss1:1.063, loss2:4.422, loss3:1.271, ploss:0.000,palign:0.000,total_loss:7.323,fceloss:0.0000
2026-06-11 14:43:20,194 transreid.image_train INFO: Epoch[99] Iteration[100/111] Loss: 7.281, Acc: 0.992,Acc1: 0.992,Acc2: 0.955, Base Lr: 2.08e-03,biloss:0.001,icloss:0.511,loss1:1.048, loss2:4.421, loss3:1.053, ploss:0.000,palign:0.000,total_loss:7.033,fceloss:0.0000
2026-06-11 14:43:22,535 transreid.image_train INFO: Epoch 99 done. Time per batch: 39.032[s] Speed: 0.8[samples/s]
2026-06-11 14:43:35,283 transreid.image_train INFO: Validation Results - Epoch: 99
2026-06-11 14:43:35,283 transreid.image_train INFO: mAP: 67.4%
2026-06-11 14:43:35,283 transreid.image_train INFO: CMC curve, Rank-1  :75.3%
2026-06-11 14:43:35,283 transreid.image_train INFO: CMC curve, Rank-5  :78.8%
2026-06-11 14:43:35,283 transreid.image_train INFO: CMC curve, Rank-10 :80.8%
2026-06-11 14:43:35,283 transreid.image_train INFO: Best mAP: 67.7%
2026-06-11 14:43:35,283 transreid.image_train INFO: Best Rank-1: 75.3%
2026-06-11 14:43:35,283 transreid.image_train INFO: Best Rank-5: 79.4%
2026-06-11 14:43:35,283 transreid.image_train INFO: Best Rank-10: 81.0%
2026-06-11 14:43:41,536 transreid.image_train INFO: Epoch[100] Iteration[20/111] Loss: 7.354, Acc: 0.994,Acc1: 0.994,Acc2: 0.948, Base Lr: 2.01e-03,biloss:0.001,icloss:0.549,loss1:1.111, loss2:4.479, loss3:1.110, ploss:0.000,palign:0.000,total_loss:7.249,fceloss:0.0000
2026-06-11 14:43:46,720 transreid.image_train INFO: Epoch[100] Iteration[40/111] Loss: 7.326, Acc: 0.995,Acc1: 0.996,Acc2: 0.959, Base Lr: 2.01e-03,biloss:0.001,icloss:0.551,loss1:1.096, loss2:4.429, loss3:1.085, ploss:0.000,palign:0.000,total_loss:7.162,fceloss:0.0000
2026-06-11 14:43:51,902 transreid.image_train INFO: Epoch[100] Iteration[60/111] Loss: 7.306, Acc: 0.995,Acc1: 0.995,Acc2: 0.961, Base Lr: 2.01e-03,biloss:0.001,icloss:0.578,loss1:1.043, loss2:4.346, loss3:1.226, ploss:0.000,palign:0.000,total_loss:7.194,fceloss:0.0000
2026-06-11 14:43:57,090 transreid.image_train INFO: Epoch[100] Iteration[80/111] Loss: 7.296, Acc: 0.994,Acc1: 0.993,Acc2: 0.957, Base Lr: 2.01e-03,biloss:0.001,icloss:0.540,loss1:1.159, loss2:4.508, loss3:1.321, ploss:0.000,palign:0.000,total_loss:7.528,fceloss:0.0000
2026-06-11 14:44:02,274 transreid.image_train INFO: Epoch[100] Iteration[100/111] Loss: 7.261, Acc: 0.995,Acc1: 0.994,Acc2: 0.959, Base Lr: 2.01e-03,biloss:0.001,icloss:0.593,loss1:1.031, loss2:4.323, loss3:1.041, ploss:0.000,palign:0.000,total_loss:6.988,fceloss:0.0000
2026-06-11 14:44:04,332 transreid.image_train INFO: Epoch 100 done. Time per batch: 39.416[s] Speed: 0.8[samples/s]
2026-06-11 14:44:19,073 transreid.image_train INFO: Validation Results - Epoch: 100
2026-06-11 14:44:19,073 transreid.image_train INFO: mAP: 67.6%
2026-06-11 14:44:19,074 transreid.image_train INFO: CMC curve, Rank-1  :75.3%
2026-06-11 14:44:19,074 transreid.image_train INFO: CMC curve, Rank-5  :79.0%
2026-06-11 14:44:19,074 transreid.image_train INFO: CMC curve, Rank-10 :81.3%
2026-06-11 14:44:19,074 transreid.image_train INFO: Best mAP: 67.7%
2026-06-11 14:44:19,074 transreid.image_train INFO: Best Rank-1: 75.3%
2026-06-11 14:44:19,074 transreid.image_train INFO: Best Rank-5: 79.4%
2026-06-11 14:44:19,074 transreid.image_train INFO: Best Rank-10: 81.0%
2026-06-11 14:44:25,392 transreid.image_train INFO: Epoch[101] Iteration[20/111] Loss: 7.334, Acc: 0.988,Acc1: 0.989,Acc2: 0.966, Base Lr: 1.94e-03,biloss:0.001,icloss:0.551,loss1:1.141, loss2:4.516, loss3:1.248, ploss:0.000,palign:0.000,total_loss:7.457,fceloss:0.0000
2026-06-11 14:44:30,582 transreid.image_train INFO: Epoch[101] Iteration[40/111] Loss: 7.341, Acc: 0.989,Acc1: 0.989,Acc2: 0.955, Base Lr: 1.94e-03,biloss:0.001,icloss:0.551,loss1:1.104, loss2:4.503, loss3:1.141, ploss:0.000,palign:0.000,total_loss:7.299,fceloss:0.0000
2026-06-11 14:44:35,766 transreid.image_train INFO: Epoch[101] Iteration[60/111] Loss: 7.322, Acc: 0.991,Acc1: 0.991,Acc2: 0.951, Base Lr: 1.94e-03,biloss:0.001,icloss:0.550,loss1:1.060, loss2:4.441, loss3:1.454, ploss:0.000,palign:0.000,total_loss:7.505,fceloss:0.0000
2026-06-11 14:44:40,955 transreid.image_train INFO: Epoch[101] Iteration[80/111] Loss: 7.298, Acc: 0.992,Acc1: 0.993,Acc2: 0.953, Base Lr: 1.94e-03,biloss:0.001,icloss:0.563,loss1:1.077, loss2:4.458, loss3:1.096, ploss:0.000,palign:0.000,total_loss:7.195,fceloss:0.0000
2026-06-11 14:44:46,133 transreid.image_train INFO: Epoch[101] Iteration[100/111] Loss: 7.271, Acc: 0.994,Acc1: 0.994,Acc2: 0.953, Base Lr: 1.94e-03,biloss:0.001,icloss:0.548,loss1:1.055, loss2:4.440, loss3:1.075, ploss:0.000,palign:0.000,total_loss:7.119,fceloss:0.0000
2026-06-11 14:44:48,193 transreid.image_train INFO: Epoch 101 done. Time per batch: 39.818[s] Speed: 0.8[samples/s]
2026-06-11 14:45:02,967 transreid.image_train INFO: Validation Results - Epoch: 101
2026-06-11 14:45:02,967 transreid.image_train INFO: mAP: 67.3%
2026-06-11 14:45:02,967 transreid.image_train INFO: CMC curve, Rank-1  :74.7%
2026-06-11 14:45:02,967 transreid.image_train INFO: CMC curve, Rank-5  :79.0%
2026-06-11 14:45:02,967 transreid.image_train INFO: CMC curve, Rank-10 :81.1%
2026-06-11 14:45:02,967 transreid.image_train INFO: Best mAP: 67.7%
2026-06-11 14:45:02,967 transreid.image_train INFO: Best Rank-1: 75.3%
2026-06-11 14:45:02,967 transreid.image_train INFO: Best Rank-5: 79.4%
2026-06-11 14:45:02,967 transreid.image_train INFO: Best Rank-10: 81.0%
2026-06-11 14:45:09,278 transreid.image_train INFO: Epoch[102] Iteration[20/111] Loss: 7.325, Acc: 0.994,Acc1: 0.994,Acc2: 0.961, Base Lr: 1.87e-03,biloss:0.001,icloss:0.524,loss1:1.081, loss2:4.459, loss3:1.246, ploss:0.000,palign:0.000,total_loss:7.310,fceloss:0.0000
2026-06-11 14:45:14,464 transreid.image_train INFO: Epoch[102] Iteration[40/111] Loss: 7.297, Acc: 0.997,Acc1: 0.997,Acc2: 0.966, Base Lr: 1.87e-03,biloss:0.001,icloss:0.521,loss1:1.080, loss2:4.505, loss3:1.157, ploss:0.000,palign:0.000,total_loss:7.263,fceloss:0.0000
2026-06-11 14:45:19,649 transreid.image_train INFO: Epoch[102] Iteration[60/111] Loss: 7.286, Acc: 0.997,Acc1: 0.995,Acc2: 0.960, Base Lr: 1.87e-03,biloss:0.001,icloss:0.566,loss1:1.062, loss2:4.377, loss3:1.060, ploss:0.000,palign:0.000,total_loss:7.065,fceloss:0.0000
2026-06-11 14:45:24,836 transreid.image_train INFO: Epoch[102] Iteration[80/111] Loss: 7.260, Acc: 0.997,Acc1: 0.995,Acc2: 0.962, Base Lr: 1.87e-03,biloss:0.001,icloss:0.529,loss1:1.044, loss2:4.432, loss3:1.058, ploss:0.000,palign:0.000,total_loss:7.064,fceloss:0.0000
2026-06-11 14:45:30,015 transreid.image_train INFO: Epoch[102] Iteration[100/111] Loss: 7.248, Acc: 0.994,Acc1: 0.993,Acc2: 0.958, Base Lr: 1.87e-03,biloss:0.001,icloss:0.551,loss1:1.061, loss2:4.427, loss3:1.151, ploss:0.000,palign:0.000,total_loss:7.190,fceloss:0.0000
2026-06-11 14:45:32,450 transreid.image_train INFO: Epoch 102 done. Time per batch: 39.858[s] Speed: 0.8[samples/s]
2026-06-11 14:45:47,301 transreid.image_train INFO: Validation Results - Epoch: 102
2026-06-11 14:45:47,302 transreid.image_train INFO: mAP: 67.8%
2026-06-11 14:45:47,302 transreid.image_train INFO: CMC curve, Rank-1  :75.6%
2026-06-11 14:45:47,302 transreid.image_train INFO: CMC curve, Rank-5  :79.2%
2026-06-11 14:45:47,302 transreid.image_train INFO: CMC curve, Rank-10 :81.9%
2026-06-11 14:45:49,041 transreid.image_train INFO: Best mAP: 67.8%
2026-06-11 14:45:49,041 transreid.image_train INFO: Best Rank-1: 75.6%
2026-06-11 14:45:49,041 transreid.image_train INFO: Best Rank-5: 79.2%
2026-06-11 14:45:49,041 transreid.image_train INFO: Best Rank-10: 81.9%
2026-06-11 14:45:55,601 transreid.image_train INFO: Epoch[103] Iteration[20/111] Loss: 7.343, Acc: 0.981,Acc1: 0.986,Acc2: 0.938, Base Lr: 1.80e-03,biloss:0.001,icloss:0.531,loss1:1.058, loss2:4.441, loss3:1.302, ploss:0.000,palign:0.000,total_loss:7.333,fceloss:0.0000
2026-06-11 14:46:00,790 transreid.image_train INFO: Epoch[103] Iteration[40/111] Loss: 7.281, Acc: 0.989,Acc1: 0.993,Acc2: 0.953, Base Lr: 1.80e-03,biloss:0.001,icloss:0.566,loss1:1.080, loss2:4.421, loss3:1.082, ploss:0.000,palign:0.000,total_loss:7.149,fceloss:0.0000
2026-06-11 14:46:05,983 transreid.image_train INFO: Epoch[103] Iteration[60/111] Loss: 7.285, Acc: 0.991,Acc1: 0.993,Acc2: 0.950, Base Lr: 1.80e-03,biloss:0.001,icloss:0.559,loss1:1.094, loss2:4.450, loss3:1.428, ploss:0.000,palign:0.000,total_loss:7.531,fceloss:0.0000
2026-06-11 14:46:11,095 transreid.image_train INFO: Epoch[103] Iteration[80/111] Loss: 7.272, Acc: 0.991,Acc1: 0.993,Acc2: 0.952, Base Lr: 1.80e-03,biloss:0.001,icloss:0.551,loss1:1.057, loss2:4.437, loss3:1.073, ploss:0.000,palign:0.000,total_loss:7.119,fceloss:0.0000
2026-06-11 14:46:15,915 transreid.image_train INFO: Epoch[103] Iteration[100/111] Loss: 7.251, Acc: 0.993,Acc1: 0.994,Acc2: 0.949, Base Lr: 1.80e-03,biloss:0.001,icloss:0.601,loss1:1.029, loss2:4.281, loss3:1.035, ploss:0.000,palign:0.000,total_loss:6.946,fceloss:0.0000
2026-06-11 14:46:17,670 transreid.image_train INFO: Epoch 103 done. Time per batch: 40.639[s] Speed: 0.8[samples/s]
2026-06-11 14:46:31,489 transreid.image_train INFO: Validation Results - Epoch: 103
2026-06-11 14:46:31,490 transreid.image_train INFO: mAP: 67.4%
2026-06-11 14:46:31,490 transreid.image_train INFO: CMC curve, Rank-1  :74.6%
2026-06-11 14:46:31,490 transreid.image_train INFO: CMC curve, Rank-5  :79.2%
2026-06-11 14:46:31,490 transreid.image_train INFO: CMC curve, Rank-10 :81.3%
2026-06-11 14:46:31,490 transreid.image_train INFO: Best mAP: 67.8%
2026-06-11 14:46:31,490 transreid.image_train INFO: Best Rank-1: 75.6%
2026-06-11 14:46:31,490 transreid.image_train INFO: Best Rank-5: 79.2%
2026-06-11 14:46:31,490 transreid.image_train INFO: Best Rank-10: 81.9%
2026-06-11 14:46:37,815 transreid.image_train INFO: Epoch[104] Iteration[20/111] Loss: 7.317, Acc: 0.991,Acc1: 0.994,Acc2: 0.950, Base Lr: 1.73e-03,biloss:0.001,icloss:0.545,loss1:1.125, loss2:4.472, loss3:1.229, ploss:0.000,palign:0.000,total_loss:7.371,fceloss:0.0000
2026-06-11 14:46:43,002 transreid.image_train INFO: Epoch[104] Iteration[40/111] Loss: 7.288, Acc: 0.995,Acc1: 0.997,Acc2: 0.963, Base Lr: 1.73e-03,biloss:0.001,icloss:0.548,loss1:1.166, loss2:4.516, loss3:1.159, ploss:0.000,palign:0.000,total_loss:7.389,fceloss:0.0000
2026-06-11 14:46:48,191 transreid.image_train INFO: Epoch[104] Iteration[60/111] Loss: 7.275, Acc: 0.995,Acc1: 0.996,Acc2: 0.958, Base Lr: 1.73e-03,biloss:0.001,icloss:0.536,loss1:1.058, loss2:4.417, loss3:1.072, ploss:0.000,palign:0.000,total_loss:7.083,fceloss:0.0000
2026-06-11 14:46:53,379 transreid.image_train INFO: Epoch[104] Iteration[80/111] Loss: 7.270, Acc: 0.993,Acc1: 0.993,Acc2: 0.951, Base Lr: 1.73e-03,biloss:0.001,icloss:0.547,loss1:1.078, loss2:4.473, loss3:1.331, ploss:0.000,palign:0.000,total_loss:7.429,fceloss:0.0000
2026-06-11 14:46:58,407 transreid.image_train INFO: Epoch[104] Iteration[100/111] Loss: 7.247, Acc: 0.993,Acc1: 0.993,Acc2: 0.952, Base Lr: 1.73e-03,biloss:0.001,icloss:0.539,loss1:1.054, loss2:4.395, loss3:1.066, ploss:0.000,palign:0.000,total_loss:7.054,fceloss:0.0000
2026-06-11 14:46:59,867 transreid.image_train INFO: Epoch 104 done. Time per batch: 41.026[s] Speed: 0.8[samples/s]
2026-06-11 14:47:13,687 transreid.image_train INFO: Validation Results - Epoch: 104
2026-06-11 14:47:13,687 transreid.image_train INFO: mAP: 67.4%
2026-06-11 14:47:13,687 transreid.image_train INFO: CMC curve, Rank-1  :74.6%
2026-06-11 14:47:13,687 transreid.image_train INFO: CMC curve, Rank-5  :79.0%
2026-06-11 14:47:13,687 transreid.image_train INFO: CMC curve, Rank-10 :81.3%
2026-06-11 14:47:13,687 transreid.image_train INFO: Best mAP: 67.8%
2026-06-11 14:47:13,687 transreid.image_train INFO: Best Rank-1: 75.6%
2026-06-11 14:47:13,687 transreid.image_train INFO: Best Rank-5: 79.2%
2026-06-11 14:47:13,688 transreid.image_train INFO: Best Rank-10: 81.9%
2026-06-11 14:47:20,027 transreid.image_train INFO: Epoch[105] Iteration[20/111] Loss: 7.307, Acc: 0.994,Acc1: 0.992,Acc2: 0.959, Base Lr: 1.66e-03,biloss:0.001,icloss:0.550,loss1:1.069, loss2:4.443, loss3:1.258, ploss:0.000,palign:0.000,total_loss:7.321,fceloss:0.0000
2026-06-11 14:47:25,215 transreid.image_train INFO: Epoch[105] Iteration[40/111] Loss: 7.295, Acc: 0.991,Acc1: 0.988,Acc2: 0.952, Base Lr: 1.66e-03,biloss:0.001,icloss:0.546,loss1:1.045, loss2:4.405, loss3:1.063, ploss:0.000,palign:0.000,total_loss:7.059,fceloss:0.0000
2026-06-11 14:47:30,396 transreid.image_train INFO: Epoch[105] Iteration[60/111] Loss: 7.270, Acc: 0.994,Acc1: 0.992,Acc2: 0.957, Base Lr: 1.66e-03,biloss:0.001,icloss:0.565,loss1:1.088, loss2:4.433, loss3:1.118, ploss:0.000,palign:0.000,total_loss:7.205,fceloss:0.0000
2026-06-11 14:47:35,581 transreid.image_train INFO: Epoch[105] Iteration[80/111] Loss: 7.268, Acc: 0.994,Acc1: 0.993,Acc2: 0.956, Base Lr: 1.66e-03,biloss:0.001,icloss:0.569,loss1:1.069, loss2:4.402, loss3:1.266, ploss:0.000,palign:0.000,total_loss:7.306,fceloss:0.0000
2026-06-11 14:47:40,755 transreid.image_train INFO: Epoch[105] Iteration[100/111] Loss: 7.246, Acc: 0.994,Acc1: 0.994,Acc2: 0.955, Base Lr: 1.66e-03,biloss:0.001,icloss:0.565,loss1:1.032, loss2:4.344, loss3:1.041, ploss:0.000,palign:0.000,total_loss:6.983,fceloss:0.0000
2026-06-11 14:47:42,395 transreid.image_train INFO: Epoch 105 done. Time per batch: 41.416[s] Speed: 0.8[samples/s]
2026-06-11 14:47:56,658 transreid.image_train INFO: Validation Results - Epoch: 105
2026-06-11 14:47:56,658 transreid.image_train INFO: mAP: 67.6%
2026-06-11 14:47:56,658 transreid.image_train INFO: CMC curve, Rank-1  :74.9%
2026-06-11 14:47:56,658 transreid.image_train INFO: CMC curve, Rank-5  :79.4%
2026-06-11 14:47:56,658 transreid.image_train INFO: CMC curve, Rank-10 :81.1%
2026-06-11 14:47:56,658 transreid.image_train INFO: Best mAP: 67.8%
2026-06-11 14:47:56,658 transreid.image_train INFO: Best Rank-1: 75.6%
2026-06-11 14:47:56,659 transreid.image_train INFO: Best Rank-5: 79.2%
2026-06-11 14:47:56,659 transreid.image_train INFO: Best Rank-10: 81.9%
2026-06-11 14:48:02,974 transreid.image_train INFO: Epoch[106] Iteration[20/111] Loss: 7.263, Acc: 0.989,Acc1: 0.989,Acc2: 0.969, Base Lr: 1.59e-03,biloss:0.001,icloss:0.587,loss1:1.053, loss2:4.390, loss3:1.463, ploss:0.000,palign:0.000,total_loss:7.493,fceloss:0.0000
2026-06-11 14:48:08,162 transreid.image_train INFO: Epoch[106] Iteration[40/111] Loss: 7.248, Acc: 0.995,Acc1: 0.995,Acc2: 0.963, Base Lr: 1.59e-03,biloss:0.001,icloss:0.537,loss1:1.084, loss2:4.461, loss3:1.101, ploss:0.000,palign:0.000,total_loss:7.184,fceloss:0.0000
2026-06-11 14:48:13,347 transreid.image_train INFO: Epoch[106] Iteration[60/111] Loss: 7.247, Acc: 0.995,Acc1: 0.994,Acc2: 0.960, Base Lr: 1.59e-03,biloss:0.001,icloss:0.534,loss1:1.048, loss2:4.439, loss3:1.110, ploss:0.000,palign:0.000,total_loss:7.132,fceloss:0.0000
2026-06-11 14:48:18,533 transreid.image_train INFO: Epoch[106] Iteration[80/111] Loss: 7.232, Acc: 0.996,Acc1: 0.995,Acc2: 0.957, Base Lr: 1.59e-03,biloss:0.001,icloss:0.548,loss1:1.145, loss2:4.469, loss3:1.158, ploss:0.000,palign:0.000,total_loss:7.321,fceloss:0.0000
2026-06-11 14:48:23,709 transreid.image_train INFO: Epoch[106] Iteration[100/111] Loss: 7.231, Acc: 0.994,Acc1: 0.994,Acc2: 0.954, Base Lr: 1.59e-03,biloss:0.001,icloss:0.520,loss1:1.044, loss2:4.388, loss3:1.049, ploss:0.000,palign:0.000,total_loss:7.001,fceloss:0.0000
2026-06-11 14:48:25,571 transreid.image_train INFO: Epoch 106 done. Time per batch: 41.812[s] Speed: 0.8[samples/s]
2026-06-11 14:48:39,977 transreid.image_train INFO: Validation Results - Epoch: 106
2026-06-11 14:48:39,978 transreid.image_train INFO: mAP: 67.4%
2026-06-11 14:48:39,978 transreid.image_train INFO: CMC curve, Rank-1  :74.9%
2026-06-11 14:48:39,978 transreid.image_train INFO: CMC curve, Rank-5  :79.4%
2026-06-11 14:48:39,978 transreid.image_train INFO: CMC curve, Rank-10 :81.9%
2026-06-11 14:48:39,978 transreid.image_train INFO: Best mAP: 67.8%
2026-06-11 14:48:39,978 transreid.image_train INFO: Best Rank-1: 75.6%
2026-06-11 14:48:39,978 transreid.image_train INFO: Best Rank-5: 79.2%
2026-06-11 14:48:39,978 transreid.image_train INFO: Best Rank-10: 81.9%
2026-06-11 14:48:46,173 transreid.image_train INFO: Epoch[107] Iteration[20/111] Loss: 7.257, Acc: 1.000,Acc1: 1.000,Acc2: 0.959, Base Lr: 1.53e-03,biloss:0.001,icloss:0.562,loss1:1.069, loss2:4.406, loss3:1.073, ploss:0.000,palign:0.000,total_loss:7.110,fceloss:0.0000
2026-06-11 14:48:51,359 transreid.image_train INFO: Epoch[107] Iteration[40/111] Loss: 7.252, Acc: 1.000,Acc1: 1.000,Acc2: 0.965, Base Lr: 1.53e-03,biloss:0.001,icloss:0.542,loss1:1.078, loss2:4.456, loss3:1.110, ploss:0.000,palign:0.000,total_loss:7.186,fceloss:0.0000
2026-06-11 14:48:56,548 transreid.image_train INFO: Epoch[107] Iteration[60/111] Loss: 7.248, Acc: 0.995,Acc1: 0.995,Acc2: 0.967, Base Lr: 1.53e-03,biloss:0.001,icloss:0.520,loss1:1.056, loss2:4.424, loss3:1.065, ploss:0.000,palign:0.000,total_loss:7.066,fceloss:0.0000
2026-06-11 14:49:01,735 transreid.image_train INFO: Epoch[107] Iteration[80/111] Loss: 7.248, Acc: 0.992,Acc1: 0.992,Acc2: 0.955, Base Lr: 1.53e-03,biloss:0.001,icloss:0.575,loss1:1.052, loss2:4.400, loss3:1.451, ploss:0.000,palign:0.000,total_loss:7.478,fceloss:0.0000
2026-06-11 14:49:06,913 transreid.image_train INFO: Epoch[107] Iteration[100/111] Loss: 7.219, Acc: 0.992,Acc1: 0.993,Acc2: 0.955, Base Lr: 1.53e-03,biloss:0.001,icloss:0.557,loss1:1.027, loss2:4.342, loss3:1.040, ploss:0.000,palign:0.000,total_loss:6.967,fceloss:0.0000
2026-06-11 14:49:09,187 transreid.image_train INFO: Epoch 107 done. Time per batch: 42.212[s] Speed: 0.8[samples/s]
2026-06-11 14:49:23,995 transreid.image_train INFO: Validation Results - Epoch: 107
2026-06-11 14:49:23,995 transreid.image_train INFO: mAP: 67.5%
2026-06-11 14:49:23,995 transreid.image_train INFO: CMC curve, Rank-1  :74.9%
2026-06-11 14:49:23,995 transreid.image_train INFO: CMC curve, Rank-5  :79.0%
2026-06-11 14:49:23,996 transreid.image_train INFO: CMC curve, Rank-10 :81.7%
2026-06-11 14:49:23,996 transreid.image_train INFO: Best mAP: 67.8%
2026-06-11 14:49:23,996 transreid.image_train INFO: Best Rank-1: 75.6%
2026-06-11 14:49:23,996 transreid.image_train INFO: Best Rank-5: 79.2%
2026-06-11 14:49:23,996 transreid.image_train INFO: Best Rank-10: 81.9%
2026-06-11 14:49:30,320 transreid.image_train INFO: Epoch[108] Iteration[20/111] Loss: 7.278, Acc: 0.998,Acc1: 0.995,Acc2: 0.970, Base Lr: 1.46e-03,biloss:0.001,icloss:0.523,loss1:1.076, loss2:4.472, loss3:1.091, ploss:0.000,palign:0.000,total_loss:7.162,fceloss:0.0000
2026-06-11 14:49:35,503 transreid.image_train INFO: Epoch[108] Iteration[40/111] Loss: 7.254, Acc: 0.997,Acc1: 0.996,Acc2: 0.977, Base Lr: 1.46e-03,biloss:0.001,icloss:0.569,loss1:1.102, loss2:4.467, loss3:1.118, ploss:0.000,palign:0.000,total_loss:7.257,fceloss:0.0000
2026-06-11 14:49:40,689 transreid.image_train INFO: Epoch[108] Iteration[60/111] Loss: 7.264, Acc: 0.992,Acc1: 0.992,Acc2: 0.960, Base Lr: 1.46e-03,biloss:0.001,icloss:0.540,loss1:1.086, loss2:4.460, loss3:1.092, ploss:0.000,palign:0.000,total_loss:7.178,fceloss:0.0000
2026-06-11 14:49:45,873 transreid.image_train INFO: Epoch[108] Iteration[80/111] Loss: 7.241, Acc: 0.993,Acc1: 0.993,Acc2: 0.961, Base Lr: 1.46e-03,biloss:0.001,icloss:0.539,loss1:1.058, loss2:4.419, loss3:1.073, ploss:0.000,palign:0.000,total_loss:7.090,fceloss:0.0000
2026-06-11 14:49:51,055 transreid.image_train INFO: Epoch[108] Iteration[100/111] Loss: 7.222, Acc: 0.993,Acc1: 0.993,Acc2: 0.958, Base Lr: 1.46e-03,biloss:0.001,icloss:0.553,loss1:1.035, loss2:4.324, loss3:1.038, ploss:0.000,palign:0.000,total_loss:6.951,fceloss:0.0000
2026-06-11 14:49:53,423 transreid.image_train INFO: Epoch 108 done. Time per batch: 42.618[s] Speed: 0.8[samples/s]
2026-06-11 14:50:08,431 transreid.image_train INFO: Validation Results - Epoch: 108
2026-06-11 14:50:08,431 transreid.image_train INFO: mAP: 67.6%
2026-06-11 14:50:08,431 transreid.image_train INFO: CMC curve, Rank-1  :74.7%
2026-06-11 14:50:08,431 transreid.image_train INFO: CMC curve, Rank-5  :79.2%
2026-06-11 14:50:08,431 transreid.image_train INFO: CMC curve, Rank-10 :81.9%
2026-06-11 14:50:08,431 transreid.image_train INFO: Best mAP: 67.8%
2026-06-11 14:50:08,431 transreid.image_train INFO: Best Rank-1: 75.6%
2026-06-11 14:50:08,431 transreid.image_train INFO: Best Rank-5: 79.2%
2026-06-11 14:50:08,431 transreid.image_train INFO: Best Rank-10: 81.9%
2026-06-11 14:50:13,747 transreid.image_train INFO: Epoch[109] Iteration[20/111] Loss: 7.304, Acc: 0.984,Acc1: 0.984,Acc2: 0.959, Base Lr: 1.40e-03,biloss:0.001,icloss:0.550,loss1:1.084, loss2:4.436, loss3:1.107, ploss:0.000,palign:0.000,total_loss:7.177,fceloss:0.0000
2026-06-11 14:50:18,929 transreid.image_train INFO: Epoch[109] Iteration[40/111] Loss: 7.277, Acc: 0.988,Acc1: 0.988,Acc2: 0.956, Base Lr: 1.40e-03,biloss:0.001,icloss:0.581,loss1:1.148, loss2:4.437, loss3:1.172, ploss:0.000,palign:0.000,total_loss:7.339,fceloss:0.0000
2026-06-11 14:50:24,110 transreid.image_train INFO: Epoch[109] Iteration[60/111] Loss: 7.272, Acc: 0.992,Acc1: 0.992,Acc2: 0.952, Base Lr: 1.40e-03,biloss:0.001,icloss:0.533,loss1:1.080, loss2:4.466, loss3:1.101, ploss:0.000,palign:0.000,total_loss:7.181,fceloss:0.0000
2026-06-11 14:50:29,297 transreid.image_train INFO: Epoch[109] Iteration[80/111] Loss: 7.245, Acc: 0.992,Acc1: 0.992,Acc2: 0.953, Base Lr: 1.40e-03,biloss:0.001,icloss:0.548,loss1:1.033, loss2:4.375, loss3:1.158, ploss:0.000,palign:0.000,total_loss:7.115,fceloss:0.0000
2026-06-11 14:50:34,483 transreid.image_train INFO: Epoch[109] Iteration[100/111] Loss: 7.215, Acc: 0.993,Acc1: 0.993,Acc2: 0.954, Base Lr: 1.40e-03,biloss:0.001,icloss:0.583,loss1:1.066, loss2:4.397, loss3:1.342, ploss:0.000,palign:0.000,total_loss:7.390,fceloss:0.0000
2026-06-11 14:50:36,902 transreid.image_train INFO: Epoch 109 done. Time per batch: 43.017[s] Speed: 0.7[samples/s]
2026-06-11 14:50:50,874 transreid.image_train INFO: Validation Results - Epoch: 109
2026-06-11 14:50:50,874 transreid.image_train INFO: mAP: 67.6%
2026-06-11 14:50:50,874 transreid.image_train INFO: CMC curve, Rank-1  :75.1%
2026-06-11 14:50:50,874 transreid.image_train INFO: CMC curve, Rank-5  :79.0%
2026-06-11 14:50:50,874 transreid.image_train INFO: CMC curve, Rank-10 :81.3%
2026-06-11 14:50:50,874 transreid.image_train INFO: Best mAP: 67.8%
2026-06-11 14:50:50,874 transreid.image_train INFO: Best Rank-1: 75.6%
2026-06-11 14:50:50,874 transreid.image_train INFO: Best Rank-5: 79.2%
2026-06-11 14:50:50,874 transreid.image_train INFO: Best Rank-10: 81.9%
2026-06-11 14:50:56,438 transreid.image_train INFO: Epoch[110] Iteration[20/111] Loss: 7.406, Acc: 0.983,Acc1: 0.983,Acc2: 0.927, Base Lr: 1.34e-03,biloss:0.001,icloss:0.511,loss1:1.218, loss2:4.600, loss3:1.237, ploss:0.000,palign:0.000,total_loss:7.566,fceloss:0.0000
2026-06-11 14:51:01,613 transreid.image_train INFO: Epoch[110] Iteration[40/111] Loss: 7.308, Acc: 0.991,Acc1: 0.991,Acc2: 0.949, Base Lr: 1.34e-03,biloss:0.001,icloss:0.550,loss1:1.045, loss2:4.363, loss3:1.058, ploss:0.000,palign:0.000,total_loss:7.016,fceloss:0.0000
2026-06-11 14:51:06,801 transreid.image_train INFO: Epoch[110] Iteration[60/111] Loss: 7.281, Acc: 0.993,Acc1: 0.993,Acc2: 0.944, Base Lr: 1.34e-03,biloss:0.001,icloss:0.537,loss1:1.133, loss2:4.523, loss3:1.144, ploss:0.000,palign:0.000,total_loss:7.337,fceloss:0.0000
2026-06-11 14:51:11,989 transreid.image_train INFO: Epoch[110] Iteration[80/111] Loss: 7.250, Acc: 0.995,Acc1: 0.995,Acc2: 0.952, Base Lr: 1.34e-03,biloss:0.001,icloss:0.553,loss1:1.075, loss2:4.446, loss3:1.619, ploss:0.000,palign:0.000,total_loss:7.693,fceloss:0.0000
2026-06-11 14:51:17,163 transreid.image_train INFO: Epoch[110] Iteration[100/111] Loss: 7.222, Acc: 0.995,Acc1: 0.994,Acc2: 0.954, Base Lr: 1.34e-03,biloss:0.001,icloss:0.572,loss1:1.043, loss2:4.373, loss3:1.058, ploss:0.000,palign:0.000,total_loss:7.047,fceloss:0.0000
2026-06-11 14:51:19,588 transreid.image_train INFO: Epoch 110 done. Time per batch: 43.409[s] Speed: 0.7[samples/s]
2026-06-11 14:51:33,493 transreid.image_train INFO: Validation Results - Epoch: 110
2026-06-11 14:51:33,494 transreid.image_train INFO: mAP: 67.7%
2026-06-11 14:51:33,494 transreid.image_train INFO: CMC curve, Rank-1  :74.9%
2026-06-11 14:51:33,494 transreid.image_train INFO: CMC curve, Rank-5  :79.0%
2026-06-11 14:51:33,494 transreid.image_train INFO: CMC curve, Rank-10 :82.0%
2026-06-11 14:51:33,494 transreid.image_train INFO: Best mAP: 67.8%
2026-06-11 14:51:33,494 transreid.image_train INFO: Best Rank-1: 75.6%
2026-06-11 14:51:33,494 transreid.image_train INFO: Best Rank-5: 79.2%
2026-06-11 14:51:33,494 transreid.image_train INFO: Best Rank-10: 81.9%
2026-06-11 14:51:39,513 transreid.image_train INFO: Epoch[111] Iteration[20/111] Loss: 7.205, Acc: 0.997,Acc1: 0.998,Acc2: 0.981, Base Lr: 1.28e-03,biloss:0.001,icloss:0.563,loss1:1.070, loss2:4.430, loss3:1.088, ploss:0.000,palign:0.000,total_loss:7.151,fceloss:0.0000
2026-06-11 14:51:44,709 transreid.image_train INFO: Epoch[111] Iteration[40/111] Loss: 7.238, Acc: 0.993,Acc1: 0.993,Acc2: 0.966, Base Lr: 1.28e-03,biloss:0.001,icloss:0.538,loss1:1.117, loss2:4.469, loss3:1.144, ploss:0.000,palign:0.000,total_loss:7.269,fceloss:0.0000
2026-06-11 14:51:49,896 transreid.image_train INFO: Epoch[111] Iteration[60/111] Loss: 7.243, Acc: 0.993,Acc1: 0.992,Acc2: 0.963, Base Lr: 1.28e-03,biloss:0.001,icloss:0.568,loss1:1.088, loss2:4.419, loss3:1.233, ploss:0.000,palign:0.000,total_loss:7.309,fceloss:0.0000
2026-06-11 14:51:55,082 transreid.image_train INFO: Epoch[111] Iteration[80/111] Loss: 7.224, Acc: 0.995,Acc1: 0.994,Acc2: 0.964, Base Lr: 1.28e-03,biloss:0.001,icloss:0.562,loss1:1.052, loss2:4.376, loss3:1.063, ploss:0.000,palign:0.000,total_loss:7.054,fceloss:0.0000
2026-06-11 14:52:00,265 transreid.image_train INFO: Epoch[111] Iteration[100/111] Loss: 7.203, Acc: 0.994,Acc1: 0.994,Acc2: 0.960, Base Lr: 1.28e-03,biloss:0.001,icloss:0.537,loss1:1.064, loss2:4.402, loss3:1.078, ploss:0.000,palign:0.000,total_loss:7.083,fceloss:0.0000
2026-06-11 14:52:02,946 transreid.image_train INFO: Epoch 111 done. Time per batch: 43.408[s] Speed: 0.7[samples/s]
2026-06-11 14:52:17,162 transreid.image_train INFO: Validation Results - Epoch: 111
2026-06-11 14:52:17,162 transreid.image_train INFO: mAP: 67.6%
2026-06-11 14:52:17,162 transreid.image_train INFO: CMC curve, Rank-1  :74.9%
2026-06-11 14:52:17,162 transreid.image_train INFO: CMC curve, Rank-5  :79.4%
2026-06-11 14:52:17,162 transreid.image_train INFO: CMC curve, Rank-10 :81.1%
2026-06-11 14:52:17,162 transreid.image_train INFO: Best mAP: 67.8%
2026-06-11 14:52:17,162 transreid.image_train INFO: Best Rank-1: 75.6%
2026-06-11 14:52:17,162 transreid.image_train INFO: Best Rank-5: 79.2%
2026-06-11 14:52:17,162 transreid.image_train INFO: Best Rank-10: 81.9%
2026-06-11 14:52:22,854 transreid.image_train INFO: Epoch[112] Iteration[20/111] Loss: 7.252, Acc: 0.988,Acc1: 0.989,Acc2: 0.950, Base Lr: 1.21e-03,biloss:0.001,icloss:0.535,loss1:1.093, loss2:4.449, loss3:1.115, ploss:0.000,palign:0.000,total_loss:7.193,fceloss:0.0000
2026-06-11 14:52:28,038 transreid.image_train INFO: Epoch[112] Iteration[40/111] Loss: 7.263, Acc: 0.991,Acc1: 0.992,Acc2: 0.948, Base Lr: 1.21e-03,biloss:0.001,icloss:0.584,loss1:1.079, loss2:4.400, loss3:1.386, ploss:0.000,palign:0.000,total_loss:7.449,fceloss:0.0000
2026-06-11 14:52:33,226 transreid.image_train INFO: Epoch[112] Iteration[60/111] Loss: 7.250, Acc: 0.992,Acc1: 0.993,Acc2: 0.948, Base Lr: 1.21e-03,biloss:0.001,icloss:0.551,loss1:1.068, loss2:4.451, loss3:1.082, ploss:0.000,palign:0.000,total_loss:7.152,fceloss:0.0000
2026-06-11 14:52:38,412 transreid.image_train INFO: Epoch[112] Iteration[80/111] Loss: 7.226, Acc: 0.993,Acc1: 0.995,Acc2: 0.953, Base Lr: 1.21e-03,biloss:0.001,icloss:0.545,loss1:1.050, loss2:4.423, loss3:1.142, ploss:0.000,palign:0.000,total_loss:7.161,fceloss:0.0000
2026-06-11 14:52:43,596 transreid.image_train INFO: Epoch[112] Iteration[100/111] Loss: 7.197, Acc: 0.994,Acc1: 0.995,Acc2: 0.957, Base Lr: 1.21e-03,biloss:0.001,icloss:0.534,loss1:1.031, loss2:4.380, loss3:1.038, ploss:0.000,palign:0.000,total_loss:6.983,fceloss:0.0000
2026-06-11 14:52:46,273 transreid.image_train INFO: Epoch 112 done. Time per batch: 43.802[s] Speed: 0.7[samples/s]
2026-06-11 14:53:00,503 transreid.image_train INFO: Validation Results - Epoch: 112
2026-06-11 14:53:00,503 transreid.image_train INFO: mAP: 67.4%
2026-06-11 14:53:00,503 transreid.image_train INFO: CMC curve, Rank-1  :74.7%
2026-06-11 14:53:00,503 transreid.image_train INFO: CMC curve, Rank-5  :79.2%
2026-06-11 14:53:00,503 transreid.image_train INFO: CMC curve, Rank-10 :81.3%
2026-06-11 14:53:00,503 transreid.image_train INFO: Best mAP: 67.8%
2026-06-11 14:53:00,503 transreid.image_train INFO: Best Rank-1: 75.6%
2026-06-11 14:53:00,503 transreid.image_train INFO: Best Rank-5: 79.2%
2026-06-11 14:53:00,503 transreid.image_train INFO: Best Rank-10: 81.9%
2026-06-11 14:53:06,172 transreid.image_train INFO: Epoch[113] Iteration[20/111] Loss: 7.241, Acc: 0.988,Acc1: 0.991,Acc2: 0.961, Base Lr: 1.16e-03,biloss:0.001,icloss:0.570,loss1:1.130, loss2:4.451, loss3:1.131, ploss:0.000,palign:0.000,total_loss:7.283,fceloss:0.0000
2026-06-11 14:53:11,366 transreid.image_train INFO: Epoch[113] Iteration[40/111] Loss: 7.232, Acc: 0.988,Acc1: 0.989,Acc2: 0.963, Base Lr: 1.16e-03,biloss:0.001,icloss:0.553,loss1:1.060, loss2:4.408, loss3:1.064, ploss:0.000,palign:0.000,total_loss:7.086,fceloss:0.0000
2026-06-11 14:53:16,555 transreid.image_train INFO: Epoch[113] Iteration[60/111] Loss: 7.226, Acc: 0.990,Acc1: 0.991,Acc2: 0.963, Base Lr: 1.16e-03,biloss:0.001,icloss:0.528,loss1:1.110, loss2:4.493, loss3:1.117, ploss:0.000,palign:0.000,total_loss:7.249,fceloss:0.0000
2026-06-11 14:53:21,746 transreid.image_train INFO: Epoch[113] Iteration[80/111] Loss: 7.212, Acc: 0.992,Acc1: 0.993,Acc2: 0.959, Base Lr: 1.16e-03,biloss:0.001,icloss:0.535,loss1:1.046, loss2:4.397, loss3:1.053, ploss:0.000,palign:0.000,total_loss:7.031,fceloss:0.0000
2026-06-11 14:53:26,927 transreid.image_train INFO: Epoch[113] Iteration[100/111] Loss: 7.184, Acc: 0.993,Acc1: 0.994,Acc2: 0.960, Base Lr: 1.16e-03,biloss:0.001,icloss:0.549,loss1:1.060, loss2:4.426, loss3:1.082, ploss:0.000,palign:0.000,total_loss:7.116,fceloss:0.0000
2026-06-11 14:53:29,604 transreid.image_train INFO: Epoch 113 done. Time per batch: 44.196[s] Speed: 0.7[samples/s]
2026-06-11 14:53:43,969 transreid.image_train INFO: Validation Results - Epoch: 113
2026-06-11 14:53:43,970 transreid.image_train INFO: mAP: 67.7%
2026-06-11 14:53:43,970 transreid.image_train INFO: CMC curve, Rank-1  :74.9%
2026-06-11 14:53:43,970 transreid.image_train INFO: CMC curve, Rank-5  :79.2%
2026-06-11 14:53:43,970 transreid.image_train INFO: CMC curve, Rank-10 :81.7%
2026-06-11 14:53:43,970 transreid.image_train INFO: Best mAP: 67.8%
2026-06-11 14:53:43,970 transreid.image_train INFO: Best Rank-1: 75.6%
2026-06-11 14:53:43,970 transreid.image_train INFO: Best Rank-5: 79.2%
2026-06-11 14:53:43,970 transreid.image_train INFO: Best Rank-10: 81.9%
2026-06-11 14:53:49,798 transreid.image_train INFO: Epoch[114] Iteration[20/111] Loss: 7.230, Acc: 0.997,Acc1: 1.000,Acc2: 0.984, Base Lr: 1.10e-03,biloss:0.001,icloss:0.564,loss1:1.091, loss2:4.441, loss3:1.106, ploss:0.000,palign:0.000,total_loss:7.202,fceloss:0.0000
2026-06-11 14:53:54,983 transreid.image_train INFO: Epoch[114] Iteration[40/111] Loss: 7.223, Acc: 0.995,Acc1: 1.000,Acc2: 0.968, Base Lr: 1.10e-03,biloss:0.001,icloss:0.524,loss1:1.098, loss2:4.475, loss3:1.111, ploss:0.000,palign:0.000,total_loss:7.208,fceloss:0.0000
2026-06-11 14:54:00,176 transreid.image_train INFO: Epoch[114] Iteration[60/111] Loss: 7.236, Acc: 0.994,Acc1: 0.997,Acc2: 0.959, Base Lr: 1.10e-03,biloss:0.000,icloss:0.540,loss1:1.062, loss2:4.426, loss3:1.069, ploss:0.000,palign:0.000,total_loss:7.098,fceloss:0.0000
2026-06-11 14:54:05,367 transreid.image_train INFO: Epoch[114] Iteration[80/111] Loss: 7.207, Acc: 0.995,Acc1: 0.998,Acc2: 0.961, Base Lr: 1.10e-03,biloss:0.001,icloss:0.585,loss1:1.043, loss2:4.345, loss3:1.060, ploss:0.000,palign:0.000,total_loss:7.034,fceloss:0.0000
2026-06-11 14:54:10,548 transreid.image_train INFO: Epoch[114] Iteration[100/111] Loss: 7.193, Acc: 0.995,Acc1: 0.997,Acc2: 0.960, Base Lr: 1.10e-03,biloss:0.001,icloss:0.565,loss1:1.049, loss2:4.350, loss3:1.057, ploss:0.000,palign:0.000,total_loss:7.022,fceloss:0.0000
2026-06-11 14:54:12,966 transreid.image_train INFO: Epoch 114 done. Time per batch: 44.999[s] Speed: 0.7[samples/s]
2026-06-11 14:54:27,480 transreid.image_train INFO: Validation Results - Epoch: 114
2026-06-11 14:54:27,481 transreid.image_train INFO: mAP: 67.4%
2026-06-11 14:54:27,481 transreid.image_train INFO: CMC curve, Rank-1  :74.7%
2026-06-11 14:54:27,481 transreid.image_train INFO: CMC curve, Rank-5  :78.8%
2026-06-11 14:54:27,481 transreid.image_train INFO: CMC curve, Rank-10 :81.1%
2026-06-11 14:54:27,481 transreid.image_train INFO: Best mAP: 67.8%
2026-06-11 14:54:27,481 transreid.image_train INFO: Best Rank-1: 75.6%
2026-06-11 14:54:27,481 transreid.image_train INFO: Best Rank-5: 79.2%
2026-06-11 14:54:27,481 transreid.image_train INFO: Best Rank-10: 81.9%
2026-06-11 14:54:33,579 transreid.image_train INFO: Epoch[115] Iteration[20/111] Loss: 7.218, Acc: 0.998,Acc1: 0.997,Acc2: 0.969, Base Lr: 1.04e-03,biloss:0.001,icloss:0.530,loss1:1.041, loss2:4.421, loss3:1.057, ploss:0.000,palign:0.000,total_loss:7.049,fceloss:0.0000
2026-06-11 14:54:38,764 transreid.image_train INFO: Epoch[115] Iteration[40/111] Loss: 7.194, Acc: 0.996,Acc1: 0.995,Acc2: 0.972, Base Lr: 1.04e-03,biloss:0.001,icloss:0.559,loss1:1.071, loss2:4.427, loss3:1.226, ploss:0.000,palign:0.000,total_loss:7.283,fceloss:0.0000
2026-06-11 14:54:43,945 transreid.image_train INFO: Epoch[115] Iteration[60/111] Loss: 7.202, Acc: 0.997,Acc1: 0.996,Acc2: 0.959, Base Lr: 1.04e-03,biloss:0.001,icloss:0.587,loss1:1.068, loss2:4.384, loss3:1.794, ploss:0.000,palign:0.000,total_loss:7.833,fceloss:0.0000
2026-06-11 14:54:49,252 transreid.image_train INFO: Epoch[115] Iteration[80/111] Loss: 7.197, Acc: 0.996,Acc1: 0.996,Acc2: 0.954, Base Lr: 1.04e-03,biloss:0.001,icloss:0.550,loss1:1.058, loss2:4.398, loss3:1.055, ploss:0.000,palign:0.000,total_loss:7.062,fceloss:0.0000
2026-06-11 14:54:54,428 transreid.image_train INFO: Epoch[115] Iteration[100/111] Loss: 7.178, Acc: 0.995,Acc1: 0.995,Acc2: 0.956, Base Lr: 1.04e-03,biloss:0.001,icloss:0.564,loss1:1.043, loss2:4.355, loss3:1.056, ploss:0.000,palign:0.000,total_loss:7.019,fceloss:0.0000
2026-06-11 14:54:57,111 transreid.image_train INFO: Epoch 115 done. Time per batch: 44.992[s] Speed: 0.7[samples/s]
2026-06-11 14:55:11,654 transreid.image_train INFO: Validation Results - Epoch: 115
2026-06-11 14:55:11,654 transreid.image_train INFO: mAP: 67.6%
2026-06-11 14:55:11,655 transreid.image_train INFO: CMC curve, Rank-1  :74.7%
2026-06-11 14:55:11,655 transreid.image_train INFO: CMC curve, Rank-5  :79.2%
2026-06-11 14:55:11,655 transreid.image_train INFO: CMC curve, Rank-10 :81.5%
2026-06-11 14:55:11,655 transreid.image_train INFO: Best mAP: 67.8%
2026-06-11 14:55:11,655 transreid.image_train INFO: Best Rank-1: 75.6%
2026-06-11 14:55:11,655 transreid.image_train INFO: Best Rank-5: 79.2%
2026-06-11 14:55:11,655 transreid.image_train INFO: Best Rank-10: 81.9%
2026-06-11 14:55:17,074 transreid.image_train INFO: Epoch[116] Iteration[20/111] Loss: 7.278, Acc: 0.989,Acc1: 0.989,Acc2: 0.942, Base Lr: 9.86e-04,biloss:0.001,icloss:0.517,loss1:1.047, loss2:4.426, loss3:1.065, ploss:0.000,palign:0.000,total_loss:7.055,fceloss:0.0000
2026-06-11 14:55:22,266 transreid.image_train INFO: Epoch[116] Iteration[40/111] Loss: 7.219, Acc: 0.995,Acc1: 0.995,Acc2: 0.963, Base Lr: 9.86e-04,biloss:0.001,icloss:0.598,loss1:1.059, loss2:4.362, loss3:1.349, ploss:0.000,palign:0.000,total_loss:7.369,fceloss:0.0000
2026-06-11 14:55:27,456 transreid.image_train INFO: Epoch[116] Iteration[60/111] Loss: 7.200, Acc: 0.995,Acc1: 0.996,Acc2: 0.960, Base Lr: 9.86e-04,biloss:0.001,icloss:0.557,loss1:1.044, loss2:4.385, loss3:1.237, ploss:0.000,palign:0.000,total_loss:7.224,fceloss:0.0000
2026-06-11 14:55:32,642 transreid.image_train INFO: Epoch[116] Iteration[80/111] Loss: 7.187, Acc: 0.996,Acc1: 0.997,Acc2: 0.961, Base Lr: 9.86e-04,biloss:0.001,icloss:0.522,loss1:1.078, loss2:4.480, loss3:1.092, ploss:0.000,palign:0.000,total_loss:7.173,fceloss:0.0000
2026-06-11 14:55:37,824 transreid.image_train INFO: Epoch[116] Iteration[100/111] Loss: 7.177, Acc: 0.994,Acc1: 0.995,Acc2: 0.954, Base Lr: 9.86e-04,biloss:0.001,icloss:0.570,loss1:1.029, loss2:4.317, loss3:1.212, ploss:0.000,palign:0.000,total_loss:7.130,fceloss:0.0000
2026-06-11 14:55:40,238 transreid.image_train INFO: Epoch 116 done. Time per batch: 45.800[s] Speed: 0.7[samples/s]
2026-06-11 14:55:54,180 transreid.image_train INFO: Validation Results - Epoch: 116
2026-06-11 14:55:54,180 transreid.image_train INFO: mAP: 67.7%
2026-06-11 14:55:54,180 transreid.image_train INFO: CMC curve, Rank-1  :75.1%
2026-06-11 14:55:54,180 transreid.image_train INFO: CMC curve, Rank-5  :79.0%
2026-06-11 14:55:54,180 transreid.image_train INFO: CMC curve, Rank-10 :82.0%
2026-06-11 14:55:54,180 transreid.image_train INFO: Best mAP: 67.8%
2026-06-11 14:55:54,180 transreid.image_train INFO: Best Rank-1: 75.6%
2026-06-11 14:55:54,180 transreid.image_train INFO: Best Rank-5: 79.2%
2026-06-11 14:55:54,180 transreid.image_train INFO: Best Rank-10: 81.9%
2026-06-11 14:55:59,423 transreid.image_train INFO: Epoch[117] Iteration[20/111] Loss: 7.250, Acc: 0.991,Acc1: 0.992,Acc2: 0.964, Base Lr: 9.32e-04,biloss:0.001,icloss:0.563,loss1:1.125, loss2:4.473, loss3:1.130, ploss:0.000,palign:0.000,total_loss:7.292,fceloss:0.0000
2026-06-11 14:56:04,605 transreid.image_train INFO: Epoch[117] Iteration[40/111] Loss: 7.218, Acc: 0.995,Acc1: 0.996,Acc2: 0.968, Base Lr: 9.32e-04,biloss:0.001,icloss:0.525,loss1:1.049, loss2:4.420, loss3:1.062, ploss:0.000,palign:0.000,total_loss:7.058,fceloss:0.0000
2026-06-11 14:56:09,790 transreid.image_train INFO: Epoch[117] Iteration[60/111] Loss: 7.214, Acc: 0.996,Acc1: 0.995,Acc2: 0.962, Base Lr: 9.32e-04,biloss:0.001,icloss:0.568,loss1:1.074, loss2:4.427, loss3:1.083, ploss:0.000,palign:0.000,total_loss:7.152,fceloss:0.0000
2026-06-11 14:56:14,969 transreid.image_train INFO: Epoch[117] Iteration[80/111] Loss: 7.199, Acc: 0.995,Acc1: 0.995,Acc2: 0.961, Base Lr: 9.32e-04,biloss:0.001,icloss:0.519,loss1:1.071, loss2:4.449, loss3:1.078, ploss:0.000,palign:0.000,total_loss:7.117,fceloss:0.0000
2026-06-11 14:56:20,149 transreid.image_train INFO: Epoch[117] Iteration[100/111] Loss: 7.180, Acc: 0.995,Acc1: 0.994,Acc2: 0.959, Base Lr: 9.32e-04,biloss:0.001,icloss:0.569,loss1:1.033, loss2:4.326, loss3:1.035, ploss:0.000,palign:0.000,total_loss:6.965,fceloss:0.0000
2026-06-11 14:56:22,572 transreid.image_train INFO: Epoch 117 done. Time per batch: 46.188[s] Speed: 0.7[samples/s]
2026-06-11 14:56:36,055 transreid.image_train INFO: Validation Results - Epoch: 117
2026-06-11 14:56:36,055 transreid.image_train INFO: mAP: 67.5%
2026-06-11 14:56:36,055 transreid.image_train INFO: CMC curve, Rank-1  :74.9%
2026-06-11 14:56:36,055 transreid.image_train INFO: CMC curve, Rank-5  :79.2%
2026-06-11 14:56:36,055 transreid.image_train INFO: CMC curve, Rank-10 :81.9%
2026-06-11 14:56:36,055 transreid.image_train INFO: Best mAP: 67.8%
2026-06-11 14:56:36,055 transreid.image_train INFO: Best Rank-1: 75.6%
2026-06-11 14:56:36,055 transreid.image_train INFO: Best Rank-5: 79.2%
2026-06-11 14:56:36,055 transreid.image_train INFO: Best Rank-10: 81.9%
2026-06-11 14:56:41,930 transreid.image_train INFO: Epoch[118] Iteration[20/111] Loss: 7.196, Acc: 1.000,Acc1: 1.000,Acc2: 0.983, Base Lr: 8.79e-04,biloss:0.001,icloss:0.532,loss1:1.073, loss2:4.445, loss3:1.084, ploss:0.000,palign:0.000,total_loss:7.135,fceloss:0.0000
2026-06-11 14:56:47,115 transreid.image_train INFO: Epoch[118] Iteration[40/111] Loss: 7.199, Acc: 0.998,Acc1: 0.998,Acc2: 0.972, Base Lr: 8.79e-04,biloss:0.001,icloss:0.526,loss1:1.065, loss2:4.433, loss3:1.077, ploss:0.000,palign:0.000,total_loss:7.102,fceloss:0.0000
2026-06-11 14:56:52,299 transreid.image_train INFO: Epoch[118] Iteration[60/111] Loss: 7.199, Acc: 0.998,Acc1: 0.997,Acc2: 0.967, Base Lr: 8.79e-04,biloss:0.001,icloss:0.568,loss1:1.047, loss2:4.328, loss3:1.052, ploss:0.000,palign:0.000,total_loss:6.995,fceloss:0.0000
2026-06-11 14:56:57,483 transreid.image_train INFO: Epoch[118] Iteration[80/111] Loss: 7.196, Acc: 0.997,Acc1: 0.996,Acc2: 0.962, Base Lr: 8.79e-04,biloss:0.001,icloss:0.581,loss1:1.071, loss2:4.379, loss3:1.073, ploss:0.000,palign:0.000,total_loss:7.106,fceloss:0.0000
2026-06-11 14:57:02,659 transreid.image_train INFO: Epoch[118] Iteration[100/111] Loss: 7.178, Acc: 0.995,Acc1: 0.995,Acc2: 0.958, Base Lr: 8.79e-04,biloss:0.001,icloss:0.520,loss1:1.026, loss2:4.359, loss3:1.032, ploss:0.000,palign:0.000,total_loss:6.937,fceloss:0.0000
2026-06-11 14:57:05,082 transreid.image_train INFO: Epoch 118 done. Time per batch: 46.578[s] Speed: 0.7[samples/s]
2026-06-11 14:57:18,674 transreid.image_train INFO: Validation Results - Epoch: 118
2026-06-11 14:57:18,675 transreid.image_train INFO: mAP: 67.6%
2026-06-11 14:57:18,675 transreid.image_train INFO: CMC curve, Rank-1  :74.9%
2026-06-11 14:57:18,675 transreid.image_train INFO: CMC curve, Rank-5  :79.4%
2026-06-11 14:57:18,675 transreid.image_train INFO: CMC curve, Rank-10 :81.5%
2026-06-11 14:57:18,675 transreid.image_train INFO: Best mAP: 67.8%
2026-06-11 14:57:18,675 transreid.image_train INFO: Best Rank-1: 75.6%
2026-06-11 14:57:18,675 transreid.image_train INFO: Best Rank-5: 79.2%
2026-06-11 14:57:18,675 transreid.image_train INFO: Best Rank-10: 81.9%
2026-06-11 14:57:24,360 transreid.image_train INFO: Epoch[119] Iteration[20/111] Loss: 7.278, Acc: 0.991,Acc1: 0.991,Acc2: 0.947, Base Lr: 8.28e-04,biloss:0.001,icloss:0.561,loss1:1.114, loss2:4.456, loss3:1.203, ploss:0.000,palign:0.000,total_loss:7.335,fceloss:0.0000
2026-06-11 14:57:29,549 transreid.image_train INFO: Epoch[119] Iteration[40/111] Loss: 7.226, Acc: 0.995,Acc1: 0.995,Acc2: 0.961, Base Lr: 8.28e-04,biloss:0.001,icloss:0.546,loss1:1.038, loss2:4.382, loss3:1.051, ploss:0.000,palign:0.000,total_loss:7.017,fceloss:0.0000
2026-06-11 14:57:34,733 transreid.image_train INFO: Epoch[119] Iteration[60/111] Loss: 7.199, Acc: 0.994,Acc1: 0.995,Acc2: 0.965, Base Lr: 8.28e-04,biloss:0.001,icloss:0.550,loss1:1.051, loss2:4.391, loss3:1.138, ploss:0.000,palign:0.000,total_loss:7.131,fceloss:0.0000
2026-06-11 14:57:39,918 transreid.image_train INFO: Epoch[119] Iteration[80/111] Loss: 7.192, Acc: 0.995,Acc1: 0.996,Acc2: 0.959, Base Lr: 8.28e-04,biloss:0.001,icloss:0.591,loss1:1.040, loss2:4.331, loss3:1.181, ploss:0.000,palign:0.000,total_loss:7.145,fceloss:0.0000
2026-06-11 14:57:45,102 transreid.image_train INFO: Epoch[119] Iteration[100/111] Loss: 7.174, Acc: 0.994,Acc1: 0.995,Acc2: 0.960, Base Lr: 8.28e-04,biloss:0.001,icloss:0.546,loss1:1.041, loss2:4.378, loss3:1.120, ploss:0.000,palign:0.000,total_loss:7.085,fceloss:0.0000
2026-06-11 14:57:47,776 transreid.image_train INFO: Epoch 119 done. Time per batch: 46.543[s] Speed: 0.7[samples/s]
2026-06-11 14:58:01,654 transreid.image_train INFO: Validation Results - Epoch: 119
2026-06-11 14:58:01,654 transreid.image_train INFO: mAP: 67.7%
2026-06-11 14:58:01,654 transreid.image_train INFO: CMC curve, Rank-1  :75.1%
2026-06-11 14:58:01,654 transreid.image_train INFO: CMC curve, Rank-5  :79.5%
2026-06-11 14:58:01,655 transreid.image_train INFO: CMC curve, Rank-10 :82.2%
2026-06-11 14:58:01,655 transreid.image_train INFO: Best mAP: 67.8%
2026-06-11 14:58:01,655 transreid.image_train INFO: Best Rank-1: 75.6%
2026-06-11 14:58:01,655 transreid.image_train INFO: Best Rank-5: 79.2%
2026-06-11 14:58:01,655 transreid.image_train INFO: Best Rank-10: 81.9%
2026-06-11 14:58:07,245 transreid.image_train INFO: Epoch[120] Iteration[20/111] Loss: 7.218, Acc: 0.994,Acc1: 0.994,Acc2: 0.961, Base Lr: 7.78e-04,biloss:0.001,icloss:0.542,loss1:1.084, loss2:4.454, loss3:1.102, ploss:0.000,palign:0.000,total_loss:7.183,fceloss:0.0000
2026-06-11 14:58:12,424 transreid.image_train INFO: Epoch[120] Iteration[40/111] Loss: 7.206, Acc: 0.994,Acc1: 0.995,Acc2: 0.961, Base Lr: 7.78e-04,biloss:0.001,icloss:0.552,loss1:1.055, loss2:4.386, loss3:1.069, ploss:0.000,palign:0.000,total_loss:7.062,fceloss:0.0000
2026-06-11 14:58:17,603 transreid.image_train INFO: Epoch[120] Iteration[60/111] Loss: 7.183, Acc: 0.993,Acc1: 0.994,Acc2: 0.967, Base Lr: 7.78e-04,biloss:0.001,icloss:0.536,loss1:1.162, loss2:4.490, loss3:1.157, ploss:0.000,palign:0.000,total_loss:7.345,fceloss:0.0000
2026-06-11 14:58:22,790 transreid.image_train INFO: Epoch[120] Iteration[80/111] Loss: 7.172, Acc: 0.993,Acc1: 0.994,Acc2: 0.963, Base Lr: 7.78e-04,biloss:0.001,icloss:0.571,loss1:1.153, loss2:4.430, loss3:1.168, ploss:0.000,palign:0.000,total_loss:7.321,fceloss:0.0000
2026-06-11 14:58:27,974 transreid.image_train INFO: Epoch[120] Iteration[100/111] Loss: 7.166, Acc: 0.995,Acc1: 0.995,Acc2: 0.959, Base Lr: 7.78e-04,biloss:0.001,icloss:0.556,loss1:1.072, loss2:4.410, loss3:1.075, ploss:0.000,palign:0.000,total_loss:7.114,fceloss:0.0000
2026-06-11 14:58:30,675 transreid.image_train INFO: Epoch 120 done. Time per batch: 46.933[s] Speed: 0.7[samples/s]
2026-06-11 14:58:44,781 transreid.image_train INFO: Validation Results - Epoch: 120
2026-06-11 14:58:44,781 transreid.image_train INFO: mAP: 67.5%
2026-06-11 14:58:44,781 transreid.image_train INFO: CMC curve, Rank-1  :75.1%
2026-06-11 14:58:44,781 transreid.image_train INFO: CMC curve, Rank-5  :79.0%
2026-06-11 14:58:44,781 transreid.image_train INFO: CMC curve, Rank-10 :81.7%
2026-06-11 14:58:44,781 transreid.image_train INFO: Best mAP: 67.8%
2026-06-11 14:58:44,781 transreid.image_train INFO: Best Rank-1: 75.6%
2026-06-11 14:58:44,781 transreid.image_train INFO: Best Rank-5: 79.2%
2026-06-11 14:58:44,781 transreid.image_train INFO: Best Rank-10: 81.9%
2026-06-11 14:58:50,264 transreid.image_train INFO: Epoch[121] Iteration[20/111] Loss: 7.162, Acc: 1.000,Acc1: 1.000,Acc2: 0.972, Base Lr: 7.30e-04,biloss:0.001,icloss:0.525,loss1:1.056, loss2:4.418, loss3:1.068, ploss:0.000,palign:0.000,total_loss:7.068,fceloss:0.0000
2026-06-11 14:58:55,452 transreid.image_train INFO: Epoch[121] Iteration[40/111] Loss: 7.180, Acc: 0.998,Acc1: 0.997,Acc2: 0.971, Base Lr: 7.30e-04,biloss:0.001,icloss:0.552,loss1:1.054, loss2:4.392, loss3:1.065, ploss:0.000,palign:0.000,total_loss:7.064,fceloss:0.0000
2026-06-11 14:59:00,638 transreid.image_train INFO: Epoch[121] Iteration[60/111] Loss: 7.170, Acc: 0.998,Acc1: 0.994,Acc2: 0.969, Base Lr: 7.30e-04,biloss:0.001,icloss:0.533,loss1:1.071, loss2:4.434, loss3:1.073, ploss:0.000,palign:0.000,total_loss:7.111,fceloss:0.0000
2026-06-11 14:59:05,905 transreid.image_train INFO: Epoch[121] Iteration[80/111] Loss: 7.176, Acc: 0.997,Acc1: 0.994,Acc2: 0.963, Base Lr: 7.30e-04,biloss:0.001,icloss:0.528,loss1:1.053, loss2:4.401, loss3:1.058, ploss:0.000,palign:0.000,total_loss:7.040,fceloss:0.0000
2026-06-11 14:59:11,089 transreid.image_train INFO: Epoch[121] Iteration[100/111] Loss: 7.158, Acc: 0.997,Acc1: 0.994,Acc2: 0.961, Base Lr: 7.30e-04,biloss:0.001,icloss:0.569,loss1:1.124, loss2:4.401, loss3:1.301, ploss:0.000,palign:0.000,total_loss:7.396,fceloss:0.0000
2026-06-11 14:59:13,507 transreid.image_train INFO: Epoch 121 done. Time per batch: 47.757[s] Speed: 0.7[samples/s]
2026-06-11 14:59:27,391 transreid.image_train INFO: Validation Results - Epoch: 121
2026-06-11 14:59:27,391 transreid.image_train INFO: mAP: 67.6%
2026-06-11 14:59:27,391 transreid.image_train INFO: CMC curve, Rank-1  :75.3%
2026-06-11 14:59:27,391 transreid.image_train INFO: CMC curve, Rank-5  :79.2%
2026-06-11 14:59:27,391 transreid.image_train INFO: CMC curve, Rank-10 :81.9%
2026-06-11 14:59:27,391 transreid.image_train INFO: Best mAP: 67.8%
2026-06-11 14:59:27,391 transreid.image_train INFO: Best Rank-1: 75.6%
2026-06-11 14:59:27,392 transreid.image_train INFO: Best Rank-5: 79.2%
2026-06-11 14:59:27,392 transreid.image_train INFO: Best Rank-10: 81.9%
2026-06-11 14:59:33,083 transreid.image_train INFO: Epoch[122] Iteration[20/111] Loss: 7.198, Acc: 1.000,Acc1: 1.000,Acc2: 0.953, Base Lr: 6.83e-04,biloss:0.001,icloss:0.545,loss1:1.070, loss2:4.437, loss3:1.264, ploss:0.000,palign:0.000,total_loss:7.316,fceloss:0.0000
2026-06-11 14:59:38,273 transreid.image_train INFO: Epoch[122] Iteration[40/111] Loss: 7.216, Acc: 0.995,Acc1: 0.995,Acc2: 0.959, Base Lr: 6.83e-04,biloss:0.001,icloss:0.536,loss1:1.071, loss2:4.427, loss3:1.073, ploss:0.000,palign:0.000,total_loss:7.108,fceloss:0.0000
2026-06-11 14:59:43,464 transreid.image_train INFO: Epoch[122] Iteration[60/111] Loss: 7.195, Acc: 0.997,Acc1: 0.997,Acc2: 0.961, Base Lr: 6.83e-04,biloss:0.001,icloss:0.537,loss1:1.061, loss2:4.448, loss3:1.258, ploss:0.000,palign:0.000,total_loss:7.306,fceloss:0.0000
2026-06-11 14:59:48,661 transreid.image_train INFO: Epoch[122] Iteration[80/111] Loss: 7.194, Acc: 0.993,Acc1: 0.995,Acc2: 0.955, Base Lr: 6.83e-04,biloss:0.001,icloss:0.545,loss1:1.057, loss2:4.405, loss3:1.078, ploss:0.000,palign:0.000,total_loss:7.086,fceloss:0.0000
2026-06-11 14:59:53,841 transreid.image_train INFO: Epoch[122] Iteration[100/111] Loss: 7.163, Acc: 0.993,Acc1: 0.995,Acc2: 0.956, Base Lr: 6.83e-04,biloss:0.001,icloss:0.556,loss1:1.037, loss2:4.340, loss3:1.048, ploss:0.000,palign:0.000,total_loss:6.981,fceloss:0.0000
2026-06-11 14:59:56,268 transreid.image_train INFO: Epoch 122 done. Time per batch: 48.149[s] Speed: 0.7[samples/s]
2026-06-11 15:00:10,408 transreid.image_train INFO: Validation Results - Epoch: 122
2026-06-11 15:00:10,409 transreid.image_train INFO: mAP: 67.7%
2026-06-11 15:00:10,410 transreid.image_train INFO: CMC curve, Rank-1  :74.9%
2026-06-11 15:00:10,410 transreid.image_train INFO: CMC curve, Rank-5  :79.7%
2026-06-11 15:00:10,410 transreid.image_train INFO: CMC curve, Rank-10 :81.9%
2026-06-11 15:00:10,410 transreid.image_train INFO: Best mAP: 67.8%
2026-06-11 15:00:10,410 transreid.image_train INFO: Best Rank-1: 75.6%
2026-06-11 15:00:10,410 transreid.image_train INFO: Best Rank-5: 79.2%
2026-06-11 15:00:10,410 transreid.image_train INFO: Best Rank-10: 81.9%
2026-06-11 15:00:16,357 transreid.image_train INFO: Epoch[123] Iteration[20/111] Loss: 7.202, Acc: 0.998,Acc1: 1.000,Acc2: 0.972, Base Lr: 6.37e-04,biloss:0.001,icloss:0.578,loss1:1.041, loss2:4.345, loss3:1.054, ploss:0.000,palign:0.000,total_loss:7.019,fceloss:0.0000
2026-06-11 15:00:21,536 transreid.image_train INFO: Epoch[123] Iteration[40/111] Loss: 7.184, Acc: 0.996,Acc1: 0.997,Acc2: 0.974, Base Lr: 6.37e-04,biloss:0.001,icloss:0.521,loss1:1.053, loss2:4.413, loss3:1.062, ploss:0.000,palign:0.000,total_loss:7.051,fceloss:0.0000
2026-06-11 15:00:26,722 transreid.image_train INFO: Epoch[123] Iteration[60/111] Loss: 7.178, Acc: 0.997,Acc1: 0.998,Acc2: 0.964, Base Lr: 6.37e-04,biloss:0.001,icloss:0.531,loss1:1.041, loss2:4.412, loss3:1.057, ploss:0.000,palign:0.000,total_loss:7.042,fceloss:0.0000
2026-06-11 15:00:31,910 transreid.image_train INFO: Epoch[123] Iteration[80/111] Loss: 7.175, Acc: 0.994,Acc1: 0.995,Acc2: 0.958, Base Lr: 6.37e-04,biloss:0.001,icloss:0.541,loss1:1.055, loss2:4.418, loss3:1.316, ploss:0.000,palign:0.000,total_loss:7.331,fceloss:0.0000
2026-06-11 15:00:37,089 transreid.image_train INFO: Epoch[123] Iteration[100/111] Loss: 7.155, Acc: 0.994,Acc1: 0.995,Acc2: 0.961, Base Lr: 6.37e-04,biloss:0.001,icloss:0.547,loss1:1.027, loss2:4.335, loss3:1.039, ploss:0.000,palign:0.000,total_loss:6.948,fceloss:0.0000
2026-06-11 15:00:39,517 transreid.image_train INFO: Epoch 123 done. Time per batch: 48.546[s] Speed: 0.7[samples/s]
2026-06-11 15:00:53,777 transreid.image_train INFO: Validation Results - Epoch: 123
2026-06-11 15:00:53,777 transreid.image_train INFO: mAP: 67.5%
2026-06-11 15:00:53,777 transreid.image_train INFO: CMC curve, Rank-1  :75.3%
2026-06-11 15:00:53,777 transreid.image_train INFO: CMC curve, Rank-5  :79.2%
2026-06-11 15:00:53,777 transreid.image_train INFO: CMC curve, Rank-10 :81.3%
2026-06-11 15:00:53,778 transreid.image_train INFO: Best mAP: 67.8%
2026-06-11 15:00:53,778 transreid.image_train INFO: Best Rank-1: 75.6%
2026-06-11 15:00:53,778 transreid.image_train INFO: Best Rank-5: 79.2%
2026-06-11 15:00:53,778 transreid.image_train INFO: Best Rank-10: 81.9%
2026-06-11 15:00:59,501 transreid.image_train INFO: Epoch[124] Iteration[20/111] Loss: 7.219, Acc: 0.992,Acc1: 0.995,Acc2: 0.963, Base Lr: 5.93e-04,biloss:0.001,icloss:0.524,loss1:1.067, loss2:4.430, loss3:1.073, ploss:0.000,palign:0.000,total_loss:7.094,fceloss:0.0000
2026-06-11 15:01:04,680 transreid.image_train INFO: Epoch[124] Iteration[40/111] Loss: 7.201, Acc: 0.995,Acc1: 0.995,Acc2: 0.963, Base Lr: 5.93e-04,biloss:0.001,icloss:0.542,loss1:1.061, loss2:4.429, loss3:1.134, ploss:0.000,palign:0.000,total_loss:7.167,fceloss:0.0000
2026-06-11 15:01:09,866 transreid.image_train INFO: Epoch[124] Iteration[60/111] Loss: 7.205, Acc: 0.995,Acc1: 0.995,Acc2: 0.959, Base Lr: 5.93e-04,biloss:0.001,icloss:0.527,loss1:1.057, loss2:4.453, loss3:1.320, ploss:0.000,palign:0.000,total_loss:7.358,fceloss:0.0000
2026-06-11 15:01:15,052 transreid.image_train INFO: Epoch[124] Iteration[80/111] Loss: 7.197, Acc: 0.994,Acc1: 0.994,Acc2: 0.961, Base Lr: 5.93e-04,biloss:0.001,icloss:0.542,loss1:1.034, loss2:4.379, loss3:1.448, ploss:0.000,palign:0.000,total_loss:7.403,fceloss:0.0000
2026-06-11 15:01:20,232 transreid.image_train INFO: Epoch[124] Iteration[100/111] Loss: 7.170, Acc: 0.995,Acc1: 0.995,Acc2: 0.959, Base Lr: 5.93e-04,biloss:0.001,icloss:0.547,loss1:1.033, loss2:4.328, loss3:1.034, ploss:0.000,palign:0.000,total_loss:6.943,fceloss:0.0000
2026-06-11 15:01:22,399 transreid.image_train INFO: Epoch 124 done. Time per batch: 49.392[s] Speed: 0.6[samples/s]
2026-06-11 15:01:36,544 transreid.image_train INFO: Validation Results - Epoch: 124
2026-06-11 15:01:36,545 transreid.image_train INFO: mAP: 67.6%
2026-06-11 15:01:36,545 transreid.image_train INFO: CMC curve, Rank-1  :75.1%
2026-06-11 15:01:36,545 transreid.image_train INFO: CMC curve, Rank-5  :79.4%
2026-06-11 15:01:36,545 transreid.image_train INFO: CMC curve, Rank-10 :81.5%
2026-06-11 15:01:36,545 transreid.image_train INFO: Best mAP: 67.8%
2026-06-11 15:01:36,545 transreid.image_train INFO: Best Rank-1: 75.6%
2026-06-11 15:01:36,545 transreid.image_train INFO: Best Rank-5: 79.2%
2026-06-11 15:01:36,545 transreid.image_train INFO: Best Rank-10: 81.9%
2026-06-11 15:01:42,171 transreid.image_train INFO: Epoch[125] Iteration[20/111] Loss: 7.261, Acc: 0.998,Acc1: 0.997,Acc2: 0.956, Base Lr: 5.51e-04,biloss:0.001,icloss:0.534,loss1:1.081, loss2:4.437, loss3:1.097, ploss:0.000,palign:0.000,total_loss:7.150,fceloss:0.0000
2026-06-11 15:01:47,355 transreid.image_train INFO: Epoch[125] Iteration[40/111] Loss: 7.239, Acc: 0.996,Acc1: 0.995,Acc2: 0.957, Base Lr: 5.51e-04,biloss:0.001,icloss:0.558,loss1:1.072, loss2:4.396, loss3:1.073, ploss:0.000,palign:0.000,total_loss:7.100,fceloss:0.0000
2026-06-11 15:01:52,538 transreid.image_train INFO: Epoch[125] Iteration[60/111] Loss: 7.211, Acc: 0.997,Acc1: 0.996,Acc2: 0.962, Base Lr: 5.51e-04,biloss:0.001,icloss:0.590,loss1:1.042, loss2:4.325, loss3:1.047, ploss:0.000,palign:0.000,total_loss:7.004,fceloss:0.0000
2026-06-11 15:01:57,722 transreid.image_train INFO: Epoch[125] Iteration[80/111] Loss: 7.185, Acc: 0.995,Acc1: 0.995,Acc2: 0.963, Base Lr: 5.51e-04,biloss:0.001,icloss:0.543,loss1:1.053, loss2:4.407, loss3:1.060, ploss:0.000,palign:0.000,total_loss:7.063,fceloss:0.0000
2026-06-11 15:02:02,900 transreid.image_train INFO: Epoch[125] Iteration[100/111] Loss: 7.167, Acc: 0.994,Acc1: 0.995,Acc2: 0.961, Base Lr: 5.51e-04,biloss:0.001,icloss:0.538,loss1:1.048, loss2:4.377, loss3:1.163, ploss:0.000,palign:0.000,total_loss:7.127,fceloss:0.0000
2026-06-11 15:02:05,327 transreid.image_train INFO: Epoch 125 done. Time per batch: 49.333[s] Speed: 0.6[samples/s]
2026-06-11 15:02:19,387 transreid.image_train INFO: Validation Results - Epoch: 125
2026-06-11 15:02:19,388 transreid.image_train INFO: mAP: 67.6%
2026-06-11 15:02:19,388 transreid.image_train INFO: CMC curve, Rank-1  :75.1%
2026-06-11 15:02:19,388 transreid.image_train INFO: CMC curve, Rank-5  :79.2%
2026-06-11 15:02:19,388 transreid.image_train INFO: CMC curve, Rank-10 :81.9%
2026-06-11 15:02:19,388 transreid.image_train INFO: Best mAP: 67.8%
2026-06-11 15:02:19,388 transreid.image_train INFO: Best Rank-1: 75.6%
2026-06-11 15:02:19,388 transreid.image_train INFO: Best Rank-5: 79.2%
2026-06-11 15:02:19,388 transreid.image_train INFO: Best Rank-10: 81.9%
2026-06-11 15:02:24,713 transreid.image_train INFO: Epoch[126] Iteration[20/111] Loss: 7.188, Acc: 0.988,Acc1: 0.994,Acc2: 0.973, Base Lr: 5.10e-04,biloss:0.001,icloss:0.571,loss1:1.086, loss2:4.434, loss3:1.116, ploss:0.000,palign:0.000,total_loss:7.208,fceloss:0.0000
2026-06-11 15:02:29,899 transreid.image_train INFO: Epoch[126] Iteration[40/111] Loss: 7.175, Acc: 0.991,Acc1: 0.994,Acc2: 0.966, Base Lr: 5.10e-04,biloss:0.001,icloss:0.547,loss1:1.040, loss2:4.371, loss3:1.053, ploss:0.000,palign:0.000,total_loss:7.011,fceloss:0.0000
2026-06-11 15:02:35,097 transreid.image_train INFO: Epoch[126] Iteration[60/111] Loss: 7.159, Acc: 0.994,Acc1: 0.996,Acc2: 0.967, Base Lr: 5.10e-04,biloss:0.001,icloss:0.548,loss1:1.065, loss2:4.409, loss3:1.087, ploss:0.000,palign:0.000,total_loss:7.109,fceloss:0.0000
2026-06-11 15:02:40,287 transreid.image_train INFO: Epoch[126] Iteration[80/111] Loss: 7.154, Acc: 0.995,Acc1: 0.996,Acc2: 0.961, Base Lr: 5.10e-04,biloss:0.001,icloss:0.571,loss1:1.054, loss2:4.371, loss3:1.059, ploss:0.000,palign:0.000,total_loss:7.054,fceloss:0.0000
2026-06-11 15:02:45,464 transreid.image_train INFO: Epoch[126] Iteration[100/111] Loss: 7.150, Acc: 0.994,Acc1: 0.995,Acc2: 0.958, Base Lr: 5.10e-04,biloss:0.001,icloss:0.544,loss1:1.035, loss2:4.362, loss3:1.034, ploss:0.000,palign:0.000,total_loss:6.976,fceloss:0.0000
2026-06-11 15:02:47,937 transreid.image_train INFO: Epoch 126 done. Time per batch: 49.724[s] Speed: 0.6[samples/s]
2026-06-11 15:03:02,092 transreid.image_train INFO: Validation Results - Epoch: 126
2026-06-11 15:03:02,092 transreid.image_train INFO: mAP: 67.6%
2026-06-11 15:03:02,092 transreid.image_train INFO: CMC curve, Rank-1  :74.9%
2026-06-11 15:03:02,092 transreid.image_train INFO: CMC curve, Rank-5  :79.2%
2026-06-11 15:03:02,092 transreid.image_train INFO: CMC curve, Rank-10 :81.5%
2026-06-11 15:03:02,092 transreid.image_train INFO: Best mAP: 67.8%
2026-06-11 15:03:02,092 transreid.image_train INFO: Best Rank-1: 75.6%
2026-06-11 15:03:02,092 transreid.image_train INFO: Best Rank-5: 79.2%
2026-06-11 15:03:02,092 transreid.image_train INFO: Best Rank-10: 81.9%
2026-06-11 15:03:07,731 transreid.image_train INFO: Epoch[127] Iteration[20/111] Loss: 7.249, Acc: 0.989,Acc1: 0.991,Acc2: 0.948, Base Lr: 4.70e-04,biloss:0.001,icloss:0.562,loss1:1.054, loss2:4.382, loss3:1.076, ploss:0.000,palign:0.000,total_loss:7.075,fceloss:0.0000
2026-06-11 15:03:12,912 transreid.image_train INFO: Epoch[127] Iteration[40/111] Loss: 7.223, Acc: 0.993,Acc1: 0.991,Acc2: 0.959, Base Lr: 4.70e-04,biloss:0.001,icloss:0.576,loss1:1.089, loss2:4.405, loss3:1.096, ploss:0.000,palign:0.000,total_loss:7.166,fceloss:0.0000
2026-06-11 15:03:18,098 transreid.image_train INFO: Epoch[127] Iteration[60/111] Loss: 7.190, Acc: 0.995,Acc1: 0.992,Acc2: 0.958, Base Lr: 4.70e-04,biloss:0.001,icloss:0.550,loss1:1.050, loss2:4.393, loss3:1.172, ploss:0.000,palign:0.000,total_loss:7.166,fceloss:0.0000
2026-06-11 15:03:23,233 transreid.image_train INFO: Epoch[127] Iteration[80/111] Loss: 7.181, Acc: 0.995,Acc1: 0.992,Acc2: 0.957, Base Lr: 4.70e-04,biloss:0.001,icloss:0.553,loss1:1.055, loss2:4.404, loss3:1.135, ploss:0.000,palign:0.000,total_loss:7.147,fceloss:0.0000
2026-06-11 15:03:28,381 transreid.image_train INFO: Epoch[127] Iteration[100/111] Loss: 7.153, Acc: 0.996,Acc1: 0.994,Acc2: 0.960, Base Lr: 4.70e-04,biloss:0.001,icloss:0.522,loss1:1.028, loss2:4.368, loss3:1.033, ploss:0.000,palign:0.000,total_loss:6.952,fceloss:0.0000
2026-06-11 15:03:30,770 transreid.image_train INFO: Epoch 127 done. Time per batch: 50.117[s] Speed: 0.6[samples/s]
2026-06-11 15:03:44,795 transreid.image_train INFO: Validation Results - Epoch: 127
2026-06-11 15:03:44,796 transreid.image_train INFO: mAP: 67.7%
2026-06-11 15:03:44,796 transreid.image_train INFO: CMC curve, Rank-1  :75.1%
2026-06-11 15:03:44,796 transreid.image_train INFO: CMC curve, Rank-5  :79.4%
2026-06-11 15:03:44,796 transreid.image_train INFO: CMC curve, Rank-10 :81.7%
2026-06-11 15:03:44,796 transreid.image_train INFO: Best mAP: 67.8%
2026-06-11 15:03:44,796 transreid.image_train INFO: Best Rank-1: 75.6%
2026-06-11 15:03:44,796 transreid.image_train INFO: Best Rank-5: 79.2%
2026-06-11 15:03:44,796 transreid.image_train INFO: Best Rank-10: 81.9%
2026-06-11 15:03:50,328 transreid.image_train INFO: Epoch[128] Iteration[20/111] Loss: 7.168, Acc: 0.997,Acc1: 0.995,Acc2: 0.988, Base Lr: 4.32e-04,biloss:0.001,icloss:0.517,loss1:1.090, loss2:4.462, loss3:1.102, ploss:0.000,palign:0.000,total_loss:7.171,fceloss:0.0000
2026-06-11 15:03:55,515 transreid.image_train INFO: Epoch[128] Iteration[40/111] Loss: 7.191, Acc: 0.995,Acc1: 0.997,Acc2: 0.968, Base Lr: 4.32e-04,biloss:0.001,icloss:0.561,loss1:1.065, loss2:4.421, loss3:1.334, ploss:0.000,palign:0.000,total_loss:7.382,fceloss:0.0000
2026-06-11 15:04:00,709 transreid.image_train INFO: Epoch[128] Iteration[60/111] Loss: 7.193, Acc: 0.994,Acc1: 0.996,Acc2: 0.962, Base Lr: 4.32e-04,biloss:0.001,icloss:0.565,loss1:1.051, loss2:4.404, loss3:1.388, ploss:0.000,palign:0.000,total_loss:7.409,fceloss:0.0000
2026-06-11 15:04:05,891 transreid.image_train INFO: Epoch[128] Iteration[80/111] Loss: 7.165, Acc: 0.995,Acc1: 0.996,Acc2: 0.969, Base Lr: 4.32e-04,biloss:0.001,icloss:0.537,loss1:1.109, loss2:4.446, loss3:1.120, ploss:0.000,palign:0.000,total_loss:7.214,fceloss:0.0000
2026-06-11 15:04:11,081 transreid.image_train INFO: Epoch[128] Iteration[100/111] Loss: 7.162, Acc: 0.994,Acc1: 0.996,Acc2: 0.964, Base Lr: 4.32e-04,biloss:0.001,icloss:0.577,loss1:1.023, loss2:4.319, loss3:1.218, ploss:0.000,palign:0.000,total_loss:7.138,fceloss:0.0000
2026-06-11 15:04:13,516 transreid.image_train INFO: Epoch 128 done. Time per batch: 50.509[s] Speed: 0.6[samples/s]
2026-06-11 15:04:27,585 transreid.image_train INFO: Validation Results - Epoch: 128
2026-06-11 15:04:27,586 transreid.image_train INFO: mAP: 67.6%
2026-06-11 15:04:27,586 transreid.image_train INFO: CMC curve, Rank-1  :74.9%
2026-06-11 15:04:27,586 transreid.image_train INFO: CMC curve, Rank-5  :79.4%
2026-06-11 15:04:27,586 transreid.image_train INFO: CMC curve, Rank-10 :81.5%
2026-06-11 15:04:27,586 transreid.image_train INFO: Best mAP: 67.8%
2026-06-11 15:04:27,586 transreid.image_train INFO: Best Rank-1: 75.6%
2026-06-11 15:04:27,586 transreid.image_train INFO: Best Rank-5: 79.2%
2026-06-11 15:04:27,586 transreid.image_train INFO: Best Rank-10: 81.9%
2026-06-11 15:04:33,423 transreid.image_train INFO: Epoch[129] Iteration[20/111] Loss: 7.227, Acc: 0.992,Acc1: 0.997,Acc2: 0.959, Base Lr: 3.96e-04,biloss:0.000,icloss:0.544,loss1:1.067, loss2:4.417, loss3:1.070, ploss:0.000,palign:0.000,total_loss:7.099,fceloss:0.0000
2026-06-11 15:04:38,619 transreid.image_train INFO: Epoch[129] Iteration[40/111] Loss: 7.209, Acc: 0.989,Acc1: 0.991,Acc2: 0.966, Base Lr: 3.96e-04,biloss:0.001,icloss:0.532,loss1:1.037, loss2:4.381, loss3:1.043, ploss:0.000,palign:0.000,total_loss:6.994,fceloss:0.0000
2026-06-11 15:04:43,812 transreid.image_train INFO: Epoch[129] Iteration[60/111] Loss: 7.177, Acc: 0.993,Acc1: 0.994,Acc2: 0.969, Base Lr: 3.96e-04,biloss:0.001,icloss:0.565,loss1:1.044, loss2:4.367, loss3:1.188, ploss:0.000,palign:0.000,total_loss:7.164,fceloss:0.0000
2026-06-11 15:04:48,999 transreid.image_train INFO: Epoch[129] Iteration[80/111] Loss: 7.171, Acc: 0.995,Acc1: 0.995,Acc2: 0.966, Base Lr: 3.96e-04,biloss:0.001,icloss:0.557,loss1:1.042, loss2:4.379, loss3:1.229, ploss:0.000,palign:0.000,total_loss:7.207,fceloss:0.0000
2026-06-11 15:04:54,181 transreid.image_train INFO: Epoch[129] Iteration[100/111] Loss: 7.147, Acc: 0.995,Acc1: 0.996,Acc2: 0.967, Base Lr: 3.96e-04,biloss:0.001,icloss:0.567,loss1:1.025, loss2:4.314, loss3:1.034, ploss:0.000,palign:0.000,total_loss:6.941,fceloss:0.0000
2026-06-11 15:04:56,600 transreid.image_train INFO: Epoch 129 done. Time per batch: 50.904[s] Speed: 0.6[samples/s]
2026-06-11 15:05:10,688 transreid.image_train INFO: Validation Results - Epoch: 129
2026-06-11 15:05:10,688 transreid.image_train INFO: mAP: 67.7%
2026-06-11 15:05:10,688 transreid.image_train INFO: CMC curve, Rank-1  :75.1%
2026-06-11 15:05:10,688 transreid.image_train INFO: CMC curve, Rank-5  :79.4%
2026-06-11 15:05:10,689 transreid.image_train INFO: CMC curve, Rank-10 :81.9%
2026-06-11 15:05:10,689 transreid.image_train INFO: Best mAP: 67.8%
2026-06-11 15:05:10,689 transreid.image_train INFO: Best Rank-1: 75.6%
2026-06-11 15:05:10,689 transreid.image_train INFO: Best Rank-5: 79.2%
2026-06-11 15:05:10,689 transreid.image_train INFO: Best Rank-10: 81.9%
2026-06-11 15:05:16,498 transreid.image_train INFO: Epoch[130] Iteration[20/111] Loss: 7.219, Acc: 0.989,Acc1: 0.989,Acc2: 0.950, Base Lr: 3.61e-04,biloss:0.001,icloss:0.544,loss1:1.043, loss2:4.386, loss3:1.059, ploss:0.000,palign:0.000,total_loss:7.033,fceloss:0.0000
2026-06-11 15:05:21,679 transreid.image_train INFO: Epoch[130] Iteration[40/111] Loss: 7.191, Acc: 0.995,Acc1: 0.995,Acc2: 0.952, Base Lr: 3.61e-04,biloss:0.001,icloss:0.560,loss1:1.082, loss2:4.424, loss3:1.089, ploss:0.000,palign:0.000,total_loss:7.156,fceloss:0.0000
2026-06-11 15:05:26,861 transreid.image_train INFO: Epoch[130] Iteration[60/111] Loss: 7.189, Acc: 0.991,Acc1: 0.992,Acc2: 0.957, Base Lr: 3.61e-04,biloss:0.001,icloss:0.549,loss1:1.043, loss2:4.404, loss3:1.171, ploss:0.000,palign:0.000,total_loss:7.168,fceloss:0.0000
2026-06-11 15:05:32,048 transreid.image_train INFO: Epoch[130] Iteration[80/111] Loss: 7.163, Acc: 0.993,Acc1: 0.994,Acc2: 0.961, Base Lr: 3.61e-04,biloss:0.001,icloss:0.574,loss1:1.028, loss2:4.295, loss3:1.039, ploss:0.000,palign:0.000,total_loss:6.937,fceloss:0.0000
2026-06-11 15:05:37,233 transreid.image_train INFO: Epoch[130] Iteration[100/111] Loss: 7.153, Acc: 0.995,Acc1: 0.995,Acc2: 0.958, Base Lr: 3.61e-04,biloss:0.001,icloss:0.572,loss1:1.035, loss2:4.340, loss3:1.112, ploss:0.000,palign:0.000,total_loss:7.060,fceloss:0.0000
2026-06-11 15:05:39,647 transreid.image_train INFO: Epoch 130 done. Time per batch: 51.299[s] Speed: 0.6[samples/s]
2026-06-11 15:05:54,081 transreid.image_train INFO: Validation Results - Epoch: 130
2026-06-11 15:05:54,082 transreid.image_train INFO: mAP: 67.6%
2026-06-11 15:05:54,082 transreid.image_train INFO: CMC curve, Rank-1  :75.1%
2026-06-11 15:05:54,082 transreid.image_train INFO: CMC curve, Rank-5  :79.2%
2026-06-11 15:05:54,082 transreid.image_train INFO: CMC curve, Rank-10 :81.5%
2026-06-11 15:05:54,082 transreid.image_train INFO: Best mAP: 67.8%
2026-06-11 15:05:54,082 transreid.image_train INFO: Best Rank-1: 75.6%
2026-06-11 15:05:54,082 transreid.image_train INFO: Best Rank-5: 79.2%
2026-06-11 15:05:54,082 transreid.image_train INFO: Best Rank-10: 81.9%
2026-06-11 15:05:59,873 transreid.image_train INFO: Epoch[131] Iteration[20/111] Loss: 7.161, Acc: 0.994,Acc1: 0.994,Acc2: 0.963, Base Lr: 3.28e-04,biloss:0.001,icloss:0.557,loss1:1.061, loss2:4.403, loss3:1.130, ploss:0.000,palign:0.000,total_loss:7.152,fceloss:0.0000
2026-06-11 15:06:05,059 transreid.image_train INFO: Epoch[131] Iteration[40/111] Loss: 7.190, Acc: 0.994,Acc1: 0.994,Acc2: 0.954, Base Lr: 3.28e-04,biloss:0.001,icloss:0.525,loss1:1.043, loss2:4.412, loss3:1.048, ploss:0.000,palign:0.000,total_loss:7.028,fceloss:0.0000
2026-06-11 15:06:10,246 transreid.image_train INFO: Epoch[131] Iteration[60/111] Loss: 7.166, Acc: 0.995,Acc1: 0.995,Acc2: 0.965, Base Lr: 3.28e-04,biloss:0.001,icloss:0.544,loss1:1.035, loss2:4.354, loss3:1.042, ploss:0.000,palign:0.000,total_loss:6.976,fceloss:0.0000
2026-06-11 15:06:15,429 transreid.image_train INFO: Epoch[131] Iteration[80/111] Loss: 7.166, Acc: 0.995,Acc1: 0.995,Acc2: 0.956, Base Lr: 3.28e-04,biloss:0.001,icloss:0.538,loss1:1.037, loss2:4.379, loss3:1.124, ploss:0.000,palign:0.000,total_loss:7.078,fceloss:0.0000
2026-06-11 15:06:20,608 transreid.image_train INFO: Epoch[131] Iteration[100/111] Loss: 7.148, Acc: 0.995,Acc1: 0.995,Acc2: 0.956, Base Lr: 3.28e-04,biloss:0.000,icloss:0.568,loss1:1.095, loss2:4.356, loss3:1.200, ploss:0.000,palign:0.000,total_loss:7.219,fceloss:0.0000
2026-06-11 15:06:23,019 transreid.image_train INFO: Epoch 131 done. Time per batch: 51.697[s] Speed: 0.6[samples/s]
2026-06-11 15:06:37,279 transreid.image_train INFO: Validation Results - Epoch: 131
2026-06-11 15:06:37,279 transreid.image_train INFO: mAP: 67.6%
2026-06-11 15:06:37,279 transreid.image_train INFO: CMC curve, Rank-1  :75.1%
2026-06-11 15:06:37,279 transreid.image_train INFO: CMC curve, Rank-5  :79.2%
2026-06-11 15:06:37,279 transreid.image_train INFO: CMC curve, Rank-10 :81.7%
2026-06-11 15:06:37,279 transreid.image_train INFO: Best mAP: 67.8%
2026-06-11 15:06:37,279 transreid.image_train INFO: Best Rank-1: 75.6%
2026-06-11 15:06:37,279 transreid.image_train INFO: Best Rank-5: 79.2%
2026-06-11 15:06:37,279 transreid.image_train INFO: Best Rank-10: 81.9%
2026-06-11 15:06:42,963 transreid.image_train INFO: Epoch[132] Iteration[20/111] Loss: 7.123, Acc: 1.000,Acc1: 1.000,Acc2: 0.984, Base Lr: 2.96e-04,biloss:0.000,icloss:0.574,loss1:1.044, loss2:4.339, loss3:1.045, ploss:0.000,palign:0.000,total_loss:7.003,fceloss:0.0000
2026-06-11 15:06:48,156 transreid.image_train INFO: Epoch[132] Iteration[40/111] Loss: 7.142, Acc: 0.996,Acc1: 0.996,Acc2: 0.976, Base Lr: 2.96e-04,biloss:0.001,icloss:0.519,loss1:1.045, loss2:4.429, loss3:1.053, ploss:0.000,palign:0.000,total_loss:7.046,fceloss:0.0000
2026-06-11 15:06:53,340 transreid.image_train INFO: Epoch[132] Iteration[60/111] Loss: 7.137, Acc: 0.997,Acc1: 0.997,Acc2: 0.973, Base Lr: 2.96e-04,biloss:0.001,icloss:0.537,loss1:1.047, loss2:4.395, loss3:1.062, ploss:0.000,palign:0.000,total_loss:7.041,fceloss:0.0000
2026-06-11 15:06:58,523 transreid.image_train INFO: Epoch[132] Iteration[80/111] Loss: 7.144, Acc: 0.996,Acc1: 0.998,Acc2: 0.966, Base Lr: 2.96e-04,biloss:0.001,icloss:0.572,loss1:1.116, loss2:4.419, loss3:1.128, ploss:0.000,palign:0.000,total_loss:7.235,fceloss:0.0000
2026-06-11 15:07:03,711 transreid.image_train INFO: Epoch[132] Iteration[100/111] Loss: 7.142, Acc: 0.995,Acc1: 0.996,Acc2: 0.962, Base Lr: 2.96e-04,biloss:0.001,icloss:0.554,loss1:1.045, loss2:4.398, loss3:1.324, ploss:0.000,palign:0.000,total_loss:7.322,fceloss:0.0000
2026-06-11 15:07:06,126 transreid.image_train INFO: Epoch 132 done. Time per batch: 52.093[s] Speed: 0.6[samples/s]
2026-06-11 15:07:20,232 transreid.image_train INFO: Validation Results - Epoch: 132
2026-06-11 15:07:20,232 transreid.image_train INFO: mAP: 67.5%
2026-06-11 15:07:20,232 transreid.image_train INFO: CMC curve, Rank-1  :74.9%
2026-06-11 15:07:20,232 transreid.image_train INFO: CMC curve, Rank-5  :79.4%
2026-06-11 15:07:20,232 transreid.image_train INFO: CMC curve, Rank-10 :81.7%
2026-06-11 15:07:20,232 transreid.image_train INFO: Best mAP: 67.8%
2026-06-11 15:07:20,232 transreid.image_train INFO: Best Rank-1: 75.6%
2026-06-11 15:07:20,232 transreid.image_train INFO: Best Rank-5: 79.2%
2026-06-11 15:07:20,233 transreid.image_train INFO: Best Rank-10: 81.9%
2026-06-11 15:07:25,730 transreid.image_train INFO: Epoch[133] Iteration[20/111] Loss: 7.188, Acc: 0.989,Acc1: 0.991,Acc2: 0.967, Base Lr: 2.66e-04,biloss:0.001,icloss:0.559,loss1:1.062, loss2:4.377, loss3:1.057, ploss:0.000,palign:0.000,total_loss:7.054,fceloss:0.0000
2026-06-11 15:07:30,911 transreid.image_train INFO: Epoch[133] Iteration[40/111] Loss: 7.157, Acc: 0.995,Acc1: 0.995,Acc2: 0.979, Base Lr: 2.66e-04,biloss:0.001,icloss:0.558,loss1:1.055, loss2:4.390, loss3:1.068, ploss:0.000,palign:0.000,total_loss:7.072,fceloss:0.0000
2026-06-11 15:07:36,094 transreid.image_train INFO: Epoch[133] Iteration[60/111] Loss: 7.147, Acc: 0.994,Acc1: 0.995,Acc2: 0.975, Base Lr: 2.66e-04,biloss:0.001,icloss:0.535,loss1:1.051, loss2:4.428, loss3:1.220, ploss:0.000,palign:0.000,total_loss:7.233,fceloss:0.0000
2026-06-11 15:07:41,288 transreid.image_train INFO: Epoch[133] Iteration[80/111] Loss: 7.164, Acc: 0.994,Acc1: 0.995,Acc2: 0.968, Base Lr: 2.66e-04,biloss:0.001,icloss:0.534,loss1:1.059, loss2:4.436, loss3:1.142, ploss:0.000,palign:0.000,total_loss:7.171,fceloss:0.0000
2026-06-11 15:07:46,472 transreid.image_train INFO: Epoch[133] Iteration[100/111] Loss: 7.144, Acc: 0.995,Acc1: 0.996,Acc2: 0.965, Base Lr: 2.66e-04,biloss:0.001,icloss:0.569,loss1:1.033, loss2:4.350, loss3:1.403, ploss:0.000,palign:0.000,total_loss:7.355,fceloss:0.0000
2026-06-11 15:07:48,903 transreid.image_train INFO: Epoch 133 done. Time per batch: 52.485[s] Speed: 0.6[samples/s]
2026-06-11 15:08:02,989 transreid.image_train INFO: Validation Results - Epoch: 133
2026-06-11 15:08:02,989 transreid.image_train INFO: mAP: 67.6%
2026-06-11 15:08:02,989 transreid.image_train INFO: CMC curve, Rank-1  :75.3%
2026-06-11 15:08:02,989 transreid.image_train INFO: CMC curve, Rank-5  :79.2%
2026-06-11 15:08:02,989 transreid.image_train INFO: CMC curve, Rank-10 :81.3%
2026-06-11 15:08:02,989 transreid.image_train INFO: Best mAP: 67.8%
2026-06-11 15:08:02,989 transreid.image_train INFO: Best Rank-1: 75.6%
2026-06-11 15:08:02,989 transreid.image_train INFO: Best Rank-5: 79.2%
2026-06-11 15:08:02,990 transreid.image_train INFO: Best Rank-10: 81.9%
2026-06-11 15:08:09,175 transreid.image_train INFO: Epoch[134] Iteration[20/111] Loss: 7.203, Acc: 0.989,Acc1: 0.989,Acc2: 0.980, Base Lr: 2.38e-04,biloss:0.001,icloss:0.537,loss1:1.053, loss2:4.413, loss3:1.177, ploss:0.000,palign:0.000,total_loss:7.181,fceloss:0.0000
2026-06-11 15:08:14,357 transreid.image_train INFO: Epoch[134] Iteration[40/111] Loss: 7.191, Acc: 0.995,Acc1: 0.995,Acc2: 0.966, Base Lr: 2.38e-04,biloss:0.001,icloss:0.566,loss1:1.070, loss2:4.385, loss3:1.077, ploss:0.000,palign:0.000,total_loss:7.099,fceloss:0.0000
2026-06-11 15:08:19,540 transreid.image_train INFO: Epoch[134] Iteration[60/111] Loss: 7.177, Acc: 0.993,Acc1: 0.993,Acc2: 0.967, Base Lr: 2.38e-04,biloss:0.001,icloss:0.562,loss1:1.056, loss2:4.413, loss3:1.266, ploss:0.000,palign:0.000,total_loss:7.298,fceloss:0.0000
2026-06-11 15:08:24,718 transreid.image_train INFO: Epoch[134] Iteration[80/111] Loss: 7.173, Acc: 0.994,Acc1: 0.994,Acc2: 0.959, Base Lr: 2.38e-04,biloss:0.001,icloss:0.548,loss1:1.043, loss2:4.361, loss3:1.042, ploss:0.000,palign:0.000,total_loss:6.995,fceloss:0.0000
2026-06-11 15:08:29,901 transreid.image_train INFO: Epoch[134] Iteration[100/111] Loss: 7.147, Acc: 0.995,Acc1: 0.995,Acc2: 0.962, Base Lr: 2.38e-04,biloss:0.001,icloss:0.566,loss1:1.025, loss2:4.292, loss3:1.031, ploss:0.000,palign:0.000,total_loss:6.915,fceloss:0.0000
2026-06-11 15:08:32,570 transreid.image_train INFO: Epoch 134 done. Time per batch: 52.405[s] Speed: 0.6[samples/s]
2026-06-11 15:08:47,297 transreid.image_train INFO: Validation Results - Epoch: 134
2026-06-11 15:08:47,297 transreid.image_train INFO: mAP: 67.6%
2026-06-11 15:08:47,297 transreid.image_train INFO: CMC curve, Rank-1  :75.3%
2026-06-11 15:08:47,297 transreid.image_train INFO: CMC curve, Rank-5  :79.2%
2026-06-11 15:08:47,297 transreid.image_train INFO: CMC curve, Rank-10 :81.3%
2026-06-11 15:08:47,297 transreid.image_train INFO: Best mAP: 67.8%
2026-06-11 15:08:47,298 transreid.image_train INFO: Best Rank-1: 75.6%
2026-06-11 15:08:47,298 transreid.image_train INFO: Best Rank-5: 79.2%
2026-06-11 15:08:47,298 transreid.image_train INFO: Best Rank-10: 81.9%
2026-06-11 15:08:53,584 transreid.image_train INFO: Epoch[135] Iteration[20/111] Loss: 7.158, Acc: 0.997,Acc1: 0.997,Acc2: 0.958, Base Lr: 2.11e-04,biloss:0.001,icloss:0.543,loss1:1.052, loss2:4.423, loss3:1.238, ploss:0.000,palign:0.000,total_loss:7.256,fceloss:0.0000
2026-06-11 15:08:58,760 transreid.image_train INFO: Epoch[135] Iteration[40/111] Loss: 7.162, Acc: 0.992,Acc1: 0.992,Acc2: 0.963, Base Lr: 2.11e-04,biloss:0.000,icloss:0.566,loss1:1.044, loss2:4.358, loss3:1.056, ploss:0.000,palign:0.000,total_loss:7.023,fceloss:0.0000
2026-06-11 15:09:03,942 transreid.image_train INFO: Epoch[135] Iteration[60/111] Loss: 7.161, Acc: 0.994,Acc1: 0.994,Acc2: 0.969, Base Lr: 2.11e-04,biloss:0.001,icloss:0.560,loss1:1.120, loss2:4.432, loss3:1.133, ploss:0.000,palign:0.000,total_loss:7.245,fceloss:0.0000
2026-06-11 15:09:09,122 transreid.image_train INFO: Epoch[135] Iteration[80/111] Loss: 7.157, Acc: 0.995,Acc1: 0.995,Acc2: 0.964, Base Lr: 2.11e-04,biloss:0.001,icloss:0.574,loss1:1.040, loss2:4.352, loss3:1.050, ploss:0.000,palign:0.000,total_loss:7.017,fceloss:0.0000
2026-06-11 15:09:14,298 transreid.image_train INFO: Epoch[135] Iteration[100/111] Loss: 7.146, Acc: 0.995,Acc1: 0.995,Acc2: 0.961, Base Lr: 2.11e-04,biloss:0.001,icloss:0.559,loss1:1.024, loss2:4.307, loss3:1.206, ploss:0.000,palign:0.000,total_loss:7.098,fceloss:0.0000
2026-06-11 15:09:16,722 transreid.image_train INFO: Epoch 135 done. Time per batch: 53.291[s] Speed: 0.6[samples/s]
2026-06-11 15:09:31,241 transreid.image_train INFO: Validation Results - Epoch: 135
2026-06-11 15:09:31,241 transreid.image_train INFO: mAP: 67.5%
2026-06-11 15:09:31,241 transreid.image_train INFO: CMC curve, Rank-1  :74.9%
2026-06-11 15:09:31,241 transreid.image_train INFO: CMC curve, Rank-5  :79.4%
2026-06-11 15:09:31,241 transreid.image_train INFO: CMC curve, Rank-10 :81.3%
2026-06-11 15:09:31,241 transreid.image_train INFO: Best mAP: 67.8%
2026-06-11 15:09:31,241 transreid.image_train INFO: Best Rank-1: 75.6%
2026-06-11 15:09:31,241 transreid.image_train INFO: Best Rank-5: 79.2%
2026-06-11 15:09:31,241 transreid.image_train INFO: Best Rank-10: 81.9%
2026-06-11 15:09:37,306 transreid.image_train INFO: Epoch[136] Iteration[20/111] Loss: 7.216, Acc: 0.992,Acc1: 0.991,Acc2: 0.955, Base Lr: 1.86e-04,biloss:0.001,icloss:0.527,loss1:1.048, loss2:4.418, loss3:1.387, ploss:0.000,palign:0.000,total_loss:7.380,fceloss:0.0000
2026-06-11 15:09:42,489 transreid.image_train INFO: Epoch[136] Iteration[40/111] Loss: 7.182, Acc: 0.995,Acc1: 0.995,Acc2: 0.969, Base Lr: 1.86e-04,biloss:0.001,icloss:0.521,loss1:1.067, loss2:4.444, loss3:1.067, ploss:0.000,palign:0.000,total_loss:7.099,fceloss:0.0000
2026-06-11 15:09:47,671 transreid.image_train INFO: Epoch[136] Iteration[60/111] Loss: 7.169, Acc: 0.994,Acc1: 0.994,Acc2: 0.965, Base Lr: 1.86e-04,biloss:0.001,icloss:0.549,loss1:1.129, loss2:4.458, loss3:1.198, ploss:0.000,palign:0.000,total_loss:7.334,fceloss:0.0000
2026-06-11 15:09:52,856 transreid.image_train INFO: Epoch[136] Iteration[80/111] Loss: 7.156, Acc: 0.995,Acc1: 0.995,Acc2: 0.959, Base Lr: 1.86e-04,biloss:0.001,icloss:0.551,loss1:1.035, loss2:4.358, loss3:1.049, ploss:0.000,palign:0.000,total_loss:6.993,fceloss:0.0000
2026-06-11 15:09:58,033 transreid.image_train INFO: Epoch[136] Iteration[100/111] Loss: 7.137, Acc: 0.996,Acc1: 0.996,Acc2: 0.960, Base Lr: 1.86e-04,biloss:0.001,icloss:0.556,loss1:1.036, loss2:4.360, loss3:1.045, ploss:0.000,palign:0.000,total_loss:6.998,fceloss:0.0000
2026-06-11 15:10:00,470 transreid.image_train INFO: Epoch 136 done. Time per batch: 53.692[s] Speed: 0.6[samples/s]
2026-06-11 15:10:15,443 transreid.image_train INFO: Validation Results - Epoch: 136
2026-06-11 15:10:15,443 transreid.image_train INFO: mAP: 67.5%
2026-06-11 15:10:15,443 transreid.image_train INFO: CMC curve, Rank-1  :74.9%
2026-06-11 15:10:15,443 transreid.image_train INFO: CMC curve, Rank-5  :79.0%
2026-06-11 15:10:15,443 transreid.image_train INFO: CMC curve, Rank-10 :81.1%
2026-06-11 15:10:15,443 transreid.image_train INFO: Best mAP: 67.8%
2026-06-11 15:10:15,444 transreid.image_train INFO: Best Rank-1: 75.6%
2026-06-11 15:10:15,444 transreid.image_train INFO: Best Rank-5: 79.2%
2026-06-11 15:10:15,444 transreid.image_train INFO: Best Rank-10: 81.9%
2026-06-11 15:10:21,677 transreid.image_train INFO: Epoch[137] Iteration[20/111] Loss: 7.182, Acc: 0.994,Acc1: 0.994,Acc2: 0.950, Base Lr: 1.63e-04,biloss:0.001,icloss:0.531,loss1:1.058, loss2:4.446, loss3:1.065, ploss:0.000,palign:0.000,total_loss:7.101,fceloss:0.0000
2026-06-11 15:10:26,859 transreid.image_train INFO: Epoch[137] Iteration[40/111] Loss: 7.167, Acc: 0.995,Acc1: 0.995,Acc2: 0.961, Base Lr: 1.63e-04,biloss:0.001,icloss:0.520,loss1:1.070, loss2:4.457, loss3:1.194, ploss:0.000,palign:0.000,total_loss:7.241,fceloss:0.0000
2026-06-11 15:10:32,047 transreid.image_train INFO: Epoch[137] Iteration[60/111] Loss: 7.157, Acc: 0.996,Acc1: 0.996,Acc2: 0.964, Base Lr: 1.63e-04,biloss:0.001,icloss:0.533,loss1:1.103, loss2:4.474, loss3:1.129, ploss:0.000,palign:0.000,total_loss:7.240,fceloss:0.0000
2026-06-11 15:10:37,230 transreid.image_train INFO: Epoch[137] Iteration[80/111] Loss: 7.157, Acc: 0.995,Acc1: 0.995,Acc2: 0.961, Base Lr: 1.63e-04,biloss:0.001,icloss:0.563,loss1:1.069, loss2:4.388, loss3:1.083, ploss:0.000,palign:0.000,total_loss:7.104,fceloss:0.0000
2026-06-11 15:10:42,408 transreid.image_train INFO: Epoch[137] Iteration[100/111] Loss: 7.146, Acc: 0.996,Acc1: 0.996,Acc2: 0.956, Base Lr: 1.63e-04,biloss:0.001,icloss:0.541,loss1:1.023, loss2:4.319, loss3:1.036, ploss:0.000,palign:0.000,total_loss:6.919,fceloss:0.0000
2026-06-11 15:10:44,820 transreid.image_train INFO: Epoch 137 done. Time per batch: 54.099[s] Speed: 0.6[samples/s]
2026-06-11 15:10:59,681 transreid.image_train INFO: Validation Results - Epoch: 137
2026-06-11 15:10:59,681 transreid.image_train INFO: mAP: 67.5%
2026-06-11 15:10:59,681 transreid.image_train INFO: CMC curve, Rank-1  :74.7%
2026-06-11 15:10:59,682 transreid.image_train INFO: CMC curve, Rank-5  :79.4%
2026-06-11 15:10:59,682 transreid.image_train INFO: CMC curve, Rank-10 :81.1%
2026-06-11 15:10:59,682 transreid.image_train INFO: Best mAP: 67.8%
2026-06-11 15:10:59,682 transreid.image_train INFO: Best Rank-1: 75.6%
2026-06-11 15:10:59,682 transreid.image_train INFO: Best Rank-5: 79.2%
2026-06-11 15:10:59,682 transreid.image_train INFO: Best Rank-10: 81.9%
2026-06-11 15:11:05,475 transreid.image_train INFO: Epoch[138] Iteration[20/111] Loss: 7.140, Acc: 0.994,Acc1: 0.994,Acc2: 0.970, Base Lr: 1.41e-04,biloss:0.001,icloss:0.543,loss1:1.058, loss2:4.417, loss3:1.067, ploss:0.000,palign:0.000,total_loss:7.087,fceloss:0.0000
2026-06-11 15:11:10,657 transreid.image_train INFO: Epoch[138] Iteration[40/111] Loss: 7.155, Acc: 0.995,Acc1: 0.993,Acc2: 0.970, Base Lr: 1.41e-04,biloss:0.000,icloss:0.571,loss1:1.058, loss2:4.435, loss3:1.245, ploss:0.000,palign:0.000,total_loss:7.309,fceloss:0.0000
2026-06-11 15:11:15,837 transreid.image_train INFO: Epoch[138] Iteration[60/111] Loss: 7.148, Acc: 0.995,Acc1: 0.994,Acc2: 0.970, Base Lr: 1.41e-04,biloss:0.001,icloss:0.556,loss1:1.044, loss2:4.389, loss3:1.216, ploss:0.000,palign:0.000,total_loss:7.207,fceloss:0.0000
2026-06-11 15:11:21,019 transreid.image_train INFO: Epoch[138] Iteration[80/111] Loss: 7.144, Acc: 0.995,Acc1: 0.995,Acc2: 0.964, Base Lr: 1.41e-04,biloss:0.001,icloss:0.556,loss1:1.030, loss2:4.345, loss3:1.208, ploss:0.000,palign:0.000,total_loss:7.139,fceloss:0.0000
2026-06-11 15:11:26,192 transreid.image_train INFO: Epoch[138] Iteration[100/111] Loss: 7.133, Acc: 0.996,Acc1: 0.996,Acc2: 0.964, Base Lr: 1.41e-04,biloss:0.001,icloss:0.553,loss1:1.030, loss2:4.330, loss3:1.120, ploss:0.000,palign:0.000,total_loss:7.033,fceloss:0.0000
2026-06-11 15:11:28,602 transreid.image_train INFO: Epoch 138 done. Time per batch: 54.501[s] Speed: 0.6[samples/s]
2026-06-11 15:11:43,295 transreid.image_train INFO: Validation Results - Epoch: 138
2026-06-11 15:11:43,295 transreid.image_train INFO: mAP: 67.6%
2026-06-11 15:11:43,295 transreid.image_train INFO: CMC curve, Rank-1  :75.1%
2026-06-11 15:11:43,295 transreid.image_train INFO: CMC curve, Rank-5  :79.2%
2026-06-11 15:11:43,295 transreid.image_train INFO: CMC curve, Rank-10 :81.3%
2026-06-11 15:11:43,295 transreid.image_train INFO: Best mAP: 67.8%
2026-06-11 15:11:43,295 transreid.image_train INFO: Best Rank-1: 75.6%
2026-06-11 15:11:43,295 transreid.image_train INFO: Best Rank-5: 79.2%
2026-06-11 15:11:43,295 transreid.image_train INFO: Best Rank-10: 81.9%
2026-06-11 15:11:49,442 transreid.image_train INFO: Epoch[139] Iteration[20/111] Loss: 7.164, Acc: 0.995,Acc1: 0.997,Acc2: 0.958, Base Lr: 1.21e-04,biloss:0.001,icloss:0.549,loss1:1.054, loss2:4.418, loss3:1.069, ploss:0.000,palign:0.000,total_loss:7.090,fceloss:0.0000
2026-06-11 15:11:54,623 transreid.image_train INFO: Epoch[139] Iteration[40/111] Loss: 7.180, Acc: 0.990,Acc1: 0.991,Acc2: 0.957, Base Lr: 1.21e-04,biloss:0.001,icloss:0.547,loss1:1.112, loss2:4.458, loss3:1.116, ploss:0.000,palign:0.000,total_loss:7.234,fceloss:0.0000
2026-06-11 15:11:59,808 transreid.image_train INFO: Epoch[139] Iteration[60/111] Loss: 7.164, Acc: 0.993,Acc1: 0.994,Acc2: 0.955, Base Lr: 1.21e-04,biloss:0.001,icloss:0.537,loss1:1.043, loss2:4.394, loss3:1.060, ploss:0.000,palign:0.000,total_loss:7.035,fceloss:0.0000
2026-06-11 15:12:04,990 transreid.image_train INFO: Epoch[139] Iteration[80/111] Loss: 7.164, Acc: 0.994,Acc1: 0.995,Acc2: 0.956, Base Lr: 1.21e-04,biloss:0.001,icloss:0.544,loss1:1.058, loss2:4.393, loss3:1.061, ploss:0.000,palign:0.000,total_loss:7.057,fceloss:0.0000
2026-06-11 15:12:10,166 transreid.image_train INFO: Epoch[139] Iteration[100/111] Loss: 7.139, Acc: 0.995,Acc1: 0.996,Acc2: 0.962, Base Lr: 1.21e-04,biloss:0.001,icloss:0.571,loss1:1.030, loss2:4.315, loss3:1.039, ploss:0.000,palign:0.000,total_loss:6.956,fceloss:0.0000
2026-06-11 15:12:12,552 transreid.image_train INFO: Epoch 139 done. Time per batch: 54.904[s] Speed: 0.6[samples/s]
2026-06-11 15:12:27,287 transreid.image_train INFO: Validation Results - Epoch: 139
2026-06-11 15:12:27,287 transreid.image_train INFO: mAP: 67.5%
2026-06-11 15:12:27,288 transreid.image_train INFO: CMC curve, Rank-1  :74.9%
2026-06-11 15:12:27,288 transreid.image_train INFO: CMC curve, Rank-5  :79.2%
2026-06-11 15:12:27,288 transreid.image_train INFO: CMC curve, Rank-10 :81.3%
2026-06-11 15:12:27,288 transreid.image_train INFO: Best mAP: 67.8%
2026-06-11 15:12:27,288 transreid.image_train INFO: Best Rank-1: 75.6%
2026-06-11 15:12:27,288 transreid.image_train INFO: Best Rank-5: 79.2%
2026-06-11 15:12:27,288 transreid.image_train INFO: Best Rank-10: 81.9%
2026-06-11 15:12:33,771 transreid.image_train INFO: Epoch[140] Iteration[20/111] Loss: 7.166, Acc: 1.000,Acc1: 1.000,Acc2: 0.978, Base Lr: 1.03e-04,biloss:0.001,icloss:0.541,loss1:1.075, loss2:4.448, loss3:1.081, ploss:0.000,palign:0.000,total_loss:7.145,fceloss:0.0000
2026-06-11 15:12:38,954 transreid.image_train INFO: Epoch[140] Iteration[40/111] Loss: 7.178, Acc: 0.998,Acc1: 0.998,Acc2: 0.970, Base Lr: 1.03e-04,biloss:0.001,icloss:0.607,loss1:1.038, loss2:4.297, loss3:1.054, ploss:0.000,palign:0.000,total_loss:6.997,fceloss:0.0000
2026-06-11 15:12:44,175 transreid.image_train INFO: Epoch[140] Iteration[60/111] Loss: 7.158, Acc: 0.998,Acc1: 0.999,Acc2: 0.969, Base Lr: 1.03e-04,biloss:0.001,icloss:0.558,loss1:1.048, loss2:4.383, loss3:1.062, ploss:0.000,palign:0.000,total_loss:7.052,fceloss:0.0000
2026-06-11 15:12:49,361 transreid.image_train INFO: Epoch[140] Iteration[80/111] Loss: 7.143, Acc: 0.998,Acc1: 0.999,Acc2: 0.968, Base Lr: 1.03e-04,biloss:0.001,icloss:0.596,loss1:1.034, loss2:4.310, loss3:1.045, ploss:0.000,palign:0.000,total_loss:6.986,fceloss:0.0000
2026-06-11 15:12:54,544 transreid.image_train INFO: Epoch[140] Iteration[100/111] Loss: 7.147, Acc: 0.995,Acc1: 0.996,Acc2: 0.963, Base Lr: 1.03e-04,biloss:0.001,icloss:0.567,loss1:1.036, loss2:4.350, loss3:1.057, ploss:0.000,palign:0.000,total_loss:7.010,fceloss:0.0000
2026-06-11 15:12:56,974 transreid.image_train INFO: Epoch 140 done. Time per batch: 55.311[s] Speed: 0.6[samples/s]
2026-06-11 15:13:11,772 transreid.image_train INFO: Validation Results - Epoch: 140
2026-06-11 15:13:11,772 transreid.image_train INFO: mAP: 67.7%
2026-06-11 15:13:11,773 transreid.image_train INFO: CMC curve, Rank-1  :75.1%
2026-06-11 15:13:11,773 transreid.image_train INFO: CMC curve, Rank-5  :79.2%
2026-06-11 15:13:11,773 transreid.image_train INFO: CMC curve, Rank-10 :81.1%
2026-06-11 15:13:11,773 transreid.image_train INFO: Best mAP: 67.8%
2026-06-11 15:13:11,773 transreid.image_train INFO: Best Rank-1: 75.6%
2026-06-11 15:13:11,773 transreid.image_train INFO: Best Rank-5: 79.2%
2026-06-11 15:13:11,773 transreid.image_train INFO: Best Rank-10: 81.9%
2026-06-11 15:13:18,123 transreid.image_train INFO: Epoch[141] Iteration[20/111] Loss: 7.215, Acc: 0.994,Acc1: 0.994,Acc2: 0.950, Base Lr: 8.67e-05,biloss:0.001,icloss:0.542,loss1:1.044, loss2:4.406, loss3:1.216, ploss:0.000,palign:0.000,total_loss:7.209,fceloss:0.0000
2026-06-11 15:13:23,305 transreid.image_train INFO: Epoch[141] Iteration[40/111] Loss: 7.190, Acc: 0.995,Acc1: 0.995,Acc2: 0.950, Base Lr: 8.67e-05,biloss:0.001,icloss:0.558,loss1:1.057, loss2:4.377, loss3:1.069, ploss:0.000,palign:0.000,total_loss:7.062,fceloss:0.0000
2026-06-11 15:13:28,492 transreid.image_train INFO: Epoch[141] Iteration[60/111] Loss: 7.166, Acc: 0.994,Acc1: 0.994,Acc2: 0.954, Base Lr: 8.67e-05,biloss:0.001,icloss:0.529,loss1:1.043, loss2:4.410, loss3:1.056, ploss:0.000,palign:0.000,total_loss:7.039,fceloss:0.0000
2026-06-11 15:13:33,684 transreid.image_train INFO: Epoch[141] Iteration[80/111] Loss: 7.155, Acc: 0.995,Acc1: 0.995,Acc2: 0.956, Base Lr: 8.67e-05,biloss:0.001,icloss:0.517,loss1:1.031, loss2:4.405, loss3:1.103, ploss:0.000,palign:0.000,total_loss:7.056,fceloss:0.0000
2026-06-11 15:13:38,865 transreid.image_train INFO: Epoch[141] Iteration[100/111] Loss: 7.136, Acc: 0.995,Acc1: 0.996,Acc2: 0.959, Base Lr: 8.67e-05,biloss:0.001,icloss:0.544,loss1:1.039, loss2:4.352, loss3:1.043, ploss:0.000,palign:0.000,total_loss:6.978,fceloss:0.0000
2026-06-11 15:13:41,330 transreid.image_train INFO: Epoch 141 done. Time per batch: 55.718[s] Speed: 0.6[samples/s]
2026-06-11 15:13:56,177 transreid.image_train INFO: Validation Results - Epoch: 141
2026-06-11 15:13:56,177 transreid.image_train INFO: mAP: 67.7%
2026-06-11 15:13:56,177 transreid.image_train INFO: CMC curve, Rank-1  :75.3%
2026-06-11 15:13:56,177 transreid.image_train INFO: CMC curve, Rank-5  :79.2%
2026-06-11 15:13:56,177 transreid.image_train INFO: CMC curve, Rank-10 :81.3%
2026-06-11 15:13:56,177 transreid.image_train INFO: Best mAP: 67.8%
2026-06-11 15:13:56,177 transreid.image_train INFO: Best Rank-1: 75.6%
2026-06-11 15:13:56,177 transreid.image_train INFO: Best Rank-5: 79.2%
2026-06-11 15:13:56,177 transreid.image_train INFO: Best Rank-10: 81.9%
2026-06-11 15:14:02,588 transreid.image_train INFO: Epoch[142] Iteration[20/111] Loss: 7.184, Acc: 0.992,Acc1: 0.992,Acc2: 0.959, Base Lr: 7.19e-05,biloss:0.001,icloss:0.518,loss1:1.070, loss2:4.463, loss3:1.339, ploss:0.000,palign:0.000,total_loss:7.391,fceloss:0.0000
2026-06-11 15:14:07,775 transreid.image_train INFO: Epoch[142] Iteration[40/111] Loss: 7.167, Acc: 0.996,Acc1: 0.996,Acc2: 0.973, Base Lr: 7.19e-05,biloss:0.001,icloss:0.561,loss1:1.210, loss2:4.526, loss3:1.199, ploss:0.000,palign:0.000,total_loss:7.497,fceloss:0.0000
2026-06-11 15:14:12,966 transreid.image_train INFO: Epoch[142] Iteration[60/111] Loss: 7.192, Acc: 0.995,Acc1: 0.995,Acc2: 0.969, Base Lr: 7.19e-05,biloss:0.001,icloss:0.531,loss1:1.109, loss2:4.499, loss3:1.186, ploss:0.000,palign:0.000,total_loss:7.325,fceloss:0.0000
2026-06-11 15:14:18,157 transreid.image_train INFO: Epoch[142] Iteration[80/111] Loss: 7.177, Acc: 0.995,Acc1: 0.995,Acc2: 0.970, Base Lr: 7.19e-05,biloss:0.001,icloss:0.585,loss1:1.043, loss2:4.317, loss3:1.044, ploss:0.000,palign:0.000,total_loss:6.989,fceloss:0.0000
2026-06-11 15:14:23,337 transreid.image_train INFO: Epoch[142] Iteration[100/111] Loss: 7.152, Acc: 0.995,Acc1: 0.996,Acc2: 0.965, Base Lr: 7.19e-05,biloss:0.001,icloss:0.548,loss1:1.025, loss2:4.311, loss3:1.033, ploss:0.000,palign:0.000,total_loss:6.918,fceloss:0.0000
2026-06-11 15:14:25,779 transreid.image_train INFO: Epoch 142 done. Time per batch: 56.126[s] Speed: 0.6[samples/s]
2026-06-11 15:14:40,450 transreid.image_train INFO: Validation Results - Epoch: 142
2026-06-11 15:14:40,450 transreid.image_train INFO: mAP: 67.6%
2026-06-11 15:14:40,451 transreid.image_train INFO: CMC curve, Rank-1  :75.1%
2026-06-11 15:14:40,451 transreid.image_train INFO: CMC curve, Rank-5  :79.2%
2026-06-11 15:14:40,451 transreid.image_train INFO: CMC curve, Rank-10 :81.3%
2026-06-11 15:14:40,451 transreid.image_train INFO: Best mAP: 67.8%
2026-06-11 15:14:40,451 transreid.image_train INFO: Best Rank-1: 75.6%
2026-06-11 15:14:40,451 transreid.image_train INFO: Best Rank-5: 79.2%
2026-06-11 15:14:40,451 transreid.image_train INFO: Best Rank-10: 81.9%
2026-06-11 15:14:47,007 transreid.image_train INFO: Epoch[143] Iteration[20/111] Loss: 7.286, Acc: 0.984,Acc1: 0.988,Acc2: 0.931, Base Lr: 5.88e-05,biloss:0.001,icloss:0.589,loss1:1.263, loss2:4.520, loss3:1.436, ploss:0.000,palign:0.000,total_loss:7.808,fceloss:0.0000
2026-06-11 15:14:52,186 transreid.image_train INFO: Epoch[143] Iteration[40/111] Loss: 7.209, Acc: 0.989,Acc1: 0.991,Acc2: 0.958, Base Lr: 5.88e-05,biloss:0.001,icloss:0.512,loss1:1.051, loss2:4.424, loss3:1.053, ploss:0.000,palign:0.000,total_loss:7.041,fceloss:0.0000
2026-06-11 15:14:57,372 transreid.image_train INFO: Epoch[143] Iteration[60/111] Loss: 7.181, Acc: 0.992,Acc1: 0.993,Acc2: 0.963, Base Lr: 5.88e-05,biloss:0.001,icloss:0.544,loss1:1.028, loss2:4.351, loss3:1.037, ploss:0.000,palign:0.000,total_loss:6.960,fceloss:0.0000
2026-06-11 15:15:02,555 transreid.image_train INFO: Epoch[143] Iteration[80/111] Loss: 7.154, Acc: 0.994,Acc1: 0.995,Acc2: 0.965, Base Lr: 5.88e-05,biloss:0.001,icloss:0.547,loss1:1.052, loss2:4.390, loss3:1.051, ploss:0.000,palign:0.000,total_loss:7.042,fceloss:0.0000
2026-06-11 15:15:07,730 transreid.image_train INFO: Epoch[143] Iteration[100/111] Loss: 7.131, Acc: 0.995,Acc1: 0.996,Acc2: 0.967, Base Lr: 5.88e-05,biloss:0.001,icloss:0.556,loss1:1.050, loss2:4.367, loss3:1.069, ploss:0.000,palign:0.000,total_loss:7.042,fceloss:0.0000
2026-06-11 15:15:10,103 transreid.image_train INFO: Epoch 143 done. Time per batch: 56.533[s] Speed: 0.6[samples/s]
2026-06-11 15:15:25,090 transreid.image_train INFO: Validation Results - Epoch: 143
2026-06-11 15:15:25,090 transreid.image_train INFO: mAP: 67.6%
2026-06-11 15:15:25,090 transreid.image_train INFO: CMC curve, Rank-1  :75.1%
2026-06-11 15:15:25,091 transreid.image_train INFO: CMC curve, Rank-5  :79.2%
2026-06-11 15:15:25,091 transreid.image_train INFO: CMC curve, Rank-10 :81.3%
2026-06-11 15:15:25,091 transreid.image_train INFO: Best mAP: 67.8%
2026-06-11 15:15:25,091 transreid.image_train INFO: Best Rank-1: 75.6%
2026-06-11 15:15:25,091 transreid.image_train INFO: Best Rank-5: 79.2%
2026-06-11 15:15:25,091 transreid.image_train INFO: Best Rank-10: 81.9%
2026-06-11 15:15:31,226 transreid.image_train INFO: Epoch[144] Iteration[20/111] Loss: 7.143, Acc: 0.995,Acc1: 1.000,Acc2: 0.967, Base Lr: 4.75e-05,biloss:0.001,icloss:0.502,loss1:1.070, loss2:4.454, loss3:1.146, ploss:0.000,palign:0.000,total_loss:7.172,fceloss:0.0000
2026-06-11 15:15:36,413 transreid.image_train INFO: Epoch[144] Iteration[40/111] Loss: 7.190, Acc: 0.991,Acc1: 0.994,Acc2: 0.954, Base Lr: 4.75e-05,biloss:0.001,icloss:0.544,loss1:1.101, loss2:4.462, loss3:1.124, ploss:0.000,palign:0.000,total_loss:7.232,fceloss:0.0000
2026-06-11 15:15:41,597 transreid.image_train INFO: Epoch[144] Iteration[60/111] Loss: 7.187, Acc: 0.994,Acc1: 0.996,Acc2: 0.956, Base Lr: 4.75e-05,biloss:0.001,icloss:0.530,loss1:1.038, loss2:4.385, loss3:1.038, ploss:0.000,palign:0.000,total_loss:6.993,fceloss:0.0000
2026-06-11 15:15:46,782 transreid.image_train INFO: Epoch[144] Iteration[80/111] Loss: 7.167, Acc: 0.996,Acc1: 0.995,Acc2: 0.962, Base Lr: 4.75e-05,biloss:0.001,icloss:0.544,loss1:1.072, loss2:4.455, loss3:1.167, ploss:0.000,palign:0.000,total_loss:7.239,fceloss:0.0000
2026-06-11 15:15:51,968 transreid.image_train INFO: Epoch[144] Iteration[100/111] Loss: 7.145, Acc: 0.996,Acc1: 0.996,Acc2: 0.962, Base Lr: 4.75e-05,biloss:0.001,icloss:0.590,loss1:1.028, loss2:4.319, loss3:1.043, ploss:0.000,palign:0.000,total_loss:6.981,fceloss:0.0000
2026-06-11 15:15:54,120 transreid.image_train INFO: Epoch 144 done. Time per batch: 57.464[s] Speed: 0.6[samples/s]
2026-06-11 15:16:08,765 transreid.image_train INFO: Validation Results - Epoch: 144
2026-06-11 15:16:08,766 transreid.image_train INFO: mAP: 67.7%
2026-06-11 15:16:08,766 transreid.image_train INFO: CMC curve, Rank-1  :75.1%
2026-06-11 15:16:08,766 transreid.image_train INFO: CMC curve, Rank-5  :79.4%
2026-06-11 15:16:08,766 transreid.image_train INFO: CMC curve, Rank-10 :81.3%
2026-06-11 15:16:08,766 transreid.image_train INFO: Best mAP: 67.8%
2026-06-11 15:16:08,766 transreid.image_train INFO: Best Rank-1: 75.6%
2026-06-11 15:16:08,766 transreid.image_train INFO: Best Rank-5: 79.2%
2026-06-11 15:16:08,766 transreid.image_train INFO: Best Rank-10: 81.9%
2026-06-11 15:16:15,677 transreid.image_train INFO: Epoch[145] Iteration[20/111] Loss: 7.208, Acc: 0.994,Acc1: 0.994,Acc2: 0.956, Base Lr: 3.79e-05,biloss:0.001,icloss:0.555,loss1:1.066, loss2:4.408, loss3:1.246, ploss:0.000,palign:0.000,total_loss:7.274,fceloss:0.0000
2026-06-11 15:16:20,869 transreid.image_train INFO: Epoch[145] Iteration[40/111] Loss: 7.178, Acc: 0.995,Acc1: 0.995,Acc2: 0.971, Base Lr: 3.79e-05,biloss:0.001,icloss:0.548,loss1:1.051, loss2:4.391, loss3:1.062, ploss:0.000,palign:0.000,total_loss:7.053,fceloss:0.0000
2026-06-11 15:16:26,056 transreid.image_train INFO: Epoch[145] Iteration[60/111] Loss: 7.172, Acc: 0.995,Acc1: 0.996,Acc2: 0.967, Base Lr: 3.79e-05,biloss:0.001,icloss:0.537,loss1:1.048, loss2:4.408, loss3:1.070, ploss:0.000,palign:0.000,total_loss:7.064,fceloss:0.0000
2026-06-11 15:16:31,244 transreid.image_train INFO: Epoch[145] Iteration[80/111] Loss: 7.155, Acc: 0.995,Acc1: 0.995,Acc2: 0.964, Base Lr: 3.79e-05,biloss:0.000,icloss:0.572,loss1:1.030, loss2:4.320, loss3:1.217, ploss:0.000,palign:0.000,total_loss:7.140,fceloss:0.0000
2026-06-11 15:16:36,423 transreid.image_train INFO: Epoch[145] Iteration[100/111] Loss: 7.135, Acc: 0.996,Acc1: 0.996,Acc2: 0.964, Base Lr: 3.79e-05,biloss:0.001,icloss:0.566,loss1:1.034, loss2:4.337, loss3:1.231, ploss:0.000,palign:0.000,total_loss:7.169,fceloss:0.0000
2026-06-11 15:16:38,589 transreid.image_train INFO: Epoch 145 done. Time per batch: 57.875[s] Speed: 0.6[samples/s]
2026-06-11 15:16:53,379 transreid.image_train INFO: Validation Results - Epoch: 145
2026-06-11 15:16:53,380 transreid.image_train INFO: mAP: 67.7%
2026-06-11 15:16:53,380 transreid.image_train INFO: CMC curve, Rank-1  :75.3%
2026-06-11 15:16:53,380 transreid.image_train INFO: CMC curve, Rank-5  :79.4%
2026-06-11 15:16:53,380 transreid.image_train INFO: CMC curve, Rank-10 :81.3%
2026-06-11 15:16:53,380 transreid.image_train INFO: Best mAP: 67.8%
2026-06-11 15:16:53,380 transreid.image_train INFO: Best Rank-1: 75.6%
2026-06-11 15:16:53,380 transreid.image_train INFO: Best Rank-5: 79.2%
2026-06-11 15:16:53,380 transreid.image_train INFO: Best Rank-10: 81.9%
2026-06-11 15:16:59,899 transreid.image_train INFO: Epoch[146] Iteration[20/111] Loss: 7.245, Acc: 0.991,Acc1: 0.991,Acc2: 0.959, Base Lr: 3.00e-05,biloss:0.001,icloss:0.521,loss1:1.061, loss2:4.439, loss3:1.061, ploss:0.000,palign:0.000,total_loss:7.082,fceloss:0.0000
2026-06-11 15:17:05,104 transreid.image_train INFO: Epoch[146] Iteration[40/111] Loss: 7.180, Acc: 0.995,Acc1: 0.995,Acc2: 0.964, Base Lr: 3.00e-05,biloss:0.000,icloss:0.535,loss1:1.062, loss2:4.416, loss3:1.170, ploss:0.000,palign:0.000,total_loss:7.184,fceloss:0.0000
2026-06-11 15:17:10,304 transreid.image_train INFO: Epoch[146] Iteration[60/111] Loss: 7.172, Acc: 0.995,Acc1: 0.995,Acc2: 0.967, Base Lr: 3.00e-05,biloss:0.001,icloss:0.535,loss1:1.084, loss2:4.453, loss3:1.225, ploss:0.000,palign:0.000,total_loss:7.298,fceloss:0.0000
2026-06-11 15:17:15,490 transreid.image_train INFO: Epoch[146] Iteration[80/111] Loss: 7.161, Acc: 0.994,Acc1: 0.996,Acc2: 0.962, Base Lr: 3.00e-05,biloss:0.001,icloss:0.558,loss1:1.048, loss2:4.418, loss3:1.403, ploss:0.000,palign:0.000,total_loss:7.427,fceloss:0.0000
2026-06-11 15:17:20,666 transreid.image_train INFO: Epoch[146] Iteration[100/111] Loss: 7.135, Acc: 0.995,Acc1: 0.997,Acc2: 0.963, Base Lr: 3.00e-05,biloss:0.001,icloss:0.557,loss1:1.023, loss2:4.301, loss3:1.020, ploss:0.000,palign:0.000,total_loss:6.901,fceloss:0.0000
2026-06-11 15:17:23,076 transreid.image_train INFO: Epoch 146 done. Time per batch: 57.753[s] Speed: 0.6[samples/s]
2026-06-11 15:17:38,023 transreid.image_train INFO: Validation Results - Epoch: 146
2026-06-11 15:17:38,023 transreid.image_train INFO: mAP: 67.6%
2026-06-11 15:17:38,023 transreid.image_train INFO: CMC curve, Rank-1  :75.3%
2026-06-11 15:17:38,024 transreid.image_train INFO: CMC curve, Rank-5  :79.2%
2026-06-11 15:17:38,024 transreid.image_train INFO: CMC curve, Rank-10 :81.3%
2026-06-11 15:17:38,024 transreid.image_train INFO: Best mAP: 67.8%
2026-06-11 15:17:38,024 transreid.image_train INFO: Best Rank-1: 75.6%
2026-06-11 15:17:38,024 transreid.image_train INFO: Best Rank-5: 79.2%
2026-06-11 15:17:38,024 transreid.image_train INFO: Best Rank-10: 81.9%
2026-06-11 15:17:44,221 transreid.image_train INFO: Epoch[147] Iteration[20/111] Loss: 7.146, Acc: 1.000,Acc1: 1.000,Acc2: 0.975, Base Lr: 2.39e-05,biloss:0.001,icloss:0.540,loss1:1.063, loss2:4.425, loss3:1.188, ploss:0.000,palign:0.000,total_loss:7.216,fceloss:0.0000
2026-06-11 15:17:49,408 transreid.image_train INFO: Epoch[147] Iteration[40/111] Loss: 7.146, Acc: 0.996,Acc1: 0.997,Acc2: 0.979, Base Lr: 2.39e-05,biloss:0.001,icloss:0.546,loss1:1.039, loss2:4.366, loss3:1.117, ploss:0.000,palign:0.000,total_loss:7.069,fceloss:0.0000
2026-06-11 15:17:54,598 transreid.image_train INFO: Epoch[147] Iteration[60/111] Loss: 7.153, Acc: 0.995,Acc1: 0.996,Acc2: 0.965, Base Lr: 2.39e-05,biloss:0.001,icloss:0.502,loss1:1.064, loss2:4.456, loss3:1.147, ploss:0.000,palign:0.000,total_loss:7.169,fceloss:0.0000
2026-06-11 15:17:59,790 transreid.image_train INFO: Epoch[147] Iteration[80/111] Loss: 7.143, Acc: 0.995,Acc1: 0.995,Acc2: 0.965, Base Lr: 2.39e-05,biloss:0.001,icloss:0.568,loss1:1.104, loss2:4.395, loss3:1.191, ploss:0.000,palign:0.000,total_loss:7.259,fceloss:0.0000
2026-06-11 15:18:04,973 transreid.image_train INFO: Epoch[147] Iteration[100/111] Loss: 7.130, Acc: 0.996,Acc1: 0.996,Acc2: 0.964, Base Lr: 2.39e-05,biloss:0.001,icloss:0.526,loss1:1.031, loss2:4.361, loss3:1.117, ploss:0.000,palign:0.000,total_loss:7.035,fceloss:0.0000
2026-06-11 15:18:07,138 transreid.image_train INFO: Epoch 147 done. Time per batch: 58.695[s] Speed: 0.5[samples/s]
2026-06-11 15:18:21,980 transreid.image_train INFO: Validation Results - Epoch: 147
2026-06-11 15:18:21,981 transreid.image_train INFO: mAP: 67.6%
2026-06-11 15:18:21,981 transreid.image_train INFO: CMC curve, Rank-1  :75.1%
2026-06-11 15:18:21,981 transreid.image_train INFO: CMC curve, Rank-5  :79.5%
2026-06-11 15:18:21,981 transreid.image_train INFO: CMC curve, Rank-10 :81.3%
2026-06-11 15:18:21,981 transreid.image_train INFO: Best mAP: 67.8%
2026-06-11 15:18:21,981 transreid.image_train INFO: Best Rank-1: 75.6%
2026-06-11 15:18:21,981 transreid.image_train INFO: Best Rank-5: 79.2%
2026-06-11 15:18:21,981 transreid.image_train INFO: Best Rank-10: 81.9%
2026-06-11 15:18:28,656 transreid.image_train INFO: Epoch[148] Iteration[20/111] Loss: 7.188, Acc: 0.998,Acc1: 1.000,Acc2: 0.959, Base Lr: 1.95e-05,biloss:0.001,icloss:0.525,loss1:1.087, loss2:4.452, loss3:1.088, ploss:0.000,palign:0.000,total_loss:7.152,fceloss:0.0000
2026-06-11 15:18:33,834 transreid.image_train INFO: Epoch[148] Iteration[40/111] Loss: 7.179, Acc: 0.993,Acc1: 0.995,Acc2: 0.964, Base Lr: 1.95e-05,biloss:0.001,icloss:0.533,loss1:1.062, loss2:4.423, loss3:1.070, ploss:0.000,palign:0.000,total_loss:7.088,fceloss:0.0000
2026-06-11 15:18:39,021 transreid.image_train INFO: Epoch[148] Iteration[60/111] Loss: 7.170, Acc: 0.995,Acc1: 0.997,Acc2: 0.970, Base Lr: 1.95e-05,biloss:0.001,icloss:0.541,loss1:1.106, loss2:4.473, loss3:1.466, ploss:0.000,palign:0.000,total_loss:7.587,fceloss:0.0000
2026-06-11 15:18:44,208 transreid.image_train INFO: Epoch[148] Iteration[80/111] Loss: 7.150, Acc: 0.996,Acc1: 0.998,Acc2: 0.969, Base Lr: 1.95e-05,biloss:0.001,icloss:0.549,loss1:1.041, loss2:4.393, loss3:1.304, ploss:0.000,palign:0.000,total_loss:7.287,fceloss:0.0000
2026-06-11 15:18:49,392 transreid.image_train INFO: Epoch[148] Iteration[100/111] Loss: 7.130, Acc: 0.996,Acc1: 0.997,Acc2: 0.967, Base Lr: 1.95e-05,biloss:0.001,icloss:0.593,loss1:1.026, loss2:4.296, loss3:1.039, ploss:0.000,palign:0.000,total_loss:6.954,fceloss:0.0000
2026-06-11 15:18:51,769 transreid.image_train INFO: Epoch 148 done. Time per batch: 58.566[s] Speed: 0.5[samples/s]
2026-06-11 15:19:06,896 transreid.image_train INFO: Validation Results - Epoch: 148
2026-06-11 15:19:06,897 transreid.image_train INFO: mAP: 67.6%
2026-06-11 15:19:06,897 transreid.image_train INFO: CMC curve, Rank-1  :75.3%
2026-06-11 15:19:06,897 transreid.image_train INFO: CMC curve, Rank-5  :79.4%
2026-06-11 15:19:06,897 transreid.image_train INFO: CMC curve, Rank-10 :81.3%
2026-06-11 15:19:06,897 transreid.image_train INFO: Best mAP: 67.8%
2026-06-11 15:19:06,897 transreid.image_train INFO: Best Rank-1: 75.6%
2026-06-11 15:19:06,897 transreid.image_train INFO: Best Rank-5: 79.2%
2026-06-11 15:19:06,897 transreid.image_train INFO: Best Rank-10: 81.9%
2026-06-11 15:19:13,291 transreid.image_train INFO: Epoch[149] Iteration[20/111] Loss: 7.174, Acc: 0.983,Acc1: 0.984,Acc2: 0.969, Base Lr: 1.69e-05,biloss:0.001,icloss:0.556,loss1:1.079, loss2:4.440, loss3:1.091, ploss:0.000,palign:0.000,total_loss:7.167,fceloss:0.0000
2026-06-11 15:19:18,481 transreid.image_train INFO: Epoch[149] Iteration[40/111] Loss: 7.152, Acc: 0.991,Acc1: 0.992,Acc2: 0.976, Base Lr: 1.69e-05,biloss:0.001,icloss:0.540,loss1:1.067, loss2:4.419, loss3:1.083, ploss:0.000,palign:0.000,total_loss:7.109,fceloss:0.0000
2026-06-11 15:19:23,670 transreid.image_train INFO: Epoch[149] Iteration[60/111] Loss: 7.155, Acc: 0.991,Acc1: 0.995,Acc2: 0.966, Base Lr: 1.69e-05,biloss:0.001,icloss:0.537,loss1:1.039, loss2:4.387, loss3:1.041, ploss:0.000,palign:0.000,total_loss:7.005,fceloss:0.0000
2026-06-11 15:19:28,855 transreid.image_train INFO: Epoch[149] Iteration[80/111] Loss: 7.151, Acc: 0.993,Acc1: 0.996,Acc2: 0.959, Base Lr: 1.69e-05,biloss:0.001,icloss:0.544,loss1:1.045, loss2:4.385, loss3:1.071, ploss:0.000,palign:0.000,total_loss:7.046,fceloss:0.0000
2026-06-11 15:19:34,034 transreid.image_train INFO: Epoch[149] Iteration[100/111] Loss: 7.134, Acc: 0.993,Acc1: 0.996,Acc2: 0.960, Base Lr: 1.69e-05,biloss:0.001,icloss:0.542,loss1:1.036, loss2:4.359, loss3:1.047, ploss:0.000,palign:0.000,total_loss:6.984,fceloss:0.0000
2026-06-11 15:19:36,418 transreid.image_train INFO: Epoch 149 done. Time per batch: 58.976[s] Speed: 0.5[samples/s]
2026-06-11 15:19:51,392 transreid.image_train INFO: Validation Results - Epoch: 149
2026-06-11 15:19:51,392 transreid.image_train INFO: mAP: 67.6%
2026-06-11 15:19:51,392 transreid.image_train INFO: CMC curve, Rank-1  :75.3%
2026-06-11 15:19:51,392 transreid.image_train INFO: CMC curve, Rank-5  :79.2%
2026-06-11 15:19:51,392 transreid.image_train INFO: CMC curve, Rank-10 :81.3%
2026-06-11 15:19:51,392 transreid.image_train INFO: Best mAP: 67.8%
2026-06-11 15:19:51,392 transreid.image_train INFO: Best Rank-1: 75.6%
2026-06-11 15:19:51,392 transreid.image_train INFO: Best Rank-5: 79.2%
2026-06-11 15:19:51,392 transreid.image_train INFO: Best Rank-10: 81.9%
2026-06-11 15:19:56,462 transreid.image_train INFO: Epoch[150] Iteration[20/111] Loss: 7.198, Acc: 0.991,Acc1: 0.991,Acc2: 0.956, Base Lr: 1.60e-05,biloss:0.001,icloss:0.549,loss1:1.071, loss2:4.434, loss3:1.160, ploss:0.000,palign:0.000,total_loss:7.216,fceloss:0.0000
2026-06-11 15:20:01,644 transreid.image_train INFO: Epoch[150] Iteration[40/111] Loss: 7.145, Acc: 0.995,Acc1: 0.995,Acc2: 0.971, Base Lr: 1.60e-05,biloss:0.001,icloss:0.545,loss1:1.072, loss2:4.441, loss3:1.079, ploss:0.000,palign:0.000,total_loss:7.138,fceloss:0.0000
2026-06-11 15:20:06,828 transreid.image_train INFO: Epoch[150] Iteration[60/111] Loss: 7.140, Acc: 0.997,Acc1: 0.997,Acc2: 0.971, Base Lr: 1.60e-05,biloss:0.000,icloss:0.537,loss1:1.056, loss2:4.423, loss3:1.153, ploss:0.000,palign:0.000,total_loss:7.170,fceloss:0.0000
2026-06-11 15:20:12,007 transreid.image_train INFO: Epoch[150] Iteration[80/111] Loss: 7.131, Acc: 0.996,Acc1: 0.997,Acc2: 0.971, Base Lr: 1.60e-05,biloss:0.001,icloss:0.571,loss1:1.046, loss2:4.368, loss3:1.057, ploss:0.000,palign:0.000,total_loss:7.042,fceloss:0.0000
2026-06-11 15:20:17,185 transreid.image_train INFO: Epoch[150] Iteration[100/111] Loss: 7.126, Acc: 0.995,Acc1: 0.996,Acc2: 0.962, Base Lr: 1.60e-05,biloss:0.001,icloss:0.527,loss1:1.023, loss2:4.371, loss3:1.188, ploss:0.000,palign:0.000,total_loss:7.109,fceloss:0.0000
2026-06-11 15:20:19,616 transreid.image_train INFO: Epoch 150 done. Time per batch: 59.372[s] Speed: 0.5[samples/s]
2026-06-11 15:20:33,544 transreid.image_train INFO: Validation Results - Epoch: 150
2026-06-11 15:20:33,545 transreid.image_train INFO: mAP: 67.6%
2026-06-11 15:20:33,545 transreid.image_train INFO: CMC curve, Rank-1  :75.1%
2026-06-11 15:20:33,545 transreid.image_train INFO: CMC curve, Rank-5  :79.4%
2026-06-11 15:20:33,545 transreid.image_train INFO: CMC curve, Rank-10 :81.3%
2026-06-11 15:20:33,545 transreid.image_train INFO: Best mAP: 67.8%
2026-06-11 15:20:33,545 transreid.image_train INFO: Best Rank-1: 75.6%
2026-06-11 15:20:33,545 transreid.image_train INFO: Best Rank-5: 79.2%
2026-06-11 15:20:33,545 transreid.image_train INFO: Best Rank-10: 81.9%
