2026-06-11 14:01:43,117 transreid.image_train INFO: Experiment C: v2 + modality dropout p=0.1
2026-06-11 14:01:43,117 transreid.image_train INFO: Flare sampler: False, Modality dropout: 0.1
2026-06-11 14:01:58,181 transreid.image_train INFO: Epoch[1] Iteration[20/111] Loss: 24.165, Acc: 0.003,Acc1: 0.002,Acc2: 0.002, Base Lr: 1.66e-03,biloss:0.010,icloss:0.025,loss1:7.545, loss2:7.716, loss3:7.527, ploss:0.000,palign:0.000,total_loss:22.823,fceloss:0.0000
2026-06-11 14:02:03,400 transreid.image_train INFO: Epoch[1] Iteration[40/111] Loss: 24.172, Acc: 0.004,Acc1: 0.002,Acc2: 0.002, Base Lr: 1.66e-03,biloss:0.010,icloss:0.024,loss1:7.997, loss2:7.976, loss3:10.510, ploss:0.000,palign:0.000,total_loss:26.517,fceloss:0.0000
2026-06-11 14:02:08,608 transreid.image_train INFO: Epoch[1] Iteration[60/111] Loss: 23.713, Acc: 0.003,Acc1: 0.002,Acc2: 0.002, Base Lr: 1.66e-03,biloss:0.010,icloss:0.024,loss1:7.449, loss2:7.625, loss3:7.342, ploss:0.000,palign:0.000,total_loss:22.450,fceloss:0.0000
2026-06-11 14:02:13,799 transreid.image_train INFO: Epoch[1] Iteration[80/111] Loss: 23.350, Acc: 0.002,Acc1: 0.002,Acc2: 0.002, Base Lr: 1.66e-03,biloss:0.009,icloss:0.024,loss1:7.566, loss2:7.138, loss3:7.229, ploss:0.000,palign:0.000,total_loss:21.966,fceloss:0.0000
2026-06-11 14:02:19,271 transreid.image_train INFO: Epoch[1] Iteration[100/111] Loss: 23.154, Acc: 0.002,Acc1: 0.002,Acc2: 0.002, Base Lr: 1.66e-03,biloss:0.010,icloss:0.024,loss1:7.096, loss2:7.169, loss3:7.359, ploss:0.000,palign:0.000,total_loss:21.658,fceloss:0.0000
2026-06-11 14:02:21,689 transreid.image_train INFO: Epoch 1 done. Time per batch: 0.279[s] Speed: 114.8[samples/s]
2026-06-11 14:02:35,654 transreid.image_train INFO: Validation Results - Epoch: 1
2026-06-11 14:02:35,655 transreid.image_train INFO: mAP: 24.0%
2026-06-11 14:02:35,655 transreid.image_train INFO: CMC curve, Rank-1  :25.8%
2026-06-11 14:02:35,655 transreid.image_train INFO: CMC curve, Rank-5  :37.0%
2026-06-11 14:02:35,655 transreid.image_train INFO: CMC curve, Rank-10 :44.1%
2026-06-11 14:02:36,469 transreid.image_train INFO: Best mAP: 24.0%
2026-06-11 14:02:36,470 transreid.image_train INFO: Best Rank-1: 25.8%
2026-06-11 14:02:36,470 transreid.image_train INFO: Best Rank-5: 37.0%
2026-06-11 14:02:36,470 transreid.image_train INFO: Best Rank-10: 44.1%
2026-06-11 14:02:41,190 transreid.image_train INFO: Epoch[2] Iteration[20/111] Loss: 21.868, Acc: 0.002,Acc1: 0.002,Acc2: 0.005, Base Lr: 3.25e-03,biloss:0.010,icloss:0.024,loss1:7.064, loss2:7.054, loss3:7.240, ploss:0.000,palign:0.000,total_loss:21.392,fceloss:0.0000
2026-06-11 14:02:46,339 transreid.image_train INFO: Epoch[2] Iteration[40/111] Loss: 21.771, Acc: 0.005,Acc1: 0.002,Acc2: 0.002, Base Lr: 3.25e-03,biloss:0.010,icloss:0.024,loss1:7.115, loss2:7.121, loss3:7.086, ploss:0.000,palign:0.000,total_loss:21.356,fceloss:0.0000
2026-06-11 14:02:51,536 transreid.image_train INFO: Epoch[2] Iteration[60/111] Loss: 21.738, Acc: 0.004,Acc1: 0.003,Acc2: 0.002, Base Lr: 3.25e-03,biloss:0.009,icloss:0.024,loss1:7.254, loss2:7.135, loss3:7.105, ploss:0.000,palign:0.000,total_loss:21.528,fceloss:0.0000
2026-06-11 14:02:56,801 transreid.image_train INFO: Epoch[2] Iteration[80/111] Loss: 21.666, Acc: 0.005,Acc1: 0.003,Acc2: 0.002, Base Lr: 3.25e-03,biloss:0.009,icloss:0.024,loss1:7.176, loss2:7.135, loss3:7.101, ploss:0.000,palign:0.000,total_loss:21.444,fceloss:0.0000
2026-06-11 14:03:01,999 transreid.image_train INFO: Epoch[2] Iteration[100/111] Loss: 21.627, Acc: 0.006,Acc1: 0.006,Acc2: 0.003, Base Lr: 3.25e-03,biloss:0.009,icloss:0.023,loss1:7.213, loss2:7.098, loss3:7.120, ploss:0.000,palign:0.000,total_loss:21.463,fceloss:0.0000
2026-06-11 14:03:04,712 transreid.image_train INFO: Epoch 2 done. Time per batch: 0.667[s] Speed: 47.9[samples/s]
2026-06-11 14:03:18,243 transreid.image_train INFO: Validation Results - Epoch: 2
2026-06-11 14:03:18,243 transreid.image_train INFO: mAP: 25.8%
2026-06-11 14:03:18,243 transreid.image_train INFO: CMC curve, Rank-1  :27.4%
2026-06-11 14:03:18,243 transreid.image_train INFO: CMC curve, Rank-5  :40.9%
2026-06-11 14:03:18,243 transreid.image_train INFO: CMC curve, Rank-10 :48.9%
2026-06-11 14:03:20,069 transreid.image_train INFO: Best mAP: 25.8%
2026-06-11 14:03:20,070 transreid.image_train INFO: Best Rank-1: 27.4%
2026-06-11 14:03:20,070 transreid.image_train INFO: Best Rank-5: 40.9%
2026-06-11 14:03:20,070 transreid.image_train INFO: Best Rank-10: 48.9%
2026-06-11 14:03:26,085 transreid.image_train INFO: Epoch[3] Iteration[20/111] Loss: 21.433, Acc: 0.033,Acc1: 0.033,Acc2: 0.016, Base Lr: 4.83e-03,biloss:0.008,icloss:0.024,loss1:7.075, loss2:7.116, loss3:7.104, ploss:0.000,palign:0.000,total_loss:21.328,fceloss:0.0000
2026-06-11 14:03:31,266 transreid.image_train INFO: Epoch[3] Iteration[40/111] Loss: 21.386, Acc: 0.030,Acc1: 0.030,Acc2: 0.016, Base Lr: 4.83e-03,biloss:0.008,icloss:0.025,loss1:7.169, loss2:7.113, loss3:7.074, ploss:0.000,palign:0.000,total_loss:21.390,fceloss:0.0000
2026-06-11 14:03:36,451 transreid.image_train INFO: Epoch[3] Iteration[60/111] Loss: 21.446, Acc: 0.030,Acc1: 0.029,Acc2: 0.020, Base Lr: 4.83e-03,biloss:0.008,icloss:0.027,loss1:7.097, loss2:7.104, loss3:7.018, ploss:0.000,palign:0.000,total_loss:21.254,fceloss:0.0000
2026-06-11 14:03:41,643 transreid.image_train INFO: Epoch[3] Iteration[80/111] Loss: 21.406, Acc: 0.038,Acc1: 0.030,Acc2: 0.021, Base Lr: 4.83e-03,biloss:0.007,icloss:0.027,loss1:7.062, loss2:7.091, loss3:7.010, ploss:0.000,palign:0.000,total_loss:21.198,fceloss:0.0000
2026-06-11 14:03:46,824 transreid.image_train INFO: Epoch[3] Iteration[100/111] Loss: 21.373, Acc: 0.041,Acc1: 0.035,Acc2: 0.025, Base Lr: 4.83e-03,biloss:0.007,icloss:0.032,loss1:7.020, loss2:7.078, loss3:6.986, ploss:0.000,palign:0.000,total_loss:21.122,fceloss:0.0000
2026-06-11 14:03:48,989 transreid.image_train INFO: Epoch 3 done. Time per batch: 1.090[s] Speed: 29.4[samples/s]
2026-06-11 14:04:03,265 transreid.image_train INFO: Validation Results - Epoch: 3
2026-06-11 14:04:03,265 transreid.image_train INFO: mAP: 32.3%
2026-06-11 14:04:03,265 transreid.image_train INFO: CMC curve, Rank-1  :34.0%
2026-06-11 14:04:03,265 transreid.image_train INFO: CMC curve, Rank-5  :48.9%
2026-06-11 14:04:03,265 transreid.image_train INFO: CMC curve, Rank-10 :59.1%
2026-06-11 14:04:05,356 transreid.image_train INFO: Best mAP: 32.3%
2026-06-11 14:04:05,356 transreid.image_train INFO: Best Rank-1: 34.0%
2026-06-11 14:04:05,356 transreid.image_train INFO: Best Rank-5: 48.9%
2026-06-11 14:04:05,356 transreid.image_train INFO: Best Rank-10: 59.1%
2026-06-11 14:04:11,629 transreid.image_train INFO: Epoch[4] Iteration[20/111] Loss: 21.044, Acc: 0.030,Acc1: 0.056,Acc2: 0.033, Base Lr: 6.42e-03,biloss:0.007,icloss:0.039,loss1:6.889, loss2:7.027, loss3:6.918, ploss:0.000,palign:0.000,total_loss:20.881,fceloss:0.0000
2026-06-11 14:04:16,811 transreid.image_train INFO: Epoch[4] Iteration[40/111] Loss: 21.044, Acc: 0.034,Acc1: 0.055,Acc2: 0.025, Base Lr: 6.42e-03,biloss:0.007,icloss:0.041,loss1:6.979, loss2:7.046, loss3:7.031, ploss:0.000,palign:0.000,total_loss:21.104,fceloss:0.0000
2026-06-11 14:04:21,995 transreid.image_train INFO: Epoch[4] Iteration[60/111] Loss: 21.025, Acc: 0.041,Acc1: 0.067,Acc2: 0.026, Base Lr: 6.42e-03,biloss:0.006,icloss:0.039,loss1:6.878, loss2:7.019, loss3:6.893, ploss:0.000,palign:0.000,total_loss:20.836,fceloss:0.0000
2026-06-11 14:04:27,182 transreid.image_train INFO: Epoch[4] Iteration[80/111] Loss: 21.011, Acc: 0.045,Acc1: 0.070,Acc2: 0.024, Base Lr: 6.42e-03,biloss:0.006,icloss:0.048,loss1:6.906, loss2:7.027, loss3:6.920, ploss:0.000,palign:0.000,total_loss:20.906,fceloss:0.0000
2026-06-11 14:04:32,354 transreid.image_train INFO: Epoch[4] Iteration[100/111] Loss: 20.973, Acc: 0.052,Acc1: 0.080,Acc2: 0.031, Base Lr: 6.42e-03,biloss:0.006,icloss:0.045,loss1:6.976, loss2:7.071, loss3:7.027, ploss:0.000,palign:0.000,total_loss:21.125,fceloss:0.0000
2026-06-11 14:04:34,122 transreid.image_train INFO: Epoch 4 done. Time per batch: 1.494[s] Speed: 21.4[samples/s]
2026-06-11 14:04:48,367 transreid.image_train INFO: Validation Results - Epoch: 4
2026-06-11 14:04:48,367 transreid.image_train INFO: mAP: 41.0%
2026-06-11 14:04:48,367 transreid.image_train INFO: CMC curve, Rank-1  :44.7%
2026-06-11 14:04:48,367 transreid.image_train INFO: CMC curve, Rank-5  :60.5%
2026-06-11 14:04:48,367 transreid.image_train INFO: CMC curve, Rank-10 :66.9%
2026-06-11 14:04:49,265 transreid.image_train INFO: Best mAP: 41.0%
2026-06-11 14:04:49,265 transreid.image_train INFO: Best Rank-1: 44.7%
2026-06-11 14:04:49,265 transreid.image_train INFO: Best Rank-5: 60.5%
2026-06-11 14:04:49,265 transreid.image_train INFO: Best Rank-10: 66.9%
2026-06-11 14:04:55,699 transreid.image_train INFO: Epoch[5] Iteration[20/111] Loss: 22.763, Acc: 0.030,Acc1: 0.155,Acc2: 0.027, Base Lr: 7.98e-03,biloss:0.006,icloss:0.052,loss1:13.614, loss2:7.034, loss3:7.009, ploss:0.000,palign:0.000,total_loss:27.715,fceloss:0.0000
2026-06-11 14:05:00,887 transreid.image_train INFO: Epoch[5] Iteration[40/111] Loss: 22.539, Acc: 0.016,Acc1: 0.122,Acc2: 0.027, Base Lr: 7.98e-03,biloss:0.006,icloss:0.056,loss1:7.314, loss2:7.005, loss3:6.894, ploss:0.000,palign:0.000,total_loss:21.275,fceloss:0.0000
2026-06-11 14:05:06,077 transreid.image_train INFO: Epoch[5] Iteration[60/111] Loss: 21.992, Acc: 0.015,Acc1: 0.131,Acc2: 0.027, Base Lr: 7.98e-03,biloss:0.006,icloss:0.059,loss1:7.079, loss2:7.003, loss3:6.954, ploss:0.000,palign:0.000,total_loss:21.100,fceloss:0.0000
2026-06-11 14:05:11,265 transreid.image_train INFO: Epoch[5] Iteration[80/111] Loss: 21.662, Acc: 0.019,Acc1: 0.143,Acc2: 0.032, Base Lr: 7.98e-03,biloss:0.006,icloss:0.063,loss1:6.822, loss2:6.912, loss3:6.353, ploss:0.000,palign:0.000,total_loss:20.156,fceloss:0.0000
2026-06-11 14:05:16,451 transreid.image_train INFO: Epoch[5] Iteration[100/111] Loss: 21.504, Acc: 0.025,Acc1: 0.141,Acc2: 0.040, Base Lr: 7.98e-03,biloss:0.006,icloss:0.062,loss1:7.010, loss2:6.972, loss3:6.880, ploss:0.000,palign:0.000,total_loss:20.931,fceloss:0.0000
2026-06-11 14:05:18,867 transreid.image_train INFO: Epoch 5 done. Time per batch: 1.904[s] Speed: 16.8[samples/s]
2026-06-11 14:05:34,036 transreid.image_train INFO: Validation Results - Epoch: 5
2026-06-11 14:05:34,037 transreid.image_train INFO: mAP: 30.9%
2026-06-11 14:05:34,037 transreid.image_train INFO: CMC curve, Rank-1  :32.4%
2026-06-11 14:05:34,037 transreid.image_train INFO: CMC curve, Rank-5  :49.5%
2026-06-11 14:05:34,037 transreid.image_train INFO: CMC curve, Rank-10 :56.0%
2026-06-11 14:05:34,037 transreid.image_train INFO: Best mAP: 41.0%
2026-06-11 14:05:34,037 transreid.image_train INFO: Best Rank-1: 44.7%
2026-06-11 14:05:34,037 transreid.image_train INFO: Best Rank-5: 60.5%
2026-06-11 14:05:34,037 transreid.image_train INFO: Best Rank-10: 66.9%
2026-06-11 14:05:40,433 transreid.image_train INFO: Epoch[6] Iteration[20/111] Loss: 20.661, Acc: 0.019,Acc1: 0.153,Acc2: 0.027, Base Lr: 7.97e-03,biloss:0.005,icloss:0.075,loss1:6.860, loss2:6.893, loss3:6.627, ploss:0.000,palign:0.000,total_loss:20.461,fceloss:0.0000
2026-06-11 14:05:45,616 transreid.image_train INFO: Epoch[6] Iteration[40/111] Loss: 21.424, Acc: 0.038,Acc1: 0.141,Acc2: 0.030, Base Lr: 7.97e-03,biloss:0.009,icloss:0.028,loss1:7.072, loss2:11.386, loss3:7.052, ploss:0.000,palign:0.000,total_loss:25.547,fceloss:0.0000
2026-06-11 14:05:50,805 transreid.image_train INFO: Epoch[6] Iteration[60/111] Loss: 21.471, Acc: 0.030,Acc1: 0.103,Acc2: 0.027, Base Lr: 7.97e-03,biloss:0.008,icloss:0.053,loss1:6.818, loss2:6.979, loss3:6.555, ploss:0.000,palign:0.000,total_loss:20.414,fceloss:0.0000
2026-06-11 14:05:55,995 transreid.image_train INFO: Epoch[6] Iteration[80/111] Loss: 21.296, Acc: 0.033,Acc1: 0.084,Acc2: 0.029, Base Lr: 7.97e-03,biloss:0.008,icloss:0.052,loss1:6.851, loss2:7.031, loss3:6.805, ploss:0.000,palign:0.000,total_loss:20.747,fceloss:0.0000
2026-06-11 14:06:01,177 transreid.image_train INFO: Epoch[6] Iteration[100/111] Loss: 21.140, Acc: 0.042,Acc1: 0.081,Acc2: 0.042, Base Lr: 7.97e-03,biloss:0.006,icloss:0.047,loss1:6.828, loss2:7.107, loss3:6.718, ploss:0.000,palign:0.000,total_loss:20.706,fceloss:0.0000
2026-06-11 14:06:03,813 transreid.image_train INFO: Epoch 6 done. Time per batch: 2.296[s] Speed: 13.9[samples/s]
2026-06-11 14:06:18,898 transreid.image_train INFO: Validation Results - Epoch: 6
2026-06-11 14:06:18,898 transreid.image_train INFO: mAP: 36.5%
2026-06-11 14:06:18,899 transreid.image_train INFO: CMC curve, Rank-1  :38.1%
2026-06-11 14:06:18,899 transreid.image_train INFO: CMC curve, Rank-5  :56.2%
2026-06-11 14:06:18,899 transreid.image_train INFO: CMC curve, Rank-10 :62.6%
2026-06-11 14:06:18,899 transreid.image_train INFO: Best mAP: 41.0%
2026-06-11 14:06:18,899 transreid.image_train INFO: Best Rank-1: 44.7%
2026-06-11 14:06:18,899 transreid.image_train INFO: Best Rank-5: 60.5%
2026-06-11 14:06:18,899 transreid.image_train INFO: Best Rank-10: 66.9%
2026-06-11 14:06:25,038 transreid.image_train INFO: Epoch[7] Iteration[20/111] Loss: 20.452, Acc: 0.017,Acc1: 0.038,Acc2: 0.013, Base Lr: 7.96e-03,biloss:0.005,icloss:0.073,loss1:6.820, loss2:6.937, loss3:6.647, ploss:0.000,palign:0.000,total_loss:20.483,fceloss:0.0000
2026-06-11 14:06:30,226 transreid.image_train INFO: Epoch[7] Iteration[40/111] Loss: 20.369, Acc: 0.020,Acc1: 0.038,Acc2: 0.020, Base Lr: 7.96e-03,biloss:0.004,icloss:0.070,loss1:6.648, loss2:7.017, loss3:6.509, ploss:0.000,palign:0.000,total_loss:20.247,fceloss:0.0000
2026-06-11 14:06:35,417 transreid.image_train INFO: Epoch[7] Iteration[60/111] Loss: 20.360, Acc: 0.032,Acc1: 0.039,Acc2: 0.028, Base Lr: 7.96e-03,biloss:0.004,icloss:0.060,loss1:6.803, loss2:7.067, loss3:6.739, ploss:0.000,palign:0.000,total_loss:20.672,fceloss:0.0000
2026-06-11 14:06:40,780 transreid.image_train INFO: Epoch[7] Iteration[80/111] Loss: 20.308, Acc: 0.039,Acc1: 0.047,Acc2: 0.031, Base Lr: 7.96e-03,biloss:0.003,icloss:0.068,loss1:6.723, loss2:6.987, loss3:6.539, ploss:0.000,palign:0.000,total_loss:20.319,fceloss:0.0000
2026-06-11 14:06:45,991 transreid.image_train INFO: Epoch[7] Iteration[100/111] Loss: 20.281, Acc: 0.051,Acc1: 0.058,Acc2: 0.044, Base Lr: 7.96e-03,biloss:0.003,icloss:0.073,loss1:6.483, loss2:6.962, loss3:6.171, ploss:0.000,palign:0.000,total_loss:19.692,fceloss:0.0000
2026-06-11 14:06:48,367 transreid.image_train INFO: Epoch 7 done. Time per batch: 2.725[s] Speed: 11.7[samples/s]
2026-06-11 14:07:03,511 transreid.image_train INFO: Validation Results - Epoch: 7
2026-06-11 14:07:03,511 transreid.image_train INFO: mAP: 36.7%
2026-06-11 14:07:03,511 transreid.image_train INFO: CMC curve, Rank-1  :40.0%
2026-06-11 14:07:03,511 transreid.image_train INFO: CMC curve, Rank-5  :54.4%
2026-06-11 14:07:03,511 transreid.image_train INFO: CMC curve, Rank-10 :62.6%
2026-06-11 14:07:03,512 transreid.image_train INFO: Best mAP: 41.0%
2026-06-11 14:07:03,512 transreid.image_train INFO: Best Rank-1: 44.7%
2026-06-11 14:07:03,512 transreid.image_train INFO: Best Rank-5: 60.5%
2026-06-11 14:07:03,512 transreid.image_train INFO: Best Rank-10: 66.9%
2026-06-11 14:07:08,797 transreid.image_train INFO: Epoch[8] Iteration[20/111] Loss: 20.151, Acc: 0.023,Acc1: 0.028,Acc2: 0.034, Base Lr: 7.94e-03,biloss:0.003,icloss:0.072,loss1:6.190, loss2:6.784, loss3:6.114, ploss:0.000,palign:0.000,total_loss:19.163,fceloss:0.0000
2026-06-11 14:07:14,015 transreid.image_train INFO: Epoch[8] Iteration[40/111] Loss: 20.108, Acc: 0.033,Acc1: 0.036,Acc2: 0.030, Base Lr: 7.94e-03,biloss:0.003,icloss:0.068,loss1:6.865, loss2:7.045, loss3:6.815, ploss:0.000,palign:0.000,total_loss:20.796,fceloss:0.0000
2026-06-11 14:07:19,198 transreid.image_train INFO: Epoch[8] Iteration[60/111] Loss: 20.094, Acc: 0.033,Acc1: 0.043,Acc2: 0.033, Base Lr: 7.94e-03,biloss:0.002,icloss:0.070,loss1:6.591, loss2:6.971, loss3:6.541, ploss:0.000,palign:0.000,total_loss:20.175,fceloss:0.0000
2026-06-11 14:07:24,473 transreid.image_train INFO: Epoch[8] Iteration[80/111] Loss: 20.075, Acc: 0.039,Acc1: 0.053,Acc2: 0.035, Base Lr: 7.94e-03,biloss:0.002,icloss:0.071,loss1:6.607, loss2:6.952, loss3:6.519, ploss:0.000,palign:0.000,total_loss:20.151,fceloss:0.0000
2026-06-11 14:07:29,659 transreid.image_train INFO: Epoch[8] Iteration[100/111] Loss: 19.968, Acc: 0.062,Acc1: 0.076,Acc2: 0.054, Base Lr: 7.94e-03,biloss:0.002,icloss:0.084,loss1:6.311, loss2:6.930, loss3:6.374, ploss:0.000,palign:0.000,total_loss:19.700,fceloss:0.0000
2026-06-11 14:07:31,819 transreid.image_train INFO: Epoch 8 done. Time per batch: 3.153[s] Speed: 10.1[samples/s]
2026-06-11 14:07:46,108 transreid.image_train INFO: Validation Results - Epoch: 8
2026-06-11 14:07:46,108 transreid.image_train INFO: mAP: 44.3%
2026-06-11 14:07:46,108 transreid.image_train INFO: CMC curve, Rank-1  :49.8%
2026-06-11 14:07:46,109 transreid.image_train INFO: CMC curve, Rank-5  :65.1%
2026-06-11 14:07:46,109 transreid.image_train INFO: CMC curve, Rank-10 :70.3%
2026-06-11 14:07:47,021 transreid.image_train INFO: Best mAP: 44.3%
2026-06-11 14:07:47,021 transreid.image_train INFO: Best Rank-1: 49.8%
2026-06-11 14:07:47,021 transreid.image_train INFO: Best Rank-5: 65.1%
2026-06-11 14:07:47,022 transreid.image_train INFO: Best Rank-10: 70.3%
2026-06-11 14:07:53,423 transreid.image_train INFO: Epoch[9] Iteration[20/111] Loss: 19.625, Acc: 0.056,Acc1: 0.123,Acc2: 0.061, Base Lr: 7.93e-03,biloss:0.003,icloss:0.076,loss1:6.197, loss2:6.764, loss3:6.214, ploss:0.000,palign:0.000,total_loss:19.253,fceloss:0.0000
2026-06-11 14:07:58,608 transreid.image_train INFO: Epoch[9] Iteration[40/111] Loss: 19.553, Acc: 0.055,Acc1: 0.110,Acc2: 0.053, Base Lr: 7.93e-03,biloss:0.002,icloss:0.083,loss1:6.256, loss2:6.790, loss3:6.065, ploss:0.000,palign:0.000,total_loss:19.196,fceloss:0.0000
2026-06-11 14:08:03,791 transreid.image_train INFO: Epoch[9] Iteration[60/111] Loss: 19.564, Acc: 0.054,Acc1: 0.096,Acc2: 0.046, Base Lr: 7.93e-03,biloss:0.002,icloss:0.083,loss1:6.485, loss2:6.846, loss3:6.364, ploss:0.000,palign:0.000,total_loss:19.779,fceloss:0.0000
2026-06-11 14:08:08,979 transreid.image_train INFO: Epoch[9] Iteration[80/111] Loss: 19.532, Acc: 0.070,Acc1: 0.102,Acc2: 0.061, Base Lr: 7.93e-03,biloss:0.002,icloss:0.081,loss1:6.082, loss2:6.864, loss3:6.097, ploss:0.000,palign:0.000,total_loss:19.126,fceloss:0.0000
2026-06-11 14:08:14,157 transreid.image_train INFO: Epoch[9] Iteration[100/111] Loss: 19.522, Acc: 0.088,Acc1: 0.112,Acc2: 0.067, Base Lr: 7.93e-03,biloss:0.002,icloss:0.090,loss1:6.040, loss2:6.816, loss3:5.900, ploss:0.000,palign:0.000,total_loss:18.849,fceloss:0.0000
2026-06-11 14:08:16,572 transreid.image_train INFO: Epoch 9 done. Time per batch: 3.535[s] Speed: 9.1[samples/s]
2026-06-11 14:08:31,493 transreid.image_train INFO: Validation Results - Epoch: 9
2026-06-11 14:08:31,493 transreid.image_train INFO: mAP: 46.0%
2026-06-11 14:08:31,493 transreid.image_train INFO: CMC curve, Rank-1  :51.2%
2026-06-11 14:08:31,494 transreid.image_train INFO: CMC curve, Rank-5  :64.4%
2026-06-11 14:08:31,494 transreid.image_train INFO: CMC curve, Rank-10 :71.9%
2026-06-11 14:08:33,346 transreid.image_train INFO: Best mAP: 46.0%
2026-06-11 14:08:33,346 transreid.image_train INFO: Best Rank-1: 51.2%
2026-06-11 14:08:33,346 transreid.image_train INFO: Best Rank-5: 64.4%
2026-06-11 14:08:33,346 transreid.image_train INFO: Best Rank-10: 71.9%
2026-06-11 14:08:39,647 transreid.image_train INFO: Epoch[10] Iteration[20/111] Loss: 19.700, Acc: 0.036,Acc1: 0.119,Acc2: 0.030, Base Lr: 7.91e-03,biloss:0.002,icloss:0.082,loss1:6.472, loss2:6.867, loss3:6.403, ploss:0.000,palign:0.000,total_loss:19.825,fceloss:0.0000
2026-06-11 14:08:44,829 transreid.image_train INFO: Epoch[10] Iteration[40/111] Loss: 19.557, Acc: 0.052,Acc1: 0.124,Acc2: 0.043, Base Lr: 7.91e-03,biloss:0.002,icloss:0.096,loss1:6.363, loss2:6.912, loss3:6.373, ploss:0.000,palign:0.000,total_loss:19.747,fceloss:0.0000
2026-06-11 14:08:50,010 transreid.image_train INFO: Epoch[10] Iteration[60/111] Loss: 19.392, Acc: 0.057,Acc1: 0.121,Acc2: 0.056, Base Lr: 7.91e-03,biloss:0.002,icloss:0.092,loss1:5.902, loss2:6.738, loss3:5.670, ploss:0.000,palign:0.000,total_loss:18.404,fceloss:0.0000
2026-06-11 14:08:55,193 transreid.image_train INFO: Epoch[10] Iteration[80/111] Loss: 19.355, Acc: 0.064,Acc1: 0.118,Acc2: 0.058, Base Lr: 7.91e-03,biloss:0.002,icloss:0.091,loss1:6.344, loss2:6.959, loss3:6.337, ploss:0.000,palign:0.000,total_loss:19.733,fceloss:0.0000
2026-06-11 14:09:00,321 transreid.image_train INFO: Epoch[10] Iteration[100/111] Loss: 19.348, Acc: 0.081,Acc1: 0.128,Acc2: 0.070, Base Lr: 7.91e-03,biloss:0.002,icloss:0.086,loss1:5.624, loss2:6.758, loss3:5.655, ploss:0.000,palign:0.000,total_loss:18.124,fceloss:0.0000
2026-06-11 14:09:01,814 transreid.image_train INFO: Epoch 10 done. Time per batch: 3.950[s] Speed: 8.1[samples/s]
2026-06-11 14:09:15,772 transreid.image_train INFO: Validation Results - Epoch: 10
2026-06-11 14:09:15,772 transreid.image_train INFO: mAP: 45.3%
2026-06-11 14:09:15,772 transreid.image_train INFO: CMC curve, Rank-1  :51.1%
2026-06-11 14:09:15,772 transreid.image_train INFO: CMC curve, Rank-5  :64.6%
2026-06-11 14:09:15,772 transreid.image_train INFO: CMC curve, Rank-10 :70.8%
2026-06-11 14:09:15,772 transreid.image_train INFO: Best mAP: 46.0%
2026-06-11 14:09:15,772 transreid.image_train INFO: Best Rank-1: 51.2%
2026-06-11 14:09:15,773 transreid.image_train INFO: Best Rank-5: 64.4%
2026-06-11 14:09:15,773 transreid.image_train INFO: Best Rank-10: 71.9%
2026-06-11 14:09:21,918 transreid.image_train INFO: Epoch[11] Iteration[20/111] Loss: 19.344, Acc: 0.058,Acc1: 0.123,Acc2: 0.045, Base Lr: 7.89e-03,biloss:0.002,icloss:0.098,loss1:6.108, loss2:6.786, loss3:6.097, ploss:0.000,palign:0.000,total_loss:19.090,fceloss:0.0000
2026-06-11 14:09:27,102 transreid.image_train INFO: Epoch[11] Iteration[40/111] Loss: 19.183, Acc: 0.070,Acc1: 0.124,Acc2: 0.052, Base Lr: 7.89e-03,biloss:0.002,icloss:0.095,loss1:6.922, loss2:7.217, loss3:6.778, ploss:0.000,palign:0.000,total_loss:21.014,fceloss:0.0000
2026-06-11 14:09:32,287 transreid.image_train INFO: Epoch[11] Iteration[60/111] Loss: 19.066, Acc: 0.080,Acc1: 0.129,Acc2: 0.059, Base Lr: 7.89e-03,biloss:0.002,icloss:0.102,loss1:5.862, loss2:6.762, loss3:5.867, ploss:0.000,palign:0.000,total_loss:18.595,fceloss:0.0000
2026-06-11 14:09:37,471 transreid.image_train INFO: Epoch[11] Iteration[80/111] Loss: 19.075, Acc: 0.088,Acc1: 0.132,Acc2: 0.065, Base Lr: 7.89e-03,biloss:0.002,icloss:0.101,loss1:5.405, loss2:6.767, loss3:5.486, ploss:0.000,palign:0.000,total_loss:17.761,fceloss:0.0000
2026-06-11 14:09:42,639 transreid.image_train INFO: Epoch[11] Iteration[100/111] Loss: 18.981, Acc: 0.110,Acc1: 0.150,Acc2: 0.079, Base Lr: 7.89e-03,biloss:0.002,icloss:0.104,loss1:5.927, loss2:6.923, loss3:6.044, ploss:0.000,palign:0.000,total_loss:19.000,fceloss:0.0000
2026-06-11 14:09:44,446 transreid.image_train INFO: Epoch 11 done. Time per batch: 4.301[s] Speed: 7.4[samples/s]
2026-06-11 14:09:58,591 transreid.image_train INFO: Validation Results - Epoch: 11
2026-06-11 14:09:58,591 transreid.image_train INFO: mAP: 49.0%
2026-06-11 14:09:58,591 transreid.image_train INFO: CMC curve, Rank-1  :55.5%
2026-06-11 14:09:58,591 transreid.image_train INFO: CMC curve, Rank-5  :67.6%
2026-06-11 14:09:58,591 transreid.image_train INFO: CMC curve, Rank-10 :73.1%
2026-06-11 14:10:00,378 transreid.image_train INFO: Best mAP: 49.0%
2026-06-11 14:10:00,379 transreid.image_train INFO: Best Rank-1: 55.5%
2026-06-11 14:10:00,379 transreid.image_train INFO: Best Rank-5: 67.6%
2026-06-11 14:10:00,379 transreid.image_train INFO: Best Rank-10: 73.1%
2026-06-11 14:10:06,569 transreid.image_train INFO: Epoch[12] Iteration[20/111] Loss: 18.961, Acc: 0.084,Acc1: 0.178,Acc2: 0.053, Base Lr: 7.87e-03,biloss:0.002,icloss:0.095,loss1:6.405, loss2:6.908, loss3:6.322, ploss:0.000,palign:0.000,total_loss:19.732,fceloss:0.0000
2026-06-11 14:10:11,786 transreid.image_train INFO: Epoch[12] Iteration[40/111] Loss: 18.807, Acc: 0.093,Acc1: 0.165,Acc2: 0.062, Base Lr: 7.87e-03,biloss:0.002,icloss:0.097,loss1:5.763, loss2:6.482, loss3:5.617, ploss:0.000,palign:0.000,total_loss:17.960,fceloss:0.0000
2026-06-11 14:10:16,973 transreid.image_train INFO: Epoch[12] Iteration[60/111] Loss: 18.714, Acc: 0.094,Acc1: 0.155,Acc2: 0.066, Base Lr: 7.87e-03,biloss:0.002,icloss:0.093,loss1:6.062, loss2:6.576, loss3:6.048, ploss:0.000,palign:0.000,total_loss:18.779,fceloss:0.0000
2026-06-11 14:10:22,194 transreid.image_train INFO: Epoch[12] Iteration[80/111] Loss: 18.677, Acc: 0.109,Acc1: 0.161,Acc2: 0.074, Base Lr: 7.87e-03,biloss:0.001,icloss:0.099,loss1:5.932, loss2:6.652, loss3:5.899, ploss:0.000,palign:0.000,total_loss:18.583,fceloss:0.0000
2026-06-11 14:10:26,632 transreid.image_train INFO: Epoch[12] Iteration[100/111] Loss: 18.718, Acc: 0.115,Acc1: 0.169,Acc2: 0.081, Base Lr: 7.87e-03,biloss:0.002,icloss:0.106,loss1:5.816, loss2:6.868, loss3:5.749, ploss:0.000,palign:0.000,total_loss:18.542,fceloss:0.0000
2026-06-11 14:10:29,115 transreid.image_train INFO: Epoch 12 done. Time per batch: 4.751[s] Speed: 6.7[samples/s]
2026-06-11 14:10:42,892 transreid.image_train INFO: Validation Results - Epoch: 12
2026-06-11 14:10:42,892 transreid.image_train INFO: mAP: 50.0%
2026-06-11 14:10:42,893 transreid.image_train INFO: CMC curve, Rank-1  :56.6%
2026-06-11 14:10:42,893 transreid.image_train INFO: CMC curve, Rank-5  :68.7%
2026-06-11 14:10:42,893 transreid.image_train INFO: CMC curve, Rank-10 :74.0%
2026-06-11 14:10:44,826 transreid.image_train INFO: Best mAP: 50.0%
2026-06-11 14:10:44,826 transreid.image_train INFO: Best Rank-1: 56.6%
2026-06-11 14:10:44,826 transreid.image_train INFO: Best Rank-5: 68.7%
2026-06-11 14:10:44,826 transreid.image_train INFO: Best Rank-10: 74.0%
2026-06-11 14:10:51,229 transreid.image_train INFO: Epoch[13] Iteration[20/111] Loss: 18.609, Acc: 0.080,Acc1: 0.234,Acc2: 0.062, Base Lr: 7.85e-03,biloss:0.002,icloss:0.101,loss1:5.919, loss2:6.455, loss3:5.942, ploss:0.000,palign:0.000,total_loss:18.418,fceloss:0.0000
2026-06-11 14:10:56,426 transreid.image_train INFO: Epoch[13] Iteration[40/111] Loss: 18.650, Acc: 0.095,Acc1: 0.226,Acc2: 0.070, Base Lr: 7.85e-03,biloss:0.001,icloss:0.105,loss1:6.110, loss2:6.760, loss3:6.268, ploss:0.000,palign:0.000,total_loss:19.245,fceloss:0.0000
2026-06-11 14:11:01,751 transreid.image_train INFO: Epoch[13] Iteration[60/111] Loss: 18.577, Acc: 0.095,Acc1: 0.202,Acc2: 0.068, Base Lr: 7.85e-03,biloss:0.001,icloss:0.123,loss1:5.626, loss2:6.621, loss3:5.532, ploss:0.000,palign:0.000,total_loss:17.903,fceloss:0.0000
2026-06-11 14:11:06,786 transreid.image_train INFO: Epoch[13] Iteration[80/111] Loss: 18.504, Acc: 0.108,Acc1: 0.207,Acc2: 0.077, Base Lr: 7.85e-03,biloss:0.001,icloss:0.127,loss1:5.538, loss2:6.571, loss3:5.393, ploss:0.000,palign:0.000,total_loss:17.631,fceloss:0.0000
2026-06-11 14:11:11,631 transreid.image_train INFO: Epoch[13] Iteration[100/111] Loss: 18.382, Acc: 0.132,Acc1: 0.217,Acc2: 0.097, Base Lr: 7.85e-03,biloss:0.002,icloss:0.117,loss1:5.514, loss2:6.615, loss3:5.536, ploss:0.000,palign:0.000,total_loss:17.784,fceloss:0.0000
2026-06-11 14:11:14,310 transreid.image_train INFO: Epoch 13 done. Time per batch: 5.165[s] Speed: 6.2[samples/s]
2026-06-11 14:11:27,798 transreid.image_train INFO: Validation Results - Epoch: 13
2026-06-11 14:11:27,799 transreid.image_train INFO: mAP: 50.7%
2026-06-11 14:11:27,799 transreid.image_train INFO: CMC curve, Rank-1  :56.4%
2026-06-11 14:11:27,799 transreid.image_train INFO: CMC curve, Rank-5  :69.6%
2026-06-11 14:11:27,799 transreid.image_train INFO: CMC curve, Rank-10 :74.0%
2026-06-11 14:11:29,969 transreid.image_train INFO: Best mAP: 50.7%
2026-06-11 14:11:29,969 transreid.image_train INFO: Best Rank-1: 56.4%
2026-06-11 14:11:29,969 transreid.image_train INFO: Best Rank-5: 69.6%
2026-06-11 14:11:29,969 transreid.image_train INFO: Best Rank-10: 74.0%
2026-06-11 14:11:36,355 transreid.image_train INFO: Epoch[14] Iteration[20/111] Loss: 18.282, Acc: 0.123,Acc1: 0.267,Acc2: 0.089, Base Lr: 7.83e-03,biloss:0.002,icloss:0.101,loss1:5.494, loss2:6.454, loss3:5.560, ploss:0.000,palign:0.000,total_loss:17.611,fceloss:0.0000
2026-06-11 14:11:41,543 transreid.image_train INFO: Epoch[14] Iteration[40/111] Loss: 18.328, Acc: 0.110,Acc1: 0.234,Acc2: 0.074, Base Lr: 7.83e-03,biloss:0.002,icloss:0.117,loss1:5.722, loss2:6.590, loss3:5.864, ploss:0.000,palign:0.000,total_loss:18.294,fceloss:0.0000
2026-06-11 14:11:46,723 transreid.image_train INFO: Epoch[14] Iteration[60/111] Loss: 18.195, Acc: 0.131,Acc1: 0.236,Acc2: 0.097, Base Lr: 7.83e-03,biloss:0.002,icloss:0.105,loss1:5.783, loss2:6.582, loss3:5.797, ploss:0.000,palign:0.000,total_loss:18.269,fceloss:0.0000
2026-06-11 14:11:51,201 transreid.image_train INFO: Epoch[14] Iteration[80/111] Loss: 18.199, Acc: 0.144,Acc1: 0.231,Acc2: 0.109, Base Lr: 7.83e-03,biloss:0.002,icloss:0.102,loss1:5.483, loss2:6.798, loss3:5.799, ploss:0.000,palign:0.000,total_loss:18.184,fceloss:0.0000
2026-06-11 14:11:57,141 transreid.image_train INFO: Epoch[14] Iteration[100/111] Loss: 18.134, Acc: 0.160,Acc1: 0.239,Acc2: 0.128, Base Lr: 7.83e-03,biloss:0.001,icloss:0.118,loss1:6.089, loss2:7.036, loss3:6.188, ploss:0.000,palign:0.000,total_loss:19.433,fceloss:0.0000
2026-06-11 14:11:59,847 transreid.image_train INFO: Epoch 14 done. Time per batch: 5.583[s] Speed: 5.7[samples/s]
2026-06-11 14:12:13,690 transreid.image_train INFO: Validation Results - Epoch: 14
2026-06-11 14:12:13,690 transreid.image_train INFO: mAP: 53.3%
2026-06-11 14:12:13,690 transreid.image_train INFO: CMC curve, Rank-1  :58.7%
2026-06-11 14:12:13,690 transreid.image_train INFO: CMC curve, Rank-5  :71.9%
2026-06-11 14:12:13,691 transreid.image_train INFO: CMC curve, Rank-10 :75.6%
2026-06-11 14:12:15,407 transreid.image_train INFO: Best mAP: 53.3%
2026-06-11 14:12:15,408 transreid.image_train INFO: Best Rank-1: 58.7%
2026-06-11 14:12:15,408 transreid.image_train INFO: Best Rank-5: 71.9%
2026-06-11 14:12:15,408 transreid.image_train INFO: Best Rank-10: 75.6%
2026-06-11 14:12:21,851 transreid.image_train INFO: Epoch[15] Iteration[20/111] Loss: 18.109, Acc: 0.091,Acc1: 0.305,Acc2: 0.087, Base Lr: 7.80e-03,biloss:0.002,icloss:0.109,loss1:5.770, loss2:6.792, loss3:5.879, ploss:0.000,palign:0.000,total_loss:18.553,fceloss:0.0000
2026-06-11 14:12:27,042 transreid.image_train INFO: Epoch[15] Iteration[40/111] Loss: 18.011, Acc: 0.126,Acc1: 0.270,Acc2: 0.099, Base Lr: 7.80e-03,biloss:0.001,icloss:0.114,loss1:4.955, loss2:6.303, loss3:5.079, ploss:0.000,palign:0.000,total_loss:16.451,fceloss:0.0000
2026-06-11 14:12:31,295 transreid.image_train INFO: Epoch[15] Iteration[60/111] Loss: 18.087, Acc: 0.123,Acc1: 0.257,Acc2: 0.090, Base Lr: 7.80e-03,biloss:0.002,icloss:0.113,loss1:5.655, loss2:6.688, loss3:5.782, ploss:0.000,palign:0.000,total_loss:18.241,fceloss:0.0000
2026-06-11 14:12:37,109 transreid.image_train INFO: Epoch[15] Iteration[80/111] Loss: 17.972, Acc: 0.144,Acc1: 0.260,Acc2: 0.103, Base Lr: 7.80e-03,biloss:0.001,icloss:0.152,loss1:5.211, loss2:6.306, loss3:4.965, ploss:0.000,palign:0.000,total_loss:16.635,fceloss:0.0000
2026-06-11 14:12:42,980 transreid.image_train INFO: Epoch[15] Iteration[100/111] Loss: 17.927, Acc: 0.153,Acc1: 0.266,Acc2: 0.113, Base Lr: 7.80e-03,biloss:0.001,icloss:0.118,loss1:5.534, loss2:6.796, loss3:5.531, ploss:0.000,palign:0.000,total_loss:17.981,fceloss:0.0000
2026-06-11 14:12:44,767 transreid.image_train INFO: Epoch 15 done. Time per batch: 5.995[s] Speed: 5.3[samples/s]
2026-06-11 14:12:58,292 transreid.image_train INFO: Validation Results - Epoch: 15
2026-06-11 14:12:58,292 transreid.image_train INFO: mAP: 55.0%
2026-06-11 14:12:58,292 transreid.image_train INFO: CMC curve, Rank-1  :61.6%
2026-06-11 14:12:58,292 transreid.image_train INFO: CMC curve, Rank-5  :71.5%
2026-06-11 14:12:58,292 transreid.image_train INFO: CMC curve, Rank-10 :76.5%
2026-06-11 14:13:00,139 transreid.image_train INFO: Best mAP: 55.0%
2026-06-11 14:13:00,139 transreid.image_train INFO: Best Rank-1: 61.6%
2026-06-11 14:13:00,139 transreid.image_train INFO: Best Rank-5: 71.5%
2026-06-11 14:13:00,139 transreid.image_train INFO: Best Rank-10: 76.5%
2026-06-11 14:13:06,691 transreid.image_train INFO: Epoch[16] Iteration[20/111] Loss: 18.071, Acc: 0.095,Acc1: 0.298,Acc2: 0.091, Base Lr: 7.78e-03,biloss:0.001,icloss:0.117,loss1:6.252, loss2:6.798, loss3:6.089, ploss:0.000,palign:0.000,total_loss:19.258,fceloss:0.0000
2026-06-11 14:13:11,881 transreid.image_train INFO: Epoch[16] Iteration[40/111] Loss: 17.885, Acc: 0.124,Acc1: 0.286,Acc2: 0.099, Base Lr: 7.78e-03,biloss:0.001,icloss:0.123,loss1:5.029, loss2:6.252, loss3:5.063, ploss:0.000,palign:0.000,total_loss:16.468,fceloss:0.0000
2026-06-11 14:13:16,204 transreid.image_train INFO: Epoch[16] Iteration[60/111] Loss: 17.828, Acc: 0.126,Acc1: 0.268,Acc2: 0.101, Base Lr: 7.78e-03,biloss:0.002,icloss:0.110,loss1:5.329, loss2:6.500, loss3:5.559, ploss:0.000,palign:0.000,total_loss:17.500,fceloss:0.0000
2026-06-11 14:13:22,044 transreid.image_train INFO: Epoch[16] Iteration[80/111] Loss: 17.779, Acc: 0.146,Acc1: 0.272,Acc2: 0.115, Base Lr: 7.78e-03,biloss:0.001,icloss:0.125,loss1:4.818, loss2:6.469, loss3:4.905, ploss:0.000,palign:0.000,total_loss:16.318,fceloss:0.0000
2026-06-11 14:13:27,893 transreid.image_train INFO: Epoch[16] Iteration[100/111] Loss: 17.692, Acc: 0.176,Acc1: 0.290,Acc2: 0.139, Base Lr: 7.78e-03,biloss:0.001,icloss:0.129,loss1:5.272, loss2:6.923, loss3:5.626, ploss:0.000,palign:0.000,total_loss:17.951,fceloss:0.0000
2026-06-11 14:13:29,464 transreid.image_train INFO: Epoch 16 done. Time per batch: 6.405[s] Speed: 5.0[samples/s]
2026-06-11 14:13:43,354 transreid.image_train INFO: Validation Results - Epoch: 16
2026-06-11 14:13:43,354 transreid.image_train INFO: mAP: 54.7%
2026-06-11 14:13:43,354 transreid.image_train INFO: CMC curve, Rank-1  :61.4%
2026-06-11 14:13:43,354 transreid.image_train INFO: CMC curve, Rank-5  :73.0%
2026-06-11 14:13:43,354 transreid.image_train INFO: CMC curve, Rank-10 :77.9%
2026-06-11 14:13:43,354 transreid.image_train INFO: Best mAP: 55.0%
2026-06-11 14:13:43,354 transreid.image_train INFO: Best Rank-1: 61.6%
2026-06-11 14:13:43,354 transreid.image_train INFO: Best Rank-5: 71.5%
2026-06-11 14:13:43,354 transreid.image_train INFO: Best Rank-10: 76.5%
2026-06-11 14:13:49,813 transreid.image_train INFO: Epoch[17] Iteration[20/111] Loss: 17.565, Acc: 0.119,Acc1: 0.292,Acc2: 0.087, Base Lr: 7.75e-03,biloss:0.001,icloss:0.127,loss1:5.616, loss2:6.592, loss3:5.762, ploss:0.000,palign:0.000,total_loss:18.098,fceloss:0.0000
2026-06-11 14:13:55,003 transreid.image_train INFO: Epoch[17] Iteration[40/111] Loss: 17.732, Acc: 0.110,Acc1: 0.282,Acc2: 0.091, Base Lr: 7.75e-03,biloss:0.001,icloss:0.117,loss1:5.662, loss2:6.336, loss3:5.707, ploss:0.000,palign:0.000,total_loss:17.824,fceloss:0.0000
2026-06-11 14:13:59,402 transreid.image_train INFO: Epoch[17] Iteration[60/111] Loss: 17.626, Acc: 0.133,Acc1: 0.282,Acc2: 0.104, Base Lr: 7.75e-03,biloss:0.001,icloss:0.124,loss1:5.129, loss2:6.423, loss3:5.540, ploss:0.000,palign:0.000,total_loss:17.217,fceloss:0.0000
2026-06-11 14:14:05,319 transreid.image_train INFO: Epoch[17] Iteration[80/111] Loss: 17.559, Acc: 0.148,Acc1: 0.275,Acc2: 0.109, Base Lr: 7.75e-03,biloss:0.001,icloss:0.135,loss1:5.477, loss2:6.933, loss3:5.836, ploss:0.000,palign:0.000,total_loss:18.383,fceloss:0.0000
2026-06-11 14:14:11,082 transreid.image_train INFO: Epoch[17] Iteration[100/111] Loss: 17.469, Acc: 0.188,Acc1: 0.303,Acc2: 0.142, Base Lr: 7.75e-03,biloss:0.001,icloss:0.174,loss1:3.899, loss2:5.919, loss3:4.050, ploss:0.000,palign:0.000,total_loss:14.043,fceloss:0.0000
2026-06-11 14:14:12,675 transreid.image_train INFO: Epoch 17 done. Time per batch: 6.865[s] Speed: 4.7[samples/s]
2026-06-11 14:14:26,483 transreid.image_train INFO: Validation Results - Epoch: 17
2026-06-11 14:14:26,483 transreid.image_train INFO: mAP: 52.9%
2026-06-11 14:14:26,483 transreid.image_train INFO: CMC curve, Rank-1  :60.1%
2026-06-11 14:14:26,483 transreid.image_train INFO: CMC curve, Rank-5  :70.6%
2026-06-11 14:14:26,483 transreid.image_train INFO: CMC curve, Rank-10 :74.4%
2026-06-11 14:14:26,483 transreid.image_train INFO: Best mAP: 55.0%
2026-06-11 14:14:26,484 transreid.image_train INFO: Best Rank-1: 61.6%
2026-06-11 14:14:26,484 transreid.image_train INFO: Best Rank-5: 71.5%
2026-06-11 14:14:26,484 transreid.image_train INFO: Best Rank-10: 76.5%
2026-06-11 14:14:32,779 transreid.image_train INFO: Epoch[18] Iteration[20/111] Loss: 17.573, Acc: 0.122,Acc1: 0.277,Acc2: 0.120, Base Lr: 7.72e-03,biloss:0.001,icloss:0.121,loss1:5.396, loss2:6.452, loss3:5.531, ploss:0.000,palign:0.000,total_loss:17.501,fceloss:0.0000
2026-06-11 14:14:37,967 transreid.image_train INFO: Epoch[18] Iteration[40/111] Loss: 17.582, Acc: 0.141,Acc1: 0.295,Acc2: 0.134, Base Lr: 7.72e-03,biloss:0.001,icloss:0.117,loss1:5.742, loss2:6.560, loss3:5.872, ploss:0.000,palign:0.000,total_loss:18.292,fceloss:0.0000
2026-06-11 14:14:42,351 transreid.image_train INFO: Epoch[18] Iteration[60/111] Loss: 17.431, Acc: 0.158,Acc1: 0.308,Acc2: 0.133, Base Lr: 7.72e-03,biloss:0.001,icloss:0.126,loss1:5.268, loss2:6.546, loss3:5.231, ploss:0.000,palign:0.000,total_loss:17.172,fceloss:0.0000
2026-06-11 14:14:48,199 transreid.image_train INFO: Epoch[18] Iteration[80/111] Loss: 17.417, Acc: 0.155,Acc1: 0.300,Acc2: 0.128, Base Lr: 7.72e-03,biloss:0.001,icloss:0.129,loss1:5.405, loss2:6.572, loss3:5.459, ploss:0.000,palign:0.000,total_loss:17.567,fceloss:0.0000
2026-06-11 14:14:53,882 transreid.image_train INFO: Epoch[18] Iteration[100/111] Loss: 17.259, Acc: 0.188,Acc1: 0.315,Acc2: 0.147, Base Lr: 7.72e-03,biloss:0.001,icloss:0.128,loss1:4.979, loss2:6.607, loss3:5.209, ploss:0.000,palign:0.000,total_loss:16.924,fceloss:0.0000
2026-06-11 14:14:55,653 transreid.image_train INFO: Epoch 18 done. Time per batch: 7.196[s] Speed: 4.4[samples/s]
2026-06-11 14:15:09,482 transreid.image_train INFO: Validation Results - Epoch: 18
2026-06-11 14:15:09,482 transreid.image_train INFO: mAP: 54.6%
2026-06-11 14:15:09,482 transreid.image_train INFO: CMC curve, Rank-1  :60.1%
2026-06-11 14:15:09,483 transreid.image_train INFO: CMC curve, Rank-5  :73.3%
2026-06-11 14:15:09,483 transreid.image_train INFO: CMC curve, Rank-10 :76.7%
2026-06-11 14:15:09,483 transreid.image_train INFO: Best mAP: 55.0%
2026-06-11 14:15:09,483 transreid.image_train INFO: Best Rank-1: 61.6%
2026-06-11 14:15:09,483 transreid.image_train INFO: Best Rank-5: 71.5%
2026-06-11 14:15:09,483 transreid.image_train INFO: Best Rank-10: 76.5%
2026-06-11 14:15:16,136 transreid.image_train INFO: Epoch[19] Iteration[20/111] Loss: 17.254, Acc: 0.155,Acc1: 0.364,Acc2: 0.119, Base Lr: 7.69e-03,biloss:0.001,icloss:0.127,loss1:4.988, loss2:6.143, loss3:4.985, ploss:0.000,palign:0.000,total_loss:16.244,fceloss:0.0000
2026-06-11 14:15:21,323 transreid.image_train INFO: Epoch[19] Iteration[40/111] Loss: 17.122, Acc: 0.147,Acc1: 0.316,Acc2: 0.121, Base Lr: 7.69e-03,biloss:0.001,icloss:0.124,loss1:5.016, loss2:6.188, loss3:5.042, ploss:0.000,palign:0.000,total_loss:16.372,fceloss:0.0000
2026-06-11 14:15:26,008 transreid.image_train INFO: Epoch[19] Iteration[60/111] Loss: 17.034, Acc: 0.174,Acc1: 0.311,Acc2: 0.139, Base Lr: 7.69e-03,biloss:0.001,icloss:0.122,loss1:5.035, loss2:6.605, loss3:5.397, ploss:0.000,palign:0.000,total_loss:17.161,fceloss:0.0000
2026-06-11 14:15:31,943 transreid.image_train INFO: Epoch[19] Iteration[80/111] Loss: 17.101, Acc: 0.176,Acc1: 0.309,Acc2: 0.141, Base Lr: 7.69e-03,biloss:0.001,icloss:0.127,loss1:4.745, loss2:6.201, loss3:4.757, ploss:0.000,palign:0.000,total_loss:15.832,fceloss:0.0000
2026-06-11 14:15:36,974 transreid.image_train INFO: Epoch[19] Iteration[100/111] Loss: 16.969, Acc: 0.204,Acc1: 0.333,Acc2: 0.166, Base Lr: 7.69e-03,biloss:0.001,icloss:0.131,loss1:4.688, loss2:6.258, loss3:4.738, ploss:0.000,palign:0.000,total_loss:15.816,fceloss:0.0000
2026-06-11 14:15:39,382 transreid.image_train INFO: Epoch 19 done. Time per batch: 7.597[s] Speed: 4.2[samples/s]
2026-06-11 14:15:53,080 transreid.image_train INFO: Validation Results - Epoch: 19
2026-06-11 14:15:53,080 transreid.image_train INFO: mAP: 55.9%
2026-06-11 14:15:53,080 transreid.image_train INFO: CMC curve, Rank-1  :62.5%
2026-06-11 14:15:53,080 transreid.image_train INFO: CMC curve, Rank-5  :73.3%
2026-06-11 14:15:53,080 transreid.image_train INFO: CMC curve, Rank-10 :77.4%
2026-06-11 14:15:54,793 transreid.image_train INFO: Best mAP: 55.9%
2026-06-11 14:15:54,793 transreid.image_train INFO: Best Rank-1: 62.5%
2026-06-11 14:15:54,793 transreid.image_train INFO: Best Rank-5: 73.3%
2026-06-11 14:15:54,793 transreid.image_train INFO: Best Rank-10: 77.4%
2026-06-11 14:16:01,116 transreid.image_train INFO: Epoch[20] Iteration[20/111] Loss: 17.536, Acc: 0.133,Acc1: 0.334,Acc2: 0.084, Base Lr: 7.65e-03,biloss:0.001,icloss:0.130,loss1:5.505, loss2:6.329, loss3:5.293, ploss:0.000,palign:0.000,total_loss:17.257,fceloss:0.0000
2026-06-11 14:16:05,585 transreid.image_train INFO: Epoch[20] Iteration[40/111] Loss: 17.301, Acc: 0.137,Acc1: 0.350,Acc2: 0.102, Base Lr: 7.65e-03,biloss:0.002,icloss:0.129,loss1:5.105, loss2:6.173, loss3:5.268, ploss:0.000,palign:0.000,total_loss:16.677,fceloss:0.0000
2026-06-11 14:16:11,174 transreid.image_train INFO: Epoch[20] Iteration[60/111] Loss: 17.243, Acc: 0.150,Acc1: 0.323,Acc2: 0.105, Base Lr: 7.65e-03,biloss:0.001,icloss:0.134,loss1:4.740, loss2:6.333, loss3:4.899, ploss:0.000,palign:0.000,total_loss:16.109,fceloss:0.0000
2026-06-11 14:16:16,996 transreid.image_train INFO: Epoch[20] Iteration[80/111] Loss: 17.070, Acc: 0.186,Acc1: 0.339,Acc2: 0.140, Base Lr: 7.65e-03,biloss:0.001,icloss:0.143,loss1:4.203, loss2:6.064, loss3:4.332, ploss:0.000,palign:0.000,total_loss:14.744,fceloss:0.0000
2026-06-11 14:16:21,157 transreid.image_train INFO: Epoch[20] Iteration[100/111] Loss: 16.897, Acc: 0.220,Acc1: 0.355,Acc2: 0.167, Base Lr: 7.65e-03,biloss:0.001,icloss:0.141,loss1:4.465, loss2:6.351, loss3:4.903, ploss:0.000,palign:0.000,total_loss:15.862,fceloss:0.0000
2026-06-11 14:16:23,586 transreid.image_train INFO: Epoch 20 done. Time per batch: 8.003[s] Speed: 4.0[samples/s]
2026-06-11 14:16:37,253 transreid.image_train INFO: Validation Results - Epoch: 20
2026-06-11 14:16:37,253 transreid.image_train INFO: mAP: 55.6%
2026-06-11 14:16:37,254 transreid.image_train INFO: CMC curve, Rank-1  :62.5%
2026-06-11 14:16:37,254 transreid.image_train INFO: CMC curve, Rank-5  :73.1%
2026-06-11 14:16:37,254 transreid.image_train INFO: CMC curve, Rank-10 :76.2%
2026-06-11 14:16:37,254 transreid.image_train INFO: Best mAP: 55.9%
2026-06-11 14:16:37,254 transreid.image_train INFO: Best Rank-1: 62.5%
2026-06-11 14:16:37,254 transreid.image_train INFO: Best Rank-5: 73.3%
2026-06-11 14:16:37,254 transreid.image_train INFO: Best Rank-10: 77.4%
2026-06-11 14:16:43,589 transreid.image_train INFO: Epoch[21] Iteration[20/111] Loss: 16.901, Acc: 0.158,Acc1: 0.412,Acc2: 0.122, Base Lr: 7.62e-03,biloss:0.001,icloss:0.134,loss1:4.982, loss2:6.403, loss3:5.119, ploss:0.000,palign:0.000,total_loss:16.639,fceloss:0.0000
2026-06-11 14:16:48,534 transreid.image_train INFO: Epoch[21] Iteration[40/111] Loss: 16.750, Acc: 0.179,Acc1: 0.381,Acc2: 0.134, Base Lr: 7.62e-03,biloss:0.001,icloss:0.139,loss1:5.126, loss2:6.426, loss3:5.459, ploss:0.000,palign:0.000,total_loss:17.150,fceloss:0.0000
2026-06-11 14:16:53,541 transreid.image_train INFO: Epoch[21] Iteration[60/111] Loss: 16.829, Acc: 0.184,Acc1: 0.364,Acc2: 0.133, Base Lr: 7.62e-03,biloss:0.001,icloss:0.135,loss1:4.886, loss2:6.379, loss3:5.039, ploss:0.000,palign:0.000,total_loss:16.439,fceloss:0.0000
2026-06-11 14:16:59,568 transreid.image_train INFO: Epoch[21] Iteration[80/111] Loss: 16.804, Acc: 0.194,Acc1: 0.353,Acc2: 0.144, Base Lr: 7.62e-03,biloss:0.001,icloss:0.147,loss1:5.374, loss2:6.595, loss3:5.340, ploss:0.000,palign:0.000,total_loss:17.458,fceloss:0.0000
2026-06-11 14:17:04,396 transreid.image_train INFO: Epoch[21] Iteration[100/111] Loss: 16.597, Acc: 0.222,Acc1: 0.370,Acc2: 0.174, Base Lr: 7.62e-03,biloss:0.001,icloss:0.131,loss1:5.353, loss2:6.594, loss3:5.562, ploss:0.000,palign:0.000,total_loss:17.641,fceloss:0.0000
2026-06-11 14:17:06,772 transreid.image_train INFO: Epoch 21 done. Time per batch: 8.399[s] Speed: 3.8[samples/s]
2026-06-11 14:17:20,452 transreid.image_train INFO: Validation Results - Epoch: 21
2026-06-11 14:17:20,452 transreid.image_train INFO: mAP: 55.8%
2026-06-11 14:17:20,452 transreid.image_train INFO: CMC curve, Rank-1  :62.1%
2026-06-11 14:17:20,452 transreid.image_train INFO: CMC curve, Rank-5  :72.6%
2026-06-11 14:17:20,452 transreid.image_train INFO: CMC curve, Rank-10 :76.9%
2026-06-11 14:17:20,452 transreid.image_train INFO: Best mAP: 55.9%
2026-06-11 14:17:20,452 transreid.image_train INFO: Best Rank-1: 62.5%
2026-06-11 14:17:20,452 transreid.image_train INFO: Best Rank-5: 73.3%
2026-06-11 14:17:20,452 transreid.image_train INFO: Best Rank-10: 77.4%
2026-06-11 14:17:26,825 transreid.image_train INFO: Epoch[22] Iteration[20/111] Loss: 16.660, Acc: 0.150,Acc1: 0.355,Acc2: 0.142, Base Lr: 7.58e-03,biloss:0.001,icloss:0.168,loss1:4.463, loss2:6.013, loss3:4.540, ploss:0.000,palign:0.000,total_loss:15.186,fceloss:0.0000
2026-06-11 14:17:31,767 transreid.image_train INFO: Epoch[22] Iteration[40/111] Loss: 16.520, Acc: 0.188,Acc1: 0.380,Acc2: 0.157, Base Lr: 7.58e-03,biloss:0.001,icloss:0.132,loss1:5.049, loss2:6.409, loss3:5.282, ploss:0.000,palign:0.000,total_loss:16.873,fceloss:0.0000
2026-06-11 14:17:36,789 transreid.image_train INFO: Epoch[22] Iteration[60/111] Loss: 16.398, Acc: 0.205,Acc1: 0.380,Acc2: 0.171, Base Lr: 7.58e-03,biloss:0.001,icloss:0.141,loss1:4.881, loss2:6.205, loss3:5.129, ploss:0.000,palign:0.000,total_loss:16.357,fceloss:0.0000
2026-06-11 14:17:42,699 transreid.image_train INFO: Epoch[22] Iteration[80/111] Loss: 16.315, Acc: 0.224,Acc1: 0.380,Acc2: 0.174, Base Lr: 7.58e-03,biloss:0.001,icloss:0.145,loss1:4.608, loss2:6.574, loss3:5.034, ploss:0.000,palign:0.000,total_loss:16.362,fceloss:0.0000
2026-06-11 14:17:47,462 transreid.image_train INFO: Epoch[22] Iteration[100/111] Loss: 16.309, Acc: 0.244,Acc1: 0.376,Acc2: 0.189, Base Lr: 7.58e-03,biloss:0.001,icloss:0.149,loss1:3.663, loss2:6.158, loss3:4.111, ploss:0.000,palign:0.000,total_loss:14.083,fceloss:0.0000
2026-06-11 14:17:49,627 transreid.image_train INFO: Epoch 22 done. Time per batch: 8.873[s] Speed: 3.6[samples/s]
2026-06-11 14:18:03,389 transreid.image_train INFO: Validation Results - Epoch: 22
2026-06-11 14:18:03,390 transreid.image_train INFO: mAP: 55.9%
2026-06-11 14:18:03,390 transreid.image_train INFO: CMC curve, Rank-1  :62.8%
2026-06-11 14:18:03,390 transreid.image_train INFO: CMC curve, Rank-5  :72.2%
2026-06-11 14:18:03,390 transreid.image_train INFO: CMC curve, Rank-10 :75.8%
2026-06-11 14:18:05,137 transreid.image_train INFO: Best mAP: 55.9%
2026-06-11 14:18:05,137 transreid.image_train INFO: Best Rank-1: 62.8%
2026-06-11 14:18:05,137 transreid.image_train INFO: Best Rank-5: 72.2%
2026-06-11 14:18:05,137 transreid.image_train INFO: Best Rank-10: 75.8%
2026-06-11 14:18:11,273 transreid.image_train INFO: Epoch[23] Iteration[20/111] Loss: 16.538, Acc: 0.213,Acc1: 0.427,Acc2: 0.175, Base Lr: 7.55e-03,biloss:0.001,icloss:0.147,loss1:4.477, loss2:6.271, loss3:4.813, ploss:0.000,palign:0.000,total_loss:15.708,fceloss:0.0000
2026-06-11 14:18:15,662 transreid.image_train INFO: Epoch[23] Iteration[40/111] Loss: 16.447, Acc: 0.209,Acc1: 0.403,Acc2: 0.173, Base Lr: 7.55e-03,biloss:0.001,icloss:0.140,loss1:5.125, loss2:6.487, loss3:5.464, ploss:0.000,palign:0.000,total_loss:17.217,fceloss:0.0000
2026-06-11 14:18:21,485 transreid.image_train INFO: Epoch[23] Iteration[60/111] Loss: 16.288, Acc: 0.230,Acc1: 0.393,Acc2: 0.186, Base Lr: 7.55e-03,biloss:0.001,icloss:0.143,loss1:4.459, loss2:6.088, loss3:4.583, ploss:0.000,palign:0.000,total_loss:15.275,fceloss:0.0000
2026-06-11 14:18:27,260 transreid.image_train INFO: Epoch[23] Iteration[80/111] Loss: 16.294, Acc: 0.227,Acc1: 0.382,Acc2: 0.182, Base Lr: 7.55e-03,biloss:0.001,icloss:0.151,loss1:4.924, loss2:6.437, loss3:4.878, ploss:0.000,palign:0.000,total_loss:16.391,fceloss:0.0000
2026-06-11 14:18:31,806 transreid.image_train INFO: Epoch[23] Iteration[100/111] Loss: 16.157, Acc: 0.252,Acc1: 0.390,Acc2: 0.198, Base Lr: 7.55e-03,biloss:0.001,icloss:0.154,loss1:4.244, loss2:6.458, loss3:4.356, ploss:0.000,palign:0.000,total_loss:15.212,fceloss:0.0000
2026-06-11 14:18:34,224 transreid.image_train INFO: Epoch 23 done. Time per batch: 9.201[s] Speed: 3.5[samples/s]
2026-06-11 14:18:47,962 transreid.image_train INFO: Validation Results - Epoch: 23
2026-06-11 14:18:47,962 transreid.image_train INFO: mAP: 55.7%
2026-06-11 14:18:47,963 transreid.image_train INFO: CMC curve, Rank-1  :62.8%
2026-06-11 14:18:47,963 transreid.image_train INFO: CMC curve, Rank-5  :73.8%
2026-06-11 14:18:47,963 transreid.image_train INFO: CMC curve, Rank-10 :77.6%
2026-06-11 14:18:47,963 transreid.image_train INFO: Best mAP: 55.9%
2026-06-11 14:18:47,963 transreid.image_train INFO: Best Rank-1: 62.8%
2026-06-11 14:18:47,963 transreid.image_train INFO: Best Rank-5: 72.2%
2026-06-11 14:18:47,963 transreid.image_train INFO: Best Rank-10: 75.8%
2026-06-11 14:18:54,289 transreid.image_train INFO: Epoch[24] Iteration[20/111] Loss: 16.337, Acc: 0.175,Acc1: 0.400,Acc2: 0.145, Base Lr: 7.51e-03,biloss:0.001,icloss:0.141,loss1:4.891, loss2:6.062, loss3:4.872, ploss:0.000,palign:0.000,total_loss:15.968,fceloss:0.0000
2026-06-11 14:18:58,713 transreid.image_train INFO: Epoch[24] Iteration[40/111] Loss: 16.300, Acc: 0.198,Acc1: 0.398,Acc2: 0.159, Base Lr: 7.51e-03,biloss:0.001,icloss:0.148,loss1:4.941, loss2:6.079, loss3:4.952, ploss:0.000,palign:0.000,total_loss:16.121,fceloss:0.0000
2026-06-11 14:19:04,558 transreid.image_train INFO: Epoch[24] Iteration[60/111] Loss: 16.200, Acc: 0.209,Acc1: 0.381,Acc2: 0.163, Base Lr: 7.51e-03,biloss:0.001,icloss:0.141,loss1:5.544, loss2:6.454, loss3:5.840, ploss:0.000,palign:0.000,total_loss:17.979,fceloss:0.0000
2026-06-11 14:19:10,432 transreid.image_train INFO: Epoch[24] Iteration[80/111] Loss: 16.036, Acc: 0.251,Acc1: 0.389,Acc2: 0.191, Base Lr: 7.51e-03,biloss:0.001,icloss:0.150,loss1:4.598, loss2:6.226, loss3:4.600, ploss:0.000,palign:0.000,total_loss:15.575,fceloss:0.0000
2026-06-11 14:19:14,689 transreid.image_train INFO: Epoch[24] Iteration[100/111] Loss: 15.813, Acc: 0.305,Acc1: 0.404,Acc2: 0.232, Base Lr: 7.51e-03,biloss:0.001,icloss:0.175,loss1:3.000, loss2:5.751, loss3:3.378, ploss:0.000,palign:0.000,total_loss:12.305,fceloss:0.0000
2026-06-11 14:19:17,382 transreid.image_train INFO: Epoch 24 done. Time per batch: 9.510[s] Speed: 3.4[samples/s]
2026-06-11 14:19:31,047 transreid.image_train INFO: Validation Results - Epoch: 24
2026-06-11 14:19:31,047 transreid.image_train INFO: mAP: 54.7%
2026-06-11 14:19:31,047 transreid.image_train INFO: CMC curve, Rank-1  :61.2%
2026-06-11 14:19:31,047 transreid.image_train INFO: CMC curve, Rank-5  :71.7%
2026-06-11 14:19:31,047 transreid.image_train INFO: CMC curve, Rank-10 :77.2%
2026-06-11 14:19:31,047 transreid.image_train INFO: Best mAP: 55.9%
2026-06-11 14:19:31,047 transreid.image_train INFO: Best Rank-1: 62.8%
2026-06-11 14:19:31,047 transreid.image_train INFO: Best Rank-5: 72.2%
2026-06-11 14:19:31,047 transreid.image_train INFO: Best Rank-10: 75.8%
2026-06-11 14:19:37,811 transreid.image_train INFO: Epoch[25] Iteration[20/111] Loss: 16.371, Acc: 0.127,Acc1: 0.386,Acc2: 0.136, Base Lr: 7.47e-03,biloss:0.001,icloss:0.148,loss1:4.990, loss2:6.124, loss3:5.133, ploss:0.000,palign:0.000,total_loss:16.396,fceloss:0.0000
2026-06-11 14:19:42,160 transreid.image_train INFO: Epoch[25] Iteration[40/111] Loss: 16.157, Acc: 0.174,Acc1: 0.405,Acc2: 0.170, Base Lr: 7.47e-03,biloss:0.001,icloss:0.161,loss1:4.444, loss2:6.248, loss3:4.838, ploss:0.000,palign:0.000,total_loss:15.691,fceloss:0.0000
2026-06-11 14:19:48,162 transreid.image_train INFO: Epoch[25] Iteration[60/111] Loss: 16.090, Acc: 0.198,Acc1: 0.398,Acc2: 0.173, Base Lr: 7.47e-03,biloss:0.001,icloss:0.147,loss1:4.539, loss2:6.223, loss3:4.851, ploss:0.000,palign:0.000,total_loss:15.762,fceloss:0.0000
2026-06-11 14:19:53,666 transreid.image_train INFO: Epoch[25] Iteration[80/111] Loss: 15.970, Acc: 0.246,Acc1: 0.405,Acc2: 0.197, Base Lr: 7.47e-03,biloss:0.001,icloss:0.157,loss1:4.526, loss2:6.291, loss3:4.671, ploss:0.000,palign:0.000,total_loss:15.645,fceloss:0.0000
2026-06-11 14:19:58,392 transreid.image_train INFO: Epoch[25] Iteration[100/111] Loss: 15.696, Acc: 0.295,Acc1: 0.429,Acc2: 0.231, Base Lr: 7.47e-03,biloss:0.001,icloss:0.169,loss1:4.017, loss2:6.194, loss3:4.478, ploss:0.000,palign:0.000,total_loss:14.859,fceloss:0.0000
2026-06-11 14:20:00,835 transreid.image_train INFO: Epoch 25 done. Time per batch: 9.996[s] Speed: 3.2[samples/s]
2026-06-11 14:20:14,554 transreid.image_train INFO: Validation Results - Epoch: 25
2026-06-11 14:20:14,555 transreid.image_train INFO: mAP: 57.5%
2026-06-11 14:20:14,555 transreid.image_train INFO: CMC curve, Rank-1  :64.4%
2026-06-11 14:20:14,555 transreid.image_train INFO: CMC curve, Rank-5  :73.0%
2026-06-11 14:20:14,555 transreid.image_train INFO: CMC curve, Rank-10 :77.0%
2026-06-11 14:20:16,295 transreid.image_train INFO: Best mAP: 57.5%
2026-06-11 14:20:16,296 transreid.image_train INFO: Best Rank-1: 64.4%
2026-06-11 14:20:16,296 transreid.image_train INFO: Best Rank-5: 73.0%
2026-06-11 14:20:16,296 transreid.image_train INFO: Best Rank-10: 77.0%
2026-06-11 14:20:22,043 transreid.image_train INFO: Epoch[26] Iteration[20/111] Loss: 16.077, Acc: 0.208,Acc1: 0.420,Acc2: 0.164, Base Lr: 7.42e-03,biloss:0.001,icloss:0.155,loss1:5.129, loss2:6.170, loss3:5.216, ploss:0.000,palign:0.000,total_loss:16.671,fceloss:0.0000
2026-06-11 14:20:27,027 transreid.image_train INFO: Epoch[26] Iteration[40/111] Loss: 15.910, Acc: 0.245,Acc1: 0.429,Acc2: 0.195, Base Lr: 7.42e-03,biloss:0.001,icloss:0.154,loss1:4.734, loss2:6.421, loss3:5.156, ploss:0.000,palign:0.000,total_loss:16.466,fceloss:0.0000
2026-06-11 14:20:32,947 transreid.image_train INFO: Epoch[26] Iteration[60/111] Loss: 15.713, Acc: 0.270,Acc1: 0.433,Acc2: 0.222, Base Lr: 7.42e-03,biloss:0.001,icloss:0.157,loss1:4.754, loss2:6.292, loss3:5.158, ploss:0.000,palign:0.000,total_loss:16.363,fceloss:0.0000
2026-06-11 14:20:37,705 transreid.image_train INFO: Epoch[26] Iteration[80/111] Loss: 15.563, Acc: 0.287,Acc1: 0.432,Acc2: 0.236, Base Lr: 7.42e-03,biloss:0.001,icloss:0.191,loss1:4.299, loss2:6.194, loss3:4.605, ploss:0.000,palign:0.000,total_loss:15.291,fceloss:0.0000
2026-06-11 14:20:42,894 transreid.image_train INFO: Epoch[26] Iteration[100/111] Loss: 15.455, Acc: 0.312,Acc1: 0.429,Acc2: 0.253, Base Lr: 7.42e-03,biloss:0.001,icloss:0.172,loss1:4.116, loss2:6.033, loss3:4.359, ploss:0.000,palign:0.000,total_loss:14.681,fceloss:0.0000
2026-06-11 14:20:45,337 transreid.image_train INFO: Epoch 26 done. Time per batch: 10.404[s] Speed: 3.1[samples/s]
2026-06-11 14:20:59,088 transreid.image_train INFO: Validation Results - Epoch: 26
2026-06-11 14:20:59,088 transreid.image_train INFO: mAP: 57.0%
2026-06-11 14:20:59,088 transreid.image_train INFO: CMC curve, Rank-1  :63.5%
2026-06-11 14:20:59,088 transreid.image_train INFO: CMC curve, Rank-5  :73.1%
2026-06-11 14:20:59,088 transreid.image_train INFO: CMC curve, Rank-10 :77.6%
2026-06-11 14:20:59,088 transreid.image_train INFO: Best mAP: 57.5%
2026-06-11 14:20:59,088 transreid.image_train INFO: Best Rank-1: 64.4%
2026-06-11 14:20:59,088 transreid.image_train INFO: Best Rank-5: 73.0%
2026-06-11 14:20:59,088 transreid.image_train INFO: Best Rank-10: 77.0%
2026-06-11 14:21:05,454 transreid.image_train INFO: Epoch[27] Iteration[20/111] Loss: 16.161, Acc: 0.225,Acc1: 0.431,Acc2: 0.178, Base Lr: 7.38e-03,biloss:0.001,icloss:0.154,loss1:5.270, loss2:6.177, loss3:5.408, ploss:0.000,palign:0.000,total_loss:17.011,fceloss:0.0000
2026-06-11 14:21:10,519 transreid.image_train INFO: Epoch[27] Iteration[40/111] Loss: 16.064, Acc: 0.235,Acc1: 0.409,Acc2: 0.173, Base Lr: 7.38e-03,biloss:0.001,icloss:0.144,loss1:4.935, loss2:6.336, loss3:5.239, ploss:0.000,palign:0.000,total_loss:16.655,fceloss:0.0000
2026-06-11 14:21:16,433 transreid.image_train INFO: Epoch[27] Iteration[60/111] Loss: 15.879, Acc: 0.250,Acc1: 0.403,Acc2: 0.190, Base Lr: 7.38e-03,biloss:0.001,icloss:0.169,loss1:4.234, loss2:6.071, loss3:4.449, ploss:0.000,palign:0.000,total_loss:14.926,fceloss:0.0000
2026-06-11 14:21:21,129 transreid.image_train INFO: Epoch[27] Iteration[80/111] Loss: 15.654, Acc: 0.279,Acc1: 0.418,Acc2: 0.223, Base Lr: 7.38e-03,biloss:0.001,icloss:0.188,loss1:3.927, loss2:6.137, loss3:3.991, ploss:0.000,palign:0.000,total_loss:14.244,fceloss:0.0000
2026-06-11 14:21:26,326 transreid.image_train INFO: Epoch[27] Iteration[100/111] Loss: 15.349, Acc: 0.329,Acc1: 0.450,Acc2: 0.266, Base Lr: 7.38e-03,biloss:0.001,icloss:0.195,loss1:3.130, loss2:5.795, loss3:3.570, ploss:0.000,palign:0.000,total_loss:12.691,fceloss:0.0000
2026-06-11 14:21:28,763 transreid.image_train INFO: Epoch 27 done. Time per batch: 10.802[s] Speed: 3.0[samples/s]
2026-06-11 14:21:42,503 transreid.image_train INFO: Validation Results - Epoch: 27
2026-06-11 14:21:42,503 transreid.image_train INFO: mAP: 57.0%
2026-06-11 14:21:42,503 transreid.image_train INFO: CMC curve, Rank-1  :64.2%
2026-06-11 14:21:42,503 transreid.image_train INFO: CMC curve, Rank-5  :73.7%
2026-06-11 14:21:42,503 transreid.image_train INFO: CMC curve, Rank-10 :77.8%
2026-06-11 14:21:42,503 transreid.image_train INFO: Best mAP: 57.5%
2026-06-11 14:21:42,503 transreid.image_train INFO: Best Rank-1: 64.4%
2026-06-11 14:21:42,503 transreid.image_train INFO: Best Rank-5: 73.0%
2026-06-11 14:21:42,503 transreid.image_train INFO: Best Rank-10: 77.0%
2026-06-11 14:21:48,507 transreid.image_train INFO: Epoch[28] Iteration[20/111] Loss: 15.431, Acc: 0.298,Acc1: 0.453,Acc2: 0.255, Base Lr: 7.33e-03,biloss:0.001,icloss:0.168,loss1:4.348, loss2:5.941, loss3:4.365, ploss:0.000,palign:0.000,total_loss:14.822,fceloss:0.0000
2026-06-11 14:21:53,853 transreid.image_train INFO: Epoch[28] Iteration[40/111] Loss: 15.374, Acc: 0.281,Acc1: 0.430,Acc2: 0.234, Base Lr: 7.33e-03,biloss:0.001,icloss:0.191,loss1:4.921, loss2:6.199, loss3:4.940, ploss:0.000,palign:0.000,total_loss:16.252,fceloss:0.0000
2026-06-11 14:21:59,794 transreid.image_train INFO: Epoch[28] Iteration[60/111] Loss: 15.350, Acc: 0.279,Acc1: 0.406,Acc2: 0.226, Base Lr: 7.33e-03,biloss:0.001,icloss:0.169,loss1:4.660, loss2:6.075, loss3:4.652, ploss:0.000,palign:0.000,total_loss:15.556,fceloss:0.0000
2026-06-11 14:22:03,709 transreid.image_train INFO: Epoch[28] Iteration[80/111] Loss: 15.239, Acc: 0.295,Acc1: 0.414,Acc2: 0.241, Base Lr: 7.33e-03,biloss:0.001,icloss:0.198,loss1:4.138, loss2:6.094, loss3:4.657, ploss:0.000,palign:0.000,total_loss:15.087,fceloss:0.0000
2026-06-11 14:22:08,636 transreid.image_train INFO: Epoch[28] Iteration[100/111] Loss: 15.084, Acc: 0.338,Acc1: 0.424,Acc2: 0.269, Base Lr: 7.33e-03,biloss:0.001,icloss:0.215,loss1:3.199, loss2:5.828, loss3:3.522, ploss:0.000,palign:0.000,total_loss:12.765,fceloss:0.0000
2026-06-11 14:22:11,089 transreid.image_train INFO: Epoch 28 done. Time per batch: 11.191[s] Speed: 2.9[samples/s]
2026-06-11 14:22:24,932 transreid.image_train INFO: Validation Results - Epoch: 28
2026-06-11 14:22:24,933 transreid.image_train INFO: mAP: 57.1%
2026-06-11 14:22:24,933 transreid.image_train INFO: CMC curve, Rank-1  :63.7%
2026-06-11 14:22:24,933 transreid.image_train INFO: CMC curve, Rank-5  :73.7%
2026-06-11 14:22:24,933 transreid.image_train INFO: CMC curve, Rank-10 :78.3%
2026-06-11 14:22:24,933 transreid.image_train INFO: Best mAP: 57.5%
2026-06-11 14:22:24,933 transreid.image_train INFO: Best Rank-1: 64.4%
2026-06-11 14:22:24,933 transreid.image_train INFO: Best Rank-5: 73.0%
2026-06-11 14:22:24,933 transreid.image_train INFO: Best Rank-10: 77.0%
2026-06-11 14:22:31,138 transreid.image_train INFO: Epoch[29] Iteration[20/111] Loss: 15.594, Acc: 0.250,Acc1: 0.394,Acc2: 0.209, Base Lr: 7.29e-03,biloss:0.001,icloss:0.170,loss1:4.555, loss2:6.120, loss3:4.818, ploss:0.000,palign:0.000,total_loss:15.664,fceloss:0.0000
2026-06-11 14:22:35,642 transreid.image_train INFO: Epoch[29] Iteration[40/111] Loss: 15.392, Acc: 0.281,Acc1: 0.427,Acc2: 0.245, Base Lr: 7.29e-03,biloss:0.001,icloss:0.158,loss1:4.371, loss2:6.023, loss3:4.469, ploss:0.000,palign:0.000,total_loss:15.023,fceloss:0.0000
2026-06-11 14:22:41,578 transreid.image_train INFO: Epoch[29] Iteration[60/111] Loss: 15.178, Acc: 0.314,Acc1: 0.451,Acc2: 0.271, Base Lr: 7.29e-03,biloss:0.001,icloss:0.190,loss1:4.035, loss2:5.939, loss3:4.145, ploss:0.000,palign:0.000,total_loss:14.309,fceloss:0.0000
2026-06-11 14:22:46,843 transreid.image_train INFO: Epoch[29] Iteration[80/111] Loss: 14.987, Acc: 0.339,Acc1: 0.454,Acc2: 0.284, Base Lr: 7.29e-03,biloss:0.001,icloss:0.195,loss1:4.243, loss2:6.283, loss3:4.320, ploss:0.000,palign:0.000,total_loss:15.042,fceloss:0.0000
2026-06-11 14:22:51,706 transreid.image_train INFO: Epoch[29] Iteration[100/111] Loss: 14.834, Acc: 0.365,Acc1: 0.458,Acc2: 0.304, Base Lr: 7.29e-03,biloss:0.001,icloss:0.179,loss1:4.190, loss2:6.029, loss3:4.442, ploss:0.000,palign:0.000,total_loss:14.842,fceloss:0.0000
2026-06-11 14:22:54,153 transreid.image_train INFO: Epoch 29 done. Time per batch: 11.586[s] Speed: 2.8[samples/s]
2026-06-11 14:23:07,981 transreid.image_train INFO: Validation Results - Epoch: 29
2026-06-11 14:23:07,981 transreid.image_train INFO: mAP: 57.4%
2026-06-11 14:23:07,982 transreid.image_train INFO: CMC curve, Rank-1  :64.2%
2026-06-11 14:23:07,982 transreid.image_train INFO: CMC curve, Rank-5  :76.2%
2026-06-11 14:23:07,982 transreid.image_train INFO: CMC curve, Rank-10 :79.5%
2026-06-11 14:23:07,982 transreid.image_train INFO: Best mAP: 57.5%
2026-06-11 14:23:07,982 transreid.image_train INFO: Best Rank-1: 64.4%
2026-06-11 14:23:07,982 transreid.image_train INFO: Best Rank-5: 73.0%
2026-06-11 14:23:07,982 transreid.image_train INFO: Best Rank-10: 77.0%
2026-06-11 14:23:14,177 transreid.image_train INFO: Epoch[30] Iteration[20/111] Loss: 15.601, Acc: 0.244,Acc1: 0.419,Acc2: 0.222, Base Lr: 7.24e-03,biloss:0.001,icloss:0.181,loss1:4.525, loss2:6.018, loss3:4.557, ploss:0.000,palign:0.000,total_loss:15.281,fceloss:0.0000
2026-06-11 14:23:18,682 transreid.image_train INFO: Epoch[30] Iteration[40/111] Loss: 15.147, Acc: 0.326,Acc1: 0.475,Acc2: 0.290, Base Lr: 7.24e-03,biloss:0.001,icloss:0.174,loss1:4.392, loss2:6.053, loss3:4.636, ploss:0.000,palign:0.000,total_loss:15.257,fceloss:0.0000
2026-06-11 14:23:24,616 transreid.image_train INFO: Epoch[30] Iteration[60/111] Loss: 15.045, Acc: 0.328,Acc1: 0.482,Acc2: 0.285, Base Lr: 7.24e-03,biloss:0.001,icloss:0.171,loss1:4.206, loss2:6.211, loss3:4.692, ploss:0.000,palign:0.000,total_loss:15.281,fceloss:0.0000
2026-06-11 14:23:29,820 transreid.image_train INFO: Epoch[30] Iteration[80/111] Loss: 14.928, Acc: 0.352,Acc1: 0.483,Acc2: 0.304, Base Lr: 7.24e-03,biloss:0.001,icloss:0.223,loss1:3.167, loss2:5.713, loss3:3.326, ploss:0.000,palign:0.000,total_loss:12.430,fceloss:0.0000
2026-06-11 14:23:34,658 transreid.image_train INFO: Epoch[30] Iteration[100/111] Loss: 14.639, Acc: 0.387,Acc1: 0.486,Acc2: 0.331, Base Lr: 7.24e-03,biloss:0.001,icloss:0.193,loss1:3.556, loss2:5.919, loss3:3.700, ploss:0.000,palign:0.000,total_loss:13.369,fceloss:0.0000
2026-06-11 14:23:37,113 transreid.image_train INFO: Epoch 30 done. Time per batch: 11.980[s] Speed: 2.7[samples/s]
2026-06-11 14:23:50,897 transreid.image_train INFO: Validation Results - Epoch: 30
2026-06-11 14:23:50,897 transreid.image_train INFO: mAP: 59.3%
2026-06-11 14:23:50,897 transreid.image_train INFO: CMC curve, Rank-1  :66.2%
2026-06-11 14:23:50,897 transreid.image_train INFO: CMC curve, Rank-5  :75.3%
2026-06-11 14:23:50,908 transreid.image_train INFO: CMC curve, Rank-10 :79.4%
2026-06-11 14:23:52,828 transreid.image_train INFO: Best mAP: 59.3%
2026-06-11 14:23:52,829 transreid.image_train INFO: Best Rank-1: 66.2%
2026-06-11 14:23:52,829 transreid.image_train INFO: Best Rank-5: 75.3%
2026-06-11 14:23:52,829 transreid.image_train INFO: Best Rank-10: 79.4%
2026-06-11 14:23:58,342 transreid.image_train INFO: Epoch[31] Iteration[20/111] Loss: 15.087, Acc: 0.319,Acc1: 0.452,Acc2: 0.278, Base Lr: 7.19e-03,biloss:0.001,icloss:0.192,loss1:4.657, loss2:5.929, loss3:4.590, ploss:0.000,palign:0.000,total_loss:15.369,fceloss:0.0000
2026-06-11 14:24:04,121 transreid.image_train INFO: Epoch[31] Iteration[40/111] Loss: 14.778, Acc: 0.352,Acc1: 0.468,Acc2: 0.291, Base Lr: 7.19e-03,biloss:0.001,icloss:0.252,loss1:3.262, loss2:5.652, loss3:3.541, ploss:0.000,palign:0.000,total_loss:12.708,fceloss:0.0000
2026-06-11 14:24:10,061 transreid.image_train INFO: Epoch[31] Iteration[60/111] Loss: 14.717, Acc: 0.361,Acc1: 0.468,Acc2: 0.297, Base Lr: 7.19e-03,biloss:0.001,icloss:0.183,loss1:4.276, loss2:6.131, loss3:4.388, ploss:0.000,palign:0.000,total_loss:14.980,fceloss:0.0000
2026-06-11 14:24:14,718 transreid.image_train INFO: Epoch[31] Iteration[80/111] Loss: 14.547, Acc: 0.379,Acc1: 0.466,Acc2: 0.309, Base Lr: 7.19e-03,biloss:0.001,icloss:0.235,loss1:3.249, loss2:5.749, loss3:3.480, ploss:0.000,palign:0.000,total_loss:12.713,fceloss:0.0000
2026-06-11 14:24:19,915 transreid.image_train INFO: Epoch[31] Iteration[100/111] Loss: 14.367, Acc: 0.406,Acc1: 0.468,Acc2: 0.328, Base Lr: 7.19e-03,biloss:0.001,icloss:0.225,loss1:3.450, loss2:5.785, loss3:3.699, ploss:0.000,palign:0.000,total_loss:13.160,fceloss:0.0000
2026-06-11 14:24:22,370 transreid.image_train INFO: Epoch 31 done. Time per batch: 12.395[s] Speed: 2.6[samples/s]
2026-06-11 14:24:36,052 transreid.image_train INFO: Validation Results - Epoch: 31
2026-06-11 14:24:36,052 transreid.image_train INFO: mAP: 60.1%
2026-06-11 14:24:36,052 transreid.image_train INFO: CMC curve, Rank-1  :67.1%
2026-06-11 14:24:36,052 transreid.image_train INFO: CMC curve, Rank-5  :75.4%
2026-06-11 14:24:36,052 transreid.image_train INFO: CMC curve, Rank-10 :78.3%
2026-06-11 14:24:37,002 transreid.image_train INFO: Best mAP: 60.1%
2026-06-11 14:24:37,002 transreid.image_train INFO: Best Rank-1: 67.1%
2026-06-11 14:24:37,002 transreid.image_train INFO: Best Rank-5: 75.4%
2026-06-11 14:24:37,002 transreid.image_train INFO: Best Rank-10: 78.3%
2026-06-11 14:24:42,604 transreid.image_train INFO: Epoch[32] Iteration[20/111] Loss: 14.631, Acc: 0.359,Acc1: 0.531,Acc2: 0.333, Base Lr: 7.14e-03,biloss:0.001,icloss:0.228,loss1:3.988, loss2:5.826, loss3:4.073, ploss:0.000,palign:0.000,total_loss:14.115,fceloss:0.0000
2026-06-11 14:24:48,547 transreid.image_train INFO: Epoch[32] Iteration[40/111] Loss: 14.733, Acc: 0.330,Acc1: 0.500,Acc2: 0.284, Base Lr: 7.14e-03,biloss:0.001,icloss:0.218,loss1:3.970, loss2:6.015, loss3:4.260, ploss:0.000,palign:0.000,total_loss:14.464,fceloss:0.0000
2026-06-11 14:24:53,788 transreid.image_train INFO: Epoch[32] Iteration[60/111] Loss: 14.618, Acc: 0.357,Acc1: 0.481,Acc2: 0.293, Base Lr: 7.14e-03,biloss:0.001,icloss:0.216,loss1:3.864, loss2:5.868, loss3:3.986, ploss:0.000,palign:0.000,total_loss:13.934,fceloss:0.0000
2026-06-11 14:24:58,898 transreid.image_train INFO: Epoch[32] Iteration[80/111] Loss: 14.356, Acc: 0.395,Acc1: 0.490,Acc2: 0.327, Base Lr: 7.14e-03,biloss:0.001,icloss:0.191,loss1:4.326, loss2:6.060, loss3:4.496, ploss:0.000,palign:0.000,total_loss:15.074,fceloss:0.0000
2026-06-11 14:25:04,089 transreid.image_train INFO: Epoch[32] Iteration[100/111] Loss: 14.148, Acc: 0.422,Acc1: 0.499,Acc2: 0.347, Base Lr: 7.14e-03,biloss:0.001,icloss:0.201,loss1:3.437, loss2:5.934, loss3:3.612, ploss:0.000,palign:0.000,total_loss:13.185,fceloss:0.0000
2026-06-11 14:25:06,561 transreid.image_train INFO: Epoch 32 done. Time per batch: 12.801[s] Speed: 2.5[samples/s]
2026-06-11 14:25:20,481 transreid.image_train INFO: Validation Results - Epoch: 32
2026-06-11 14:25:20,481 transreid.image_train INFO: mAP: 59.6%
2026-06-11 14:25:20,481 transreid.image_train INFO: CMC curve, Rank-1  :67.4%
2026-06-11 14:25:20,481 transreid.image_train INFO: CMC curve, Rank-5  :74.9%
2026-06-11 14:25:20,482 transreid.image_train INFO: CMC curve, Rank-10 :79.2%
2026-06-11 14:25:20,482 transreid.image_train INFO: Best mAP: 60.1%
2026-06-11 14:25:20,482 transreid.image_train INFO: Best Rank-1: 67.1%
2026-06-11 14:25:20,482 transreid.image_train INFO: Best Rank-5: 75.4%
2026-06-11 14:25:20,482 transreid.image_train INFO: Best Rank-10: 78.3%
2026-06-11 14:25:26,269 transreid.image_train INFO: Epoch[33] Iteration[20/111] Loss: 14.908, Acc: 0.341,Acc1: 0.481,Acc2: 0.272, Base Lr: 7.08e-03,biloss:0.001,icloss:0.225,loss1:4.065, loss2:5.985, loss3:4.161, ploss:0.000,palign:0.000,total_loss:14.437,fceloss:0.0000
2026-06-11 14:25:32,227 transreid.image_train INFO: Epoch[33] Iteration[40/111] Loss: 14.611, Acc: 0.348,Acc1: 0.509,Acc2: 0.281, Base Lr: 7.08e-03,biloss:0.001,icloss:0.236,loss1:3.806, loss2:5.795, loss3:3.929, ploss:0.000,palign:0.000,total_loss:13.767,fceloss:0.0000
2026-06-11 14:25:37,065 transreid.image_train INFO: Epoch[33] Iteration[60/111] Loss: 14.348, Acc: 0.385,Acc1: 0.509,Acc2: 0.300, Base Lr: 7.08e-03,biloss:0.001,icloss:0.277,loss1:3.412, loss2:5.726, loss3:3.670, ploss:0.000,palign:0.000,total_loss:13.085,fceloss:0.0000
2026-06-11 14:25:42,112 transreid.image_train INFO: Epoch[33] Iteration[80/111] Loss: 14.233, Acc: 0.406,Acc1: 0.506,Acc2: 0.321, Base Lr: 7.08e-03,biloss:0.001,icloss:0.211,loss1:3.913, loss2:5.942, loss3:4.155, ploss:0.000,palign:0.000,total_loss:14.221,fceloss:0.0000
2026-06-11 14:25:47,304 transreid.image_train INFO: Epoch[33] Iteration[100/111] Loss: 13.944, Acc: 0.442,Acc1: 0.517,Acc2: 0.352, Base Lr: 7.08e-03,biloss:0.001,icloss:0.237,loss1:2.269, loss2:5.627, loss3:2.632, ploss:0.000,palign:0.000,total_loss:10.765,fceloss:0.0000
2026-06-11 14:25:50,012 transreid.image_train INFO: Epoch 33 done. Time per batch: 13.079[s] Speed: 2.4[samples/s]
2026-06-11 14:26:03,875 transreid.image_train INFO: Validation Results - Epoch: 33
2026-06-11 14:26:03,875 transreid.image_train INFO: mAP: 58.9%
2026-06-11 14:26:03,875 transreid.image_train INFO: CMC curve, Rank-1  :65.5%
2026-06-11 14:26:03,875 transreid.image_train INFO: CMC curve, Rank-5  :75.4%
2026-06-11 14:26:03,875 transreid.image_train INFO: CMC curve, Rank-10 :79.5%
2026-06-11 14:26:03,875 transreid.image_train INFO: Best mAP: 60.1%
2026-06-11 14:26:03,875 transreid.image_train INFO: Best Rank-1: 67.1%
2026-06-11 14:26:03,875 transreid.image_train INFO: Best Rank-5: 75.4%
2026-06-11 14:26:03,875 transreid.image_train INFO: Best Rank-10: 78.3%
2026-06-11 14:26:09,520 transreid.image_train INFO: Epoch[34] Iteration[20/111] Loss: 14.595, Acc: 0.338,Acc1: 0.470,Acc2: 0.302, Base Lr: 7.03e-03,biloss:0.001,icloss:0.235,loss1:3.297, loss2:5.977, loss3:3.898, ploss:0.000,palign:0.000,total_loss:13.408,fceloss:0.0000
2026-06-11 14:26:15,365 transreid.image_train INFO: Epoch[34] Iteration[40/111] Loss: 14.454, Acc: 0.352,Acc1: 0.502,Acc2: 0.306, Base Lr: 7.03e-03,biloss:0.001,icloss:0.254,loss1:3.602, loss2:5.757, loss3:3.979, ploss:0.000,palign:0.000,total_loss:13.593,fceloss:0.0000
2026-06-11 14:26:20,282 transreid.image_train INFO: Epoch[34] Iteration[60/111] Loss: 14.201, Acc: 0.403,Acc1: 0.526,Acc2: 0.347, Base Lr: 7.03e-03,biloss:0.001,icloss:0.222,loss1:3.957, loss2:5.875, loss3:4.115, ploss:0.000,palign:0.000,total_loss:14.170,fceloss:0.0000
2026-06-11 14:26:25,482 transreid.image_train INFO: Epoch[34] Iteration[80/111] Loss: 13.954, Acc: 0.432,Acc1: 0.522,Acc2: 0.367, Base Lr: 7.03e-03,biloss:0.001,icloss:0.243,loss1:3.173, loss2:5.741, loss3:3.346, ploss:0.000,palign:0.000,total_loss:12.503,fceloss:0.0000
2026-06-11 14:26:30,681 transreid.image_train INFO: Epoch[34] Iteration[100/111] Loss: 13.681, Acc: 0.466,Acc1: 0.530,Acc2: 0.394, Base Lr: 7.03e-03,biloss:0.001,icloss:0.230,loss1:3.023, loss2:5.779, loss3:3.377, ploss:0.000,palign:0.000,total_loss:12.409,fceloss:0.0000
2026-06-11 14:26:33,132 transreid.image_train INFO: Epoch 34 done. Time per batch: 13.595[s] Speed: 2.4[samples/s]
2026-06-11 14:26:46,978 transreid.image_train INFO: Validation Results - Epoch: 34
2026-06-11 14:26:46,978 transreid.image_train INFO: mAP: 59.0%
2026-06-11 14:26:46,978 transreid.image_train INFO: CMC curve, Rank-1  :66.4%
2026-06-11 14:26:46,978 transreid.image_train INFO: CMC curve, Rank-5  :74.4%
2026-06-11 14:26:46,978 transreid.image_train INFO: CMC curve, Rank-10 :79.4%
2026-06-11 14:26:46,978 transreid.image_train INFO: Best mAP: 60.1%
2026-06-11 14:26:46,978 transreid.image_train INFO: Best Rank-1: 67.1%
2026-06-11 14:26:46,978 transreid.image_train INFO: Best Rank-5: 75.4%
2026-06-11 14:26:46,979 transreid.image_train INFO: Best Rank-10: 78.3%
2026-06-11 14:26:52,650 transreid.image_train INFO: Epoch[35] Iteration[20/111] Loss: 14.028, Acc: 0.395,Acc1: 0.525,Acc2: 0.344, Base Lr: 6.97e-03,biloss:0.001,icloss:0.246,loss1:3.721, loss2:5.903, loss3:4.066, ploss:0.000,palign:0.000,total_loss:13.937,fceloss:0.0000
2026-06-11 14:26:58,566 transreid.image_train INFO: Epoch[35] Iteration[40/111] Loss: 13.908, Acc: 0.419,Acc1: 0.534,Acc2: 0.357, Base Lr: 6.97e-03,biloss:0.001,icloss:0.215,loss1:4.323, loss2:5.960, loss3:4.381, ploss:0.000,palign:0.000,total_loss:14.879,fceloss:0.0000
2026-06-11 14:27:03,442 transreid.image_train INFO: Epoch[35] Iteration[60/111] Loss: 13.724, Acc: 0.459,Acc1: 0.546,Acc2: 0.391, Base Lr: 6.97e-03,biloss:0.001,icloss:0.252,loss1:3.184, loss2:5.738, loss3:3.428, ploss:0.000,palign:0.000,total_loss:12.603,fceloss:0.0000
2026-06-11 14:27:08,566 transreid.image_train INFO: Epoch[35] Iteration[80/111] Loss: 13.573, Acc: 0.469,Acc1: 0.533,Acc2: 0.392, Base Lr: 6.97e-03,biloss:0.001,icloss:0.301,loss1:3.260, loss2:5.638, loss3:3.472, ploss:0.000,palign:0.000,total_loss:12.671,fceloss:0.0000
2026-06-11 14:27:13,764 transreid.image_train INFO: Epoch[35] Iteration[100/111] Loss: 13.404, Acc: 0.493,Acc1: 0.546,Acc2: 0.419, Base Lr: 6.97e-03,biloss:0.001,icloss:0.232,loss1:4.027, loss2:6.003, loss3:4.389, ploss:0.000,palign:0.000,total_loss:14.651,fceloss:0.0000
2026-06-11 14:27:16,480 transreid.image_train INFO: Epoch 35 done. Time per batch: 13.865[s] Speed: 2.3[samples/s]
2026-06-11 14:27:30,480 transreid.image_train INFO: Validation Results - Epoch: 35
2026-06-11 14:27:30,480 transreid.image_train INFO: mAP: 58.3%
2026-06-11 14:27:30,480 transreid.image_train INFO: CMC curve, Rank-1  :66.2%
2026-06-11 14:27:30,480 transreid.image_train INFO: CMC curve, Rank-5  :74.4%
2026-06-11 14:27:30,480 transreid.image_train INFO: CMC curve, Rank-10 :78.3%
2026-06-11 14:27:30,480 transreid.image_train INFO: Best mAP: 60.1%
2026-06-11 14:27:30,481 transreid.image_train INFO: Best Rank-1: 67.1%
2026-06-11 14:27:30,481 transreid.image_train INFO: Best Rank-5: 75.4%
2026-06-11 14:27:30,481 transreid.image_train INFO: Best Rank-10: 78.3%
2026-06-11 14:27:36,518 transreid.image_train INFO: Epoch[36] Iteration[20/111] Loss: 13.884, Acc: 0.395,Acc1: 0.570,Acc2: 0.356, Base Lr: 6.92e-03,biloss:0.001,icloss:0.224,loss1:4.573, loss2:5.981, loss3:4.544, ploss:0.000,palign:0.000,total_loss:15.323,fceloss:0.0000
2026-06-11 14:27:42,429 transreid.image_train INFO: Epoch[36] Iteration[40/111] Loss: 13.824, Acc: 0.430,Acc1: 0.557,Acc2: 0.381, Base Lr: 6.92e-03,biloss:0.001,icloss:0.289,loss1:3.041, loss2:5.607, loss3:3.279, ploss:0.000,palign:0.000,total_loss:12.216,fceloss:0.0000
2026-06-11 14:27:46,764 transreid.image_train INFO: Epoch[36] Iteration[60/111] Loss: 13.778, Acc: 0.439,Acc1: 0.546,Acc2: 0.377, Base Lr: 6.92e-03,biloss:0.001,icloss:0.233,loss1:4.164, loss2:5.931, loss3:4.220, ploss:0.000,palign:0.000,total_loss:14.549,fceloss:0.0000
2026-06-11 14:27:51,221 transreid.image_train INFO: Epoch[36] Iteration[80/111] Loss: 13.510, Acc: 0.471,Acc1: 0.551,Acc2: 0.401, Base Lr: 6.92e-03,biloss:0.001,icloss:0.255,loss1:2.687, loss2:5.698, loss3:3.116, ploss:0.000,palign:0.000,total_loss:11.756,fceloss:0.0000
2026-06-11 14:27:56,416 transreid.image_train INFO: Epoch[36] Iteration[100/111] Loss: 13.257, Acc: 0.512,Acc1: 0.576,Acc2: 0.435, Base Lr: 6.92e-03,biloss:0.001,icloss:0.258,loss1:2.752, loss2:5.607, loss3:2.822, ploss:0.000,palign:0.000,total_loss:11.440,fceloss:0.0000
2026-06-11 14:27:58,858 transreid.image_train INFO: Epoch 36 done. Time per batch: 14.381[s] Speed: 2.2[samples/s]
2026-06-11 14:28:12,646 transreid.image_train INFO: Validation Results - Epoch: 36
2026-06-11 14:28:12,646 transreid.image_train INFO: mAP: 59.5%
2026-06-11 14:28:12,646 transreid.image_train INFO: CMC curve, Rank-1  :66.0%
2026-06-11 14:28:12,647 transreid.image_train INFO: CMC curve, Rank-5  :75.6%
2026-06-11 14:28:12,647 transreid.image_train INFO: CMC curve, Rank-10 :79.2%
2026-06-11 14:28:12,647 transreid.image_train INFO: Best mAP: 60.1%
2026-06-11 14:28:12,647 transreid.image_train INFO: Best Rank-1: 67.1%
2026-06-11 14:28:12,647 transreid.image_train INFO: Best Rank-5: 75.4%
2026-06-11 14:28:12,647 transreid.image_train INFO: Best Rank-10: 78.3%
2026-06-11 14:28:18,508 transreid.image_train INFO: Epoch[37] Iteration[20/111] Loss: 13.926, Acc: 0.423,Acc1: 0.538,Acc2: 0.355, Base Lr: 6.86e-03,biloss:0.001,icloss:0.237,loss1:4.129, loss2:6.108, loss3:4.432, ploss:0.000,palign:0.000,total_loss:14.907,fceloss:0.0000
2026-06-11 14:28:24,382 transreid.image_train INFO: Epoch[37] Iteration[40/111] Loss: 13.646, Acc: 0.459,Acc1: 0.565,Acc2: 0.392, Base Lr: 6.86e-03,biloss:0.001,icloss:0.239,loss1:3.531, loss2:5.862, loss3:3.841, ploss:0.000,palign:0.000,total_loss:13.474,fceloss:0.0000
2026-06-11 14:28:29,769 transreid.image_train INFO: Epoch[37] Iteration[60/111] Loss: 13.488, Acc: 0.477,Acc1: 0.578,Acc2: 0.415, Base Lr: 6.86e-03,biloss:0.001,icloss:0.272,loss1:3.034, loss2:5.609, loss3:3.143, ploss:0.000,palign:0.000,total_loss:12.059,fceloss:0.0000
2026-06-11 14:28:34,929 transreid.image_train INFO: Epoch[37] Iteration[80/111] Loss: 13.269, Acc: 0.504,Acc1: 0.588,Acc2: 0.437, Base Lr: 6.86e-03,biloss:0.001,icloss:0.286,loss1:3.053, loss2:5.590, loss3:3.167, ploss:0.000,palign:0.000,total_loss:12.097,fceloss:0.0000
2026-06-11 14:28:40,160 transreid.image_train INFO: Epoch[37] Iteration[100/111] Loss: 13.003, Acc: 0.541,Acc1: 0.600,Acc2: 0.469, Base Lr: 6.86e-03,biloss:0.001,icloss:0.265,loss1:2.902, loss2:5.654, loss3:3.036, ploss:0.000,palign:0.000,total_loss:11.858,fceloss:0.0000
2026-06-11 14:28:42,616 transreid.image_train INFO: Epoch 37 done. Time per batch: 14.783[s] Speed: 2.2[samples/s]
2026-06-11 14:28:56,353 transreid.image_train INFO: Validation Results - Epoch: 37
2026-06-11 14:28:56,353 transreid.image_train INFO: mAP: 58.8%
2026-06-11 14:28:56,353 transreid.image_train INFO: CMC curve, Rank-1  :66.0%
2026-06-11 14:28:56,353 transreid.image_train INFO: CMC curve, Rank-5  :74.9%
2026-06-11 14:28:56,353 transreid.image_train INFO: CMC curve, Rank-10 :77.9%
2026-06-11 14:28:56,353 transreid.image_train INFO: Best mAP: 60.1%
2026-06-11 14:28:56,353 transreid.image_train INFO: Best Rank-1: 67.1%
2026-06-11 14:28:56,353 transreid.image_train INFO: Best Rank-5: 75.4%
2026-06-11 14:28:56,353 transreid.image_train INFO: Best Rank-10: 78.3%
2026-06-11 14:29:02,047 transreid.image_train INFO: Epoch[38] Iteration[20/111] Loss: 13.576, Acc: 0.422,Acc1: 0.578,Acc2: 0.367, Base Lr: 6.80e-03,biloss:0.001,icloss:0.281,loss1:2.764, loss2:5.566, loss3:3.003, ploss:0.000,palign:0.000,total_loss:11.614,fceloss:0.0000
2026-06-11 14:29:07,965 transreid.image_train INFO: Epoch[38] Iteration[40/111] Loss: 13.359, Acc: 0.481,Acc1: 0.616,Acc2: 0.424, Base Lr: 6.80e-03,biloss:0.001,icloss:0.250,loss1:3.627, loss2:5.827, loss3:3.833, ploss:0.000,palign:0.000,total_loss:13.537,fceloss:0.0000
2026-06-11 14:29:12,981 transreid.image_train INFO: Epoch[38] Iteration[60/111] Loss: 13.227, Acc: 0.496,Acc1: 0.598,Acc2: 0.435, Base Lr: 6.80e-03,biloss:0.001,icloss:0.247,loss1:3.490, loss2:5.727, loss3:3.517, ploss:0.000,palign:0.000,total_loss:12.981,fceloss:0.0000
2026-06-11 14:29:18,184 transreid.image_train INFO: Epoch[38] Iteration[80/111] Loss: 13.063, Acc: 0.538,Acc1: 0.612,Acc2: 0.467, Base Lr: 6.80e-03,biloss:0.001,icloss:0.323,loss1:2.206, loss2:5.341, loss3:2.439, ploss:0.000,palign:0.000,total_loss:10.310,fceloss:0.0000
2026-06-11 14:29:23,384 transreid.image_train INFO: Epoch[38] Iteration[100/111] Loss: 12.780, Acc: 0.562,Acc1: 0.624,Acc2: 0.494, Base Lr: 6.80e-03,biloss:0.001,icloss:0.328,loss1:2.021, loss2:5.281, loss3:2.203, ploss:0.000,palign:0.000,total_loss:9.833,fceloss:0.0000
2026-06-11 14:29:25,819 transreid.image_train INFO: Epoch 38 done. Time per batch: 15.179[s] Speed: 2.1[samples/s]
2026-06-11 14:29:39,559 transreid.image_train INFO: Validation Results - Epoch: 38
2026-06-11 14:29:39,560 transreid.image_train INFO: mAP: 60.4%
2026-06-11 14:29:39,560 transreid.image_train INFO: CMC curve, Rank-1  :67.1%
2026-06-11 14:29:39,560 transreid.image_train INFO: CMC curve, Rank-5  :75.4%
2026-06-11 14:29:39,560 transreid.image_train INFO: CMC curve, Rank-10 :79.2%
2026-06-11 14:29:41,437 transreid.image_train INFO: Best mAP: 60.4%
2026-06-11 14:29:41,437 transreid.image_train INFO: Best Rank-1: 67.1%
2026-06-11 14:29:41,437 transreid.image_train INFO: Best Rank-5: 75.4%
2026-06-11 14:29:41,437 transreid.image_train INFO: Best Rank-10: 79.2%
2026-06-11 14:29:48,746 transreid.image_train INFO: Epoch[39] Iteration[20/111] Loss: 13.499, Acc: 0.469,Acc1: 0.597,Acc2: 0.422, Base Lr: 6.74e-03,biloss:0.001,icloss:0.269,loss1:3.274, loss2:5.685, loss3:3.385, ploss:0.000,palign:0.000,total_loss:12.615,fceloss:0.0000
2026-06-11 14:29:54,590 transreid.image_train INFO: Epoch[39] Iteration[40/111] Loss: 13.294, Acc: 0.483,Acc1: 0.591,Acc2: 0.415, Base Lr: 6.74e-03,biloss:0.001,icloss:0.300,loss1:2.702, loss2:5.606, loss3:3.001, ploss:0.000,palign:0.000,total_loss:11.610,fceloss:0.0000
2026-06-11 14:29:59,262 transreid.image_train INFO: Epoch[39] Iteration[60/111] Loss: 13.057, Acc: 0.517,Acc1: 0.617,Acc2: 0.443, Base Lr: 6.74e-03,biloss:0.001,icloss:0.269,loss1:3.039, loss2:5.616, loss3:3.134, ploss:0.000,palign:0.000,total_loss:12.059,fceloss:0.0000
2026-06-11 14:30:04,462 transreid.image_train INFO: Epoch[39] Iteration[80/111] Loss: 12.821, Acc: 0.543,Acc1: 0.617,Acc2: 0.465, Base Lr: 6.74e-03,biloss:0.001,icloss:0.282,loss1:3.072, loss2:5.753, loss3:3.355, ploss:0.000,palign:0.000,total_loss:12.463,fceloss:0.0000
2026-06-11 14:30:09,663 transreid.image_train INFO: Epoch[39] Iteration[100/111] Loss: 12.544, Acc: 0.583,Acc1: 0.642,Acc2: 0.508, Base Lr: 6.74e-03,biloss:0.001,icloss:0.278,loss1:2.277, loss2:5.608, loss3:2.711, ploss:0.000,palign:0.000,total_loss:10.875,fceloss:0.0000
2026-06-11 14:30:12,087 transreid.image_train INFO: Epoch 39 done. Time per batch: 15.604[s] Speed: 2.1[samples/s]
2026-06-11 14:30:25,274 transreid.image_train INFO: Validation Results - Epoch: 39
2026-06-11 14:30:25,274 transreid.image_train INFO: mAP: 59.2%
2026-06-11 14:30:25,274 transreid.image_train INFO: CMC curve, Rank-1  :66.5%
2026-06-11 14:30:25,275 transreid.image_train INFO: CMC curve, Rank-5  :75.6%
2026-06-11 14:30:25,275 transreid.image_train INFO: CMC curve, Rank-10 :78.6%
2026-06-11 14:30:25,275 transreid.image_train INFO: Best mAP: 60.4%
2026-06-11 14:30:25,275 transreid.image_train INFO: Best Rank-1: 67.1%
2026-06-11 14:30:25,275 transreid.image_train INFO: Best Rank-5: 75.4%
2026-06-11 14:30:25,275 transreid.image_train INFO: Best Rank-10: 79.2%
2026-06-11 14:30:32,328 transreid.image_train INFO: Epoch[40] Iteration[20/111] Loss: 12.819, Acc: 0.527,Acc1: 0.637,Acc2: 0.475, Base Lr: 6.68e-03,biloss:0.001,icloss:0.286,loss1:3.347, loss2:5.647, loss3:3.536, ploss:0.000,palign:0.000,total_loss:12.817,fceloss:0.0000
2026-06-11 14:30:37,946 transreid.image_train INFO: Epoch[40] Iteration[40/111] Loss: 12.823, Acc: 0.531,Acc1: 0.633,Acc2: 0.472, Base Lr: 6.68e-03,biloss:0.001,icloss:0.295,loss1:2.959, loss2:5.644, loss3:3.181, ploss:0.000,palign:0.000,total_loss:12.080,fceloss:0.0000
2026-06-11 14:30:42,647 transreid.image_train INFO: Epoch[40] Iteration[60/111] Loss: 12.787, Acc: 0.544,Acc1: 0.627,Acc2: 0.470, Base Lr: 6.68e-03,biloss:0.001,icloss:0.257,loss1:3.792, loss2:5.836, loss3:3.925, ploss:0.000,palign:0.000,total_loss:13.811,fceloss:0.0000
2026-06-11 14:30:47,843 transreid.image_train INFO: Epoch[40] Iteration[80/111] Loss: 12.684, Acc: 0.570,Acc1: 0.631,Acc2: 0.487, Base Lr: 6.68e-03,biloss:0.001,icloss:0.273,loss1:3.321, loss2:5.743, loss3:3.404, ploss:0.000,palign:0.000,total_loss:12.742,fceloss:0.0000
2026-06-11 14:30:53,040 transreid.image_train INFO: Epoch[40] Iteration[100/111] Loss: 12.341, Acc: 0.607,Acc1: 0.659,Acc2: 0.530, Base Lr: 6.68e-03,biloss:0.001,icloss:0.424,loss1:1.861, loss2:4.957, loss3:2.009, ploss:0.000,palign:0.000,total_loss:9.252,fceloss:0.0000
2026-06-11 14:30:55,477 transreid.image_train INFO: Epoch 40 done. Time per batch: 16.002[s] Speed: 2.0[samples/s]
2026-06-11 14:31:08,596 transreid.image_train INFO: Validation Results - Epoch: 40
2026-06-11 14:31:08,596 transreid.image_train INFO: mAP: 60.1%
2026-06-11 14:31:08,596 transreid.image_train INFO: CMC curve, Rank-1  :68.3%
2026-06-11 14:31:08,597 transreid.image_train INFO: CMC curve, Rank-5  :75.6%
2026-06-11 14:31:08,597 transreid.image_train INFO: CMC curve, Rank-10 :79.5%
2026-06-11 14:31:08,597 transreid.image_train INFO: Best mAP: 60.4%
2026-06-11 14:31:08,597 transreid.image_train INFO: Best Rank-1: 67.1%
2026-06-11 14:31:08,597 transreid.image_train INFO: Best Rank-5: 75.4%
2026-06-11 14:31:08,597 transreid.image_train INFO: Best Rank-10: 79.2%
2026-06-11 14:31:15,618 transreid.image_train INFO: Epoch[41] Iteration[20/111] Loss: 12.940, Acc: 0.530,Acc1: 0.641,Acc2: 0.442, Base Lr: 6.62e-03,biloss:0.001,icloss:0.286,loss1:3.418, loss2:5.645, loss3:3.454, ploss:0.000,palign:0.000,total_loss:12.804,fceloss:0.0000
2026-06-11 14:31:21,246 transreid.image_train INFO: Epoch[41] Iteration[40/111] Loss: 12.825, Acc: 0.543,Acc1: 0.647,Acc2: 0.467, Base Lr: 6.62e-03,biloss:0.001,icloss:0.303,loss1:3.269, loss2:5.625, loss3:3.355, ploss:0.000,palign:0.000,total_loss:12.552,fceloss:0.0000
2026-06-11 14:31:26,089 transreid.image_train INFO: Epoch[41] Iteration[60/111] Loss: 12.551, Acc: 0.578,Acc1: 0.655,Acc2: 0.505, Base Lr: 6.62e-03,biloss:0.001,icloss:0.261,loss1:3.332, loss2:5.756, loss3:3.361, ploss:0.000,palign:0.000,total_loss:12.712,fceloss:0.0000
2026-06-11 14:31:31,312 transreid.image_train INFO: Epoch[41] Iteration[80/111] Loss: 12.434, Acc: 0.596,Acc1: 0.665,Acc2: 0.517, Base Lr: 6.62e-03,biloss:0.001,icloss:0.309,loss1:2.795, loss2:5.610, loss3:3.089, ploss:0.000,palign:0.000,total_loss:11.805,fceloss:0.0000
2026-06-11 14:31:36,527 transreid.image_train INFO: Epoch[41] Iteration[100/111] Loss: 12.134, Acc: 0.637,Acc1: 0.680,Acc2: 0.556, Base Lr: 6.62e-03,biloss:0.001,icloss:0.393,loss1:1.898, loss2:5.146, loss3:2.253, ploss:0.000,palign:0.000,total_loss:9.690,fceloss:0.0000
2026-06-11 14:31:38,952 transreid.image_train INFO: Epoch 41 done. Time per batch: 16.401[s] Speed: 2.0[samples/s]
2026-06-11 14:31:52,086 transreid.image_train INFO: Validation Results - Epoch: 41
2026-06-11 14:31:52,086 transreid.image_train INFO: mAP: 61.0%
2026-06-11 14:31:52,086 transreid.image_train INFO: CMC curve, Rank-1  :68.5%
2026-06-11 14:31:52,086 transreid.image_train INFO: CMC curve, Rank-5  :75.3%
2026-06-11 14:31:52,086 transreid.image_train INFO: CMC curve, Rank-10 :79.0%
2026-06-11 14:31:54,047 transreid.image_train INFO: Best mAP: 61.0%
2026-06-11 14:31:54,047 transreid.image_train INFO: Best Rank-1: 68.5%
2026-06-11 14:31:54,047 transreid.image_train INFO: Best Rank-5: 75.3%
2026-06-11 14:31:54,047 transreid.image_train INFO: Best Rank-10: 79.0%
2026-06-11 14:32:01,109 transreid.image_train INFO: Epoch[42] Iteration[20/111] Loss: 12.447, Acc: 0.598,Acc1: 0.714,Acc2: 0.534, Base Lr: 6.55e-03,biloss:0.001,icloss:0.286,loss1:3.004, loss2:5.706, loss3:3.285, ploss:0.000,palign:0.000,total_loss:12.282,fceloss:0.0000
2026-06-11 14:32:05,858 transreid.image_train INFO: Epoch[42] Iteration[40/111] Loss: 12.485, Acc: 0.595,Acc1: 0.684,Acc2: 0.524, Base Lr: 6.55e-03,biloss:0.001,icloss:0.299,loss1:3.033, loss2:5.648, loss3:3.142, ploss:0.000,palign:0.000,total_loss:12.123,fceloss:0.0000
2026-06-11 14:32:11,084 transreid.image_train INFO: Epoch[42] Iteration[60/111] Loss: 12.353, Acc: 0.613,Acc1: 0.699,Acc2: 0.546, Base Lr: 6.55e-03,biloss:0.001,icloss:0.291,loss1:3.069, loss2:5.634, loss3:3.183, ploss:0.000,palign:0.000,total_loss:12.179,fceloss:0.0000
2026-06-11 14:32:16,286 transreid.image_train INFO: Epoch[42] Iteration[80/111] Loss: 12.137, Acc: 0.636,Acc1: 0.695,Acc2: 0.562, Base Lr: 6.55e-03,biloss:0.001,icloss:0.264,loss1:3.157, loss2:5.759, loss3:3.320, ploss:0.000,palign:0.000,total_loss:12.501,fceloss:0.0000
2026-06-11 14:32:21,484 transreid.image_train INFO: Epoch[42] Iteration[100/111] Loss: 11.857, Acc: 0.665,Acc1: 0.703,Acc2: 0.585, Base Lr: 6.55e-03,biloss:0.001,icloss:0.303,loss1:2.526, loss2:5.801, loss3:3.197, ploss:0.000,palign:0.000,total_loss:11.828,fceloss:0.0000
2026-06-11 14:32:23,926 transreid.image_train INFO: Epoch 42 done. Time per batch: 16.813[s] Speed: 1.9[samples/s]
2026-06-11 14:32:36,888 transreid.image_train INFO: Validation Results - Epoch: 42
2026-06-11 14:32:36,888 transreid.image_train INFO: mAP: 61.2%
2026-06-11 14:32:36,888 transreid.image_train INFO: CMC curve, Rank-1  :68.3%
2026-06-11 14:32:36,888 transreid.image_train INFO: CMC curve, Rank-5  :74.9%
2026-06-11 14:32:36,888 transreid.image_train INFO: CMC curve, Rank-10 :79.2%
2026-06-11 14:32:38,706 transreid.image_train INFO: Best mAP: 61.2%
2026-06-11 14:32:38,706 transreid.image_train INFO: Best Rank-1: 68.3%
2026-06-11 14:32:38,706 transreid.image_train INFO: Best Rank-5: 74.9%
2026-06-11 14:32:38,706 transreid.image_train INFO: Best Rank-10: 79.2%
2026-06-11 14:32:45,607 transreid.image_train INFO: Epoch[43] Iteration[20/111] Loss: 12.668, Acc: 0.542,Acc1: 0.634,Acc2: 0.466, Base Lr: 6.49e-03,biloss:0.001,icloss:0.277,loss1:3.862, loss2:5.894, loss3:4.081, ploss:0.000,palign:0.000,total_loss:14.115,fceloss:0.0000
2026-06-11 14:32:50,012 transreid.image_train INFO: Epoch[43] Iteration[40/111] Loss: 12.503, Acc: 0.575,Acc1: 0.674,Acc2: 0.503, Base Lr: 6.49e-03,biloss:0.001,icloss:0.292,loss1:3.083, loss2:5.666, loss3:3.185, ploss:0.000,palign:0.000,total_loss:12.226,fceloss:0.0000
2026-06-11 14:32:55,210 transreid.image_train INFO: Epoch[43] Iteration[60/111] Loss: 12.288, Acc: 0.603,Acc1: 0.692,Acc2: 0.534, Base Lr: 6.49e-03,biloss:0.001,icloss:0.291,loss1:3.403, loss2:5.730, loss3:3.519, ploss:0.000,palign:0.000,total_loss:12.944,fceloss:0.0000
2026-06-11 14:33:00,475 transreid.image_train INFO: Epoch[43] Iteration[80/111] Loss: 12.001, Acc: 0.639,Acc1: 0.712,Acc2: 0.577, Base Lr: 6.49e-03,biloss:0.001,icloss:0.327,loss1:2.592, loss2:5.559, loss3:2.774, ploss:0.000,palign:0.000,total_loss:11.252,fceloss:0.0000
2026-06-11 14:33:05,667 transreid.image_train INFO: Epoch[43] Iteration[100/111] Loss: 11.652, Acc: 0.675,Acc1: 0.729,Acc2: 0.607, Base Lr: 6.49e-03,biloss:0.001,icloss:0.386,loss1:1.752, loss2:5.121, loss3:1.827, ploss:0.000,palign:0.000,total_loss:9.087,fceloss:0.0000
2026-06-11 14:33:08,094 transreid.image_train INFO: Epoch 43 done. Time per batch: 17.218[s] Speed: 1.9[samples/s]
2026-06-11 14:33:21,296 transreid.image_train INFO: Validation Results - Epoch: 43
2026-06-11 14:33:21,296 transreid.image_train INFO: mAP: 60.1%
2026-06-11 14:33:21,296 transreid.image_train INFO: CMC curve, Rank-1  :67.1%
2026-06-11 14:33:21,296 transreid.image_train INFO: CMC curve, Rank-5  :75.6%
2026-06-11 14:33:21,296 transreid.image_train INFO: CMC curve, Rank-10 :79.0%
2026-06-11 14:33:21,296 transreid.image_train INFO: Best mAP: 61.2%
2026-06-11 14:33:21,297 transreid.image_train INFO: Best Rank-1: 68.3%
2026-06-11 14:33:21,297 transreid.image_train INFO: Best Rank-5: 74.9%
2026-06-11 14:33:21,297 transreid.image_train INFO: Best Rank-10: 79.2%
2026-06-11 14:33:28,368 transreid.image_train INFO: Epoch[44] Iteration[20/111] Loss: 12.276, Acc: 0.603,Acc1: 0.702,Acc2: 0.536, Base Lr: 6.42e-03,biloss:0.001,icloss:0.338,loss1:3.298, loss2:5.631, loss3:3.496, ploss:0.000,palign:0.000,total_loss:12.764,fceloss:0.0000
2026-06-11 14:33:32,783 transreid.image_train INFO: Epoch[44] Iteration[40/111] Loss: 12.163, Acc: 0.619,Acc1: 0.722,Acc2: 0.539, Base Lr: 6.42e-03,biloss:0.001,icloss:0.304,loss1:3.124, loss2:5.632, loss3:3.272, ploss:0.000,palign:0.000,total_loss:12.333,fceloss:0.0000
2026-06-11 14:33:37,981 transreid.image_train INFO: Epoch[44] Iteration[60/111] Loss: 11.935, Acc: 0.653,Acc1: 0.734,Acc2: 0.578, Base Lr: 6.42e-03,biloss:0.001,icloss:0.359,loss1:2.033, loss2:5.316, loss3:2.210, ploss:0.000,palign:0.000,total_loss:9.918,fceloss:0.0000
2026-06-11 14:33:43,178 transreid.image_train INFO: Epoch[44] Iteration[80/111] Loss: 11.748, Acc: 0.675,Acc1: 0.740,Acc2: 0.601, Base Lr: 6.42e-03,biloss:0.001,icloss:0.353,loss1:2.563, loss2:5.415, loss3:2.646, ploss:0.000,palign:0.000,total_loss:10.978,fceloss:0.0000
2026-06-11 14:33:48,379 transreid.image_train INFO: Epoch[44] Iteration[100/111] Loss: 11.521, Acc: 0.683,Acc1: 0.738,Acc2: 0.610, Base Lr: 6.42e-03,biloss:0.001,icloss:0.422,loss1:1.446, loss2:4.919, loss3:1.677, ploss:0.000,palign:0.000,total_loss:8.464,fceloss:0.0000
2026-06-11 14:33:50,824 transreid.image_train INFO: Epoch 44 done. Time per batch: 17.610[s] Speed: 1.8[samples/s]
2026-06-11 14:34:03,940 transreid.image_train INFO: Validation Results - Epoch: 44
2026-06-11 14:34:03,940 transreid.image_train INFO: mAP: 61.5%
2026-06-11 14:34:03,940 transreid.image_train INFO: CMC curve, Rank-1  :69.2%
2026-06-11 14:34:03,940 transreid.image_train INFO: CMC curve, Rank-5  :76.3%
2026-06-11 14:34:03,940 transreid.image_train INFO: CMC curve, Rank-10 :79.0%
2026-06-11 14:34:05,797 transreid.image_train INFO: Best mAP: 61.5%
2026-06-11 14:34:05,798 transreid.image_train INFO: Best Rank-1: 69.2%
2026-06-11 14:34:05,798 transreid.image_train INFO: Best Rank-5: 76.3%
2026-06-11 14:34:05,798 transreid.image_train INFO: Best Rank-10: 79.0%
2026-06-11 14:34:11,760 transreid.image_train INFO: Epoch[45] Iteration[20/111] Loss: 11.887, Acc: 0.680,Acc1: 0.745,Acc2: 0.611, Base Lr: 6.35e-03,biloss:0.001,icloss:0.344,loss1:2.687, loss2:5.793, loss3:3.269, ploss:0.000,palign:0.000,total_loss:12.094,fceloss:0.0000
2026-06-11 14:34:16,934 transreid.image_train INFO: Epoch[45] Iteration[40/111] Loss: 11.768, Acc: 0.682,Acc1: 0.744,Acc2: 0.614, Base Lr: 6.35e-03,biloss:0.001,icloss:0.325,loss1:2.772, loss2:5.507, loss3:2.952, ploss:0.000,palign:0.000,total_loss:11.558,fceloss:0.0000
2026-06-11 14:34:22,133 transreid.image_train INFO: Epoch[45] Iteration[60/111] Loss: 11.731, Acc: 0.683,Acc1: 0.739,Acc2: 0.610, Base Lr: 6.35e-03,biloss:0.001,icloss:0.311,loss1:2.624, loss2:5.573, loss3:2.724, ploss:0.000,palign:0.000,total_loss:11.232,fceloss:0.0000
2026-06-11 14:34:27,332 transreid.image_train INFO: Epoch[45] Iteration[80/111] Loss: 11.593, Acc: 0.687,Acc1: 0.736,Acc2: 0.617, Base Lr: 6.35e-03,biloss:0.001,icloss:0.347,loss1:2.914, loss2:5.516, loss3:3.029, ploss:0.000,palign:0.000,total_loss:11.806,fceloss:0.0000
2026-06-11 14:34:32,528 transreid.image_train INFO: Epoch[45] Iteration[100/111] Loss: 11.350, Acc: 0.713,Acc1: 0.749,Acc2: 0.640, Base Lr: 6.35e-03,biloss:0.001,icloss:0.395,loss1:1.984, loss2:5.144, loss3:2.132, ploss:0.000,palign:0.000,total_loss:9.657,fceloss:0.0000
2026-06-11 14:34:34,971 transreid.image_train INFO: Epoch 45 done. Time per batch: 18.015[s] Speed: 1.8[samples/s]
2026-06-11 14:34:48,697 transreid.image_train INFO: Validation Results - Epoch: 45
2026-06-11 14:34:48,698 transreid.image_train INFO: mAP: 61.4%
2026-06-11 14:34:48,698 transreid.image_train INFO: CMC curve, Rank-1  :68.9%
2026-06-11 14:34:48,698 transreid.image_train INFO: CMC curve, Rank-5  :75.6%
2026-06-11 14:34:48,698 transreid.image_train INFO: CMC curve, Rank-10 :78.6%
2026-06-11 14:34:48,698 transreid.image_train INFO: Best mAP: 61.5%
2026-06-11 14:34:48,698 transreid.image_train INFO: Best Rank-1: 69.2%
2026-06-11 14:34:48,698 transreid.image_train INFO: Best Rank-5: 76.3%
2026-06-11 14:34:48,698 transreid.image_train INFO: Best Rank-10: 79.0%
2026-06-11 14:34:54,663 transreid.image_train INFO: Epoch[46] Iteration[20/111] Loss: 11.558, Acc: 0.716,Acc1: 0.759,Acc2: 0.600, Base Lr: 6.29e-03,biloss:0.001,icloss:0.438,loss1:1.744, loss2:5.026, loss3:1.900, ploss:0.000,palign:0.000,total_loss:9.108,fceloss:0.0000
2026-06-11 14:34:59,931 transreid.image_train INFO: Epoch[46] Iteration[40/111] Loss: 11.464, Acc: 0.702,Acc1: 0.768,Acc2: 0.623, Base Lr: 6.29e-03,biloss:0.001,icloss:0.343,loss1:3.329, loss2:5.674, loss3:3.440, ploss:0.000,palign:0.000,total_loss:12.787,fceloss:0.0000
2026-06-11 14:35:05,134 transreid.image_train INFO: Epoch[46] Iteration[60/111] Loss: 11.418, Acc: 0.709,Acc1: 0.761,Acc2: 0.627, Base Lr: 6.29e-03,biloss:0.001,icloss:0.314,loss1:2.700, loss2:5.555, loss3:2.910, ploss:0.000,palign:0.000,total_loss:11.481,fceloss:0.0000
2026-06-11 14:35:10,330 transreid.image_train INFO: Epoch[46] Iteration[80/111] Loss: 11.276, Acc: 0.725,Acc1: 0.773,Acc2: 0.649, Base Lr: 6.29e-03,biloss:0.001,icloss:0.381,loss1:2.034, loss2:5.154, loss3:2.133, ploss:0.000,palign:0.000,total_loss:9.704,fceloss:0.0000
2026-06-11 14:35:15,529 transreid.image_train INFO: Epoch[46] Iteration[100/111] Loss: 11.100, Acc: 0.738,Acc1: 0.775,Acc2: 0.662, Base Lr: 6.29e-03,biloss:0.001,icloss:0.367,loss1:2.346, loss2:5.307, loss3:2.381, ploss:0.000,palign:0.000,total_loss:10.402,fceloss:0.0000
2026-06-11 14:35:17,968 transreid.image_train INFO: Epoch 46 done. Time per batch: 18.410[s] Speed: 1.7[samples/s]
2026-06-11 14:35:31,551 transreid.image_train INFO: Validation Results - Epoch: 46
2026-06-11 14:35:31,551 transreid.image_train INFO: mAP: 61.6%
2026-06-11 14:35:31,551 transreid.image_train INFO: CMC curve, Rank-1  :69.2%
2026-06-11 14:35:31,551 transreid.image_train INFO: CMC curve, Rank-5  :76.5%
2026-06-11 14:35:31,551 transreid.image_train INFO: CMC curve, Rank-10 :78.8%
2026-06-11 14:35:33,397 transreid.image_train INFO: Best mAP: 61.6%
2026-06-11 14:35:33,398 transreid.image_train INFO: Best Rank-1: 69.2%
2026-06-11 14:35:33,398 transreid.image_train INFO: Best Rank-5: 76.5%
2026-06-11 14:35:33,398 transreid.image_train INFO: Best Rank-10: 78.8%
2026-06-11 14:35:39,137 transreid.image_train INFO: Epoch[47] Iteration[20/111] Loss: 11.589, Acc: 0.706,Acc1: 0.775,Acc2: 0.605, Base Lr: 6.22e-03,biloss:0.001,icloss:0.307,loss1:2.916, loss2:5.613, loss3:3.069, ploss:0.000,palign:0.000,total_loss:11.906,fceloss:0.0000
2026-06-11 14:35:44,368 transreid.image_train INFO: Epoch[47] Iteration[40/111] Loss: 11.467, Acc: 0.713,Acc1: 0.798,Acc2: 0.650, Base Lr: 6.22e-03,biloss:0.001,icloss:0.325,loss1:3.140, loss2:5.733, loss3:3.302, ploss:0.000,palign:0.000,total_loss:12.502,fceloss:0.0000
2026-06-11 14:35:49,565 transreid.image_train INFO: Epoch[47] Iteration[60/111] Loss: 11.373, Acc: 0.728,Acc1: 0.781,Acc2: 0.654, Base Lr: 6.22e-03,biloss:0.001,icloss:0.328,loss1:2.589, loss2:5.522, loss3:2.671, ploss:0.000,palign:0.000,total_loss:11.111,fceloss:0.0000
2026-06-11 14:35:54,764 transreid.image_train INFO: Epoch[47] Iteration[80/111] Loss: 11.247, Acc: 0.737,Acc1: 0.775,Acc2: 0.661, Base Lr: 6.22e-03,biloss:0.001,icloss:0.315,loss1:2.934, loss2:5.692, loss3:3.185, ploss:0.000,palign:0.000,total_loss:12.128,fceloss:0.0000
2026-06-11 14:35:59,959 transreid.image_train INFO: Epoch[47] Iteration[100/111] Loss: 10.963, Acc: 0.766,Acc1: 0.781,Acc2: 0.679, Base Lr: 6.22e-03,biloss:0.001,icloss:0.427,loss1:2.122, loss2:5.144, loss3:2.312, ploss:0.000,palign:0.000,total_loss:10.006,fceloss:0.0000
2026-06-11 14:36:02,652 transreid.image_train INFO: Epoch 47 done. Time per batch: 18.649[s] Speed: 1.7[samples/s]
2026-06-11 14:36:17,182 transreid.image_train INFO: Validation Results - Epoch: 47
2026-06-11 14:36:17,183 transreid.image_train INFO: mAP: 61.6%
2026-06-11 14:36:17,183 transreid.image_train INFO: CMC curve, Rank-1  :70.5%
2026-06-11 14:36:17,183 transreid.image_train INFO: CMC curve, Rank-5  :76.0%
2026-06-11 14:36:17,183 transreid.image_train INFO: CMC curve, Rank-10 :79.4%
2026-06-11 14:36:17,183 transreid.image_train INFO: Best mAP: 61.6%
2026-06-11 14:36:17,183 transreid.image_train INFO: Best Rank-1: 69.2%
2026-06-11 14:36:17,183 transreid.image_train INFO: Best Rank-5: 76.5%
2026-06-11 14:36:17,183 transreid.image_train INFO: Best Rank-10: 78.8%
2026-06-11 14:36:23,124 transreid.image_train INFO: Epoch[48] Iteration[20/111] Loss: 11.560, Acc: 0.684,Acc1: 0.742,Acc2: 0.600, Base Lr: 6.15e-03,biloss:0.001,icloss:0.350,loss1:2.884, loss2:5.692, loss3:3.168, ploss:0.000,palign:0.000,total_loss:12.096,fceloss:0.0000
2026-06-11 14:36:28,317 transreid.image_train INFO: Epoch[48] Iteration[40/111] Loss: 11.275, Acc: 0.739,Acc1: 0.775,Acc2: 0.655, Base Lr: 6.15e-03,biloss:0.001,icloss:0.419,loss1:1.887, loss2:5.162, loss3:2.176, ploss:0.000,palign:0.000,total_loss:9.645,fceloss:0.0000
2026-06-11 14:36:33,513 transreid.image_train INFO: Epoch[48] Iteration[60/111] Loss: 11.229, Acc: 0.756,Acc1: 0.796,Acc2: 0.668, Base Lr: 6.15e-03,biloss:0.001,icloss:0.322,loss1:2.801, loss2:5.561, loss3:2.951, ploss:0.000,palign:0.000,total_loss:11.637,fceloss:0.0000
2026-06-11 14:36:38,706 transreid.image_train INFO: Epoch[48] Iteration[80/111] Loss: 11.025, Acc: 0.768,Acc1: 0.801,Acc2: 0.688, Base Lr: 6.15e-03,biloss:0.001,icloss:0.407,loss1:1.836, loss2:5.167, loss3:1.986, ploss:0.000,palign:0.000,total_loss:9.397,fceloss:0.0000
2026-06-11 14:36:43,898 transreid.image_train INFO: Epoch[48] Iteration[100/111] Loss: 10.766, Acc: 0.785,Acc1: 0.813,Acc2: 0.707, Base Lr: 6.15e-03,biloss:0.001,icloss:0.415,loss1:1.838, loss2:5.063, loss3:1.964, ploss:0.000,palign:0.000,total_loss:9.281,fceloss:0.0000
2026-06-11 14:36:46,328 transreid.image_train INFO: Epoch 48 done. Time per batch: 19.221[s] Speed: 1.7[samples/s]
2026-06-11 14:37:01,095 transreid.image_train INFO: Validation Results - Epoch: 48
2026-06-11 14:37:01,095 transreid.image_train INFO: mAP: 62.5%
2026-06-11 14:37:01,095 transreid.image_train INFO: CMC curve, Rank-1  :70.8%
2026-06-11 14:37:01,095 transreid.image_train INFO: CMC curve, Rank-5  :77.2%
2026-06-11 14:37:01,095 transreid.image_train INFO: CMC curve, Rank-10 :79.5%
2026-06-11 14:37:02,096 transreid.image_train INFO: Best mAP: 62.5%
2026-06-11 14:37:02,096 transreid.image_train INFO: Best Rank-1: 70.8%
2026-06-11 14:37:02,096 transreid.image_train INFO: Best Rank-5: 77.2%
2026-06-11 14:37:02,096 transreid.image_train INFO: Best Rank-10: 79.5%
2026-06-11 14:37:08,350 transreid.image_train INFO: Epoch[49] Iteration[20/111] Loss: 11.266, Acc: 0.769,Acc1: 0.856,Acc2: 0.713, Base Lr: 6.08e-03,biloss:0.001,icloss:0.349,loss1:3.183, loss2:5.564, loss3:3.303, ploss:0.000,palign:0.000,total_loss:12.400,fceloss:0.0000
2026-06-11 14:37:13,547 transreid.image_train INFO: Epoch[49] Iteration[40/111] Loss: 11.013, Acc: 0.782,Acc1: 0.824,Acc2: 0.709, Base Lr: 6.08e-03,biloss:0.001,icloss:0.360,loss1:2.212, loss2:5.380, loss3:2.364, ploss:0.000,palign:0.000,total_loss:10.317,fceloss:0.0000
2026-06-11 14:37:18,638 transreid.image_train INFO: Epoch[49] Iteration[60/111] Loss: 10.998, Acc: 0.792,Acc1: 0.826,Acc2: 0.725, Base Lr: 6.08e-03,biloss:0.001,icloss:0.387,loss1:2.200, loss2:5.311, loss3:2.467, ploss:0.000,palign:0.000,total_loss:10.365,fceloss:0.0000
2026-06-11 14:37:23,840 transreid.image_train INFO: Epoch[49] Iteration[80/111] Loss: 10.909, Acc: 0.789,Acc1: 0.818,Acc2: 0.717, Base Lr: 6.08e-03,biloss:0.001,icloss:0.363,loss1:2.070, loss2:5.334, loss3:2.266, ploss:0.000,palign:0.000,total_loss:10.034,fceloss:0.0000
2026-06-11 14:37:29,163 transreid.image_train INFO: Epoch[49] Iteration[100/111] Loss: 10.664, Acc: 0.807,Acc1: 0.816,Acc2: 0.732, Base Lr: 6.08e-03,biloss:0.001,icloss:0.421,loss1:1.903, loss2:5.097, loss3:1.977, ploss:0.000,palign:0.000,total_loss:9.399,fceloss:0.0000
2026-06-11 14:37:31,351 transreid.image_train INFO: Epoch 49 done. Time per batch: 19.634[s] Speed: 1.6[samples/s]
2026-06-11 14:37:46,253 transreid.image_train INFO: Validation Results - Epoch: 49
2026-06-11 14:37:46,253 transreid.image_train INFO: mAP: 62.0%
2026-06-11 14:37:46,253 transreid.image_train INFO: CMC curve, Rank-1  :70.6%
2026-06-11 14:37:46,253 transreid.image_train INFO: CMC curve, Rank-5  :76.3%
2026-06-11 14:37:46,253 transreid.image_train INFO: CMC curve, Rank-10 :78.8%
2026-06-11 14:37:46,253 transreid.image_train INFO: Best mAP: 62.5%
2026-06-11 14:37:46,253 transreid.image_train INFO: Best Rank-1: 70.8%
2026-06-11 14:37:46,253 transreid.image_train INFO: Best Rank-5: 77.2%
2026-06-11 14:37:46,253 transreid.image_train INFO: Best Rank-10: 79.5%
2026-06-11 14:37:52,735 transreid.image_train INFO: Epoch[50] Iteration[20/111] Loss: 11.065, Acc: 0.781,Acc1: 0.816,Acc2: 0.653, Base Lr: 6.00e-03,biloss:0.001,icloss:0.388,loss1:1.804, loss2:5.133, loss3:1.948, ploss:0.000,palign:0.000,total_loss:9.273,fceloss:0.0000
2026-06-11 14:37:57,927 transreid.image_train INFO: Epoch[50] Iteration[40/111] Loss: 10.837, Acc: 0.822,Acc1: 0.841,Acc2: 0.712, Base Lr: 6.00e-03,biloss:0.001,icloss:0.420,loss1:2.070, loss2:5.214, loss3:2.170, ploss:0.000,palign:0.000,total_loss:9.875,fceloss:0.0000
2026-06-11 14:38:03,126 transreid.image_train INFO: Epoch[50] Iteration[60/111] Loss: 10.844, Acc: 0.816,Acc1: 0.829,Acc2: 0.707, Base Lr: 6.00e-03,biloss:0.001,icloss:0.352,loss1:3.465, loss2:6.366, loss3:3.375, ploss:0.000,palign:0.000,total_loss:13.559,fceloss:0.0000
2026-06-11 14:38:08,323 transreid.image_train INFO: Epoch[50] Iteration[80/111] Loss: 10.661, Acc: 0.823,Acc1: 0.830,Acc2: 0.719, Base Lr: 6.00e-03,biloss:0.001,icloss:0.348,loss1:2.092, loss2:5.438, loss3:2.235, ploss:0.000,palign:0.000,total_loss:10.114,fceloss:0.0000
2026-06-11 14:38:13,510 transreid.image_train INFO: Epoch[50] Iteration[100/111] Loss: 10.523, Acc: 0.834,Acc1: 0.830,Acc2: 0.732, Base Lr: 6.00e-03,biloss:0.001,icloss:0.458,loss1:1.581, loss2:4.891, loss3:1.726, ploss:0.000,palign:0.000,total_loss:8.657,fceloss:0.0000
2026-06-11 14:38:15,584 transreid.image_train INFO: Epoch 50 done. Time per batch: 20.039[s] Speed: 1.6[samples/s]
2026-06-11 14:38:30,455 transreid.image_train INFO: Validation Results - Epoch: 50
2026-06-11 14:38:30,455 transreid.image_train INFO: mAP: 62.6%
2026-06-11 14:38:30,455 transreid.image_train INFO: CMC curve, Rank-1  :69.6%
2026-06-11 14:38:30,455 transreid.image_train INFO: CMC curve, Rank-5  :77.0%
2026-06-11 14:38:30,455 transreid.image_train INFO: CMC curve, Rank-10 :80.1%
2026-06-11 14:38:31,351 transreid.image_train INFO: Best mAP: 62.6%
2026-06-11 14:38:31,352 transreid.image_train INFO: Best Rank-1: 69.6%
2026-06-11 14:38:31,352 transreid.image_train INFO: Best Rank-5: 77.0%
2026-06-11 14:38:31,352 transreid.image_train INFO: Best Rank-10: 80.1%
2026-06-11 14:38:37,836 transreid.image_train INFO: Epoch[51] Iteration[20/111] Loss: 10.998, Acc: 0.805,Acc1: 0.833,Acc2: 0.711, Base Lr: 5.93e-03,biloss:0.001,icloss:0.337,loss1:2.943, loss2:5.603, loss3:3.158, ploss:0.000,palign:0.000,total_loss:12.041,fceloss:0.0000
2026-06-11 14:38:43,041 transreid.image_train INFO: Epoch[51] Iteration[40/111] Loss: 10.931, Acc: 0.791,Acc1: 0.820,Acc2: 0.700, Base Lr: 5.93e-03,biloss:0.001,icloss:0.340,loss1:2.884, loss2:5.612, loss3:3.044, ploss:0.000,palign:0.000,total_loss:11.880,fceloss:0.0000
2026-06-11 14:38:48,243 transreid.image_train INFO: Epoch[51] Iteration[60/111] Loss: 10.734, Acc: 0.796,Acc1: 0.817,Acc2: 0.707, Base Lr: 5.93e-03,biloss:0.001,icloss:0.386,loss1:1.746, loss2:5.248, loss3:2.077, ploss:0.000,palign:0.000,total_loss:9.458,fceloss:0.0000
2026-06-11 14:38:53,441 transreid.image_train INFO: Epoch[51] Iteration[80/111] Loss: 10.575, Acc: 0.816,Acc1: 0.824,Acc2: 0.730, Base Lr: 5.93e-03,biloss:0.001,icloss:0.364,loss1:2.033, loss2:5.501, loss3:2.439, ploss:0.000,palign:0.000,total_loss:10.337,fceloss:0.0000
2026-06-11 14:38:58,621 transreid.image_train INFO: Epoch[51] Iteration[100/111] Loss: 10.347, Acc: 0.832,Acc1: 0.836,Acc2: 0.748, Base Lr: 5.93e-03,biloss:0.001,icloss:0.417,loss1:1.789, loss2:5.145, loss3:1.911, ploss:0.000,palign:0.000,total_loss:9.264,fceloss:0.0000
2026-06-11 14:39:00,310 transreid.image_train INFO: Epoch 51 done. Time per batch: 20.450[s] Speed: 1.6[samples/s]
2026-06-11 14:39:14,549 transreid.image_train INFO: Validation Results - Epoch: 51
2026-06-11 14:39:14,549 transreid.image_train INFO: mAP: 61.2%
2026-06-11 14:39:14,549 transreid.image_train INFO: CMC curve, Rank-1  :68.9%
2026-06-11 14:39:14,549 transreid.image_train INFO: CMC curve, Rank-5  :75.4%
2026-06-11 14:39:14,549 transreid.image_train INFO: CMC curve, Rank-10 :79.5%
2026-06-11 14:39:14,549 transreid.image_train INFO: Best mAP: 62.6%
2026-06-11 14:39:14,549 transreid.image_train INFO: Best Rank-1: 69.6%
2026-06-11 14:39:14,549 transreid.image_train INFO: Best Rank-5: 77.0%
2026-06-11 14:39:14,549 transreid.image_train INFO: Best Rank-10: 80.1%
2026-06-11 14:39:20,884 transreid.image_train INFO: Epoch[52] Iteration[20/111] Loss: 10.871, Acc: 0.800,Acc1: 0.823,Acc2: 0.677, Base Lr: 5.86e-03,biloss:0.001,icloss:0.386,loss1:2.983, loss2:6.051, loss3:3.169, ploss:0.000,palign:0.000,total_loss:12.590,fceloss:0.0000
2026-06-11 14:39:26,072 transreid.image_train INFO: Epoch[52] Iteration[40/111] Loss: 10.668, Acc: 0.803,Acc1: 0.808,Acc2: 0.686, Base Lr: 5.86e-03,biloss:0.001,icloss:0.328,loss1:2.863, loss2:5.669, loss3:3.089, ploss:0.000,palign:0.000,total_loss:11.950,fceloss:0.0000
2026-06-11 14:39:31,262 transreid.image_train INFO: Epoch[52] Iteration[60/111] Loss: 10.566, Acc: 0.828,Acc1: 0.822,Acc2: 0.718, Base Lr: 5.86e-03,biloss:0.001,icloss:0.378,loss1:2.334, loss2:5.379, loss3:2.585, ploss:0.000,palign:0.000,total_loss:10.677,fceloss:0.0000
2026-06-11 14:39:36,452 transreid.image_train INFO: Epoch[52] Iteration[80/111] Loss: 10.458, Acc: 0.845,Acc1: 0.830,Acc2: 0.741, Base Lr: 5.86e-03,biloss:0.001,icloss:0.392,loss1:1.955, loss2:5.277, loss3:2.156, ploss:0.000,palign:0.000,total_loss:9.781,fceloss:0.0000
2026-06-11 14:39:41,629 transreid.image_train INFO: Epoch[52] Iteration[100/111] Loss: 10.213, Acc: 0.857,Acc1: 0.840,Acc2: 0.763, Base Lr: 5.86e-03,biloss:0.001,icloss:0.499,loss1:1.490, loss2:4.878, loss3:1.711, ploss:0.000,palign:0.000,total_loss:8.579,fceloss:0.0000
2026-06-11 14:39:43,224 transreid.image_train INFO: Epoch 52 done. Time per batch: 21.036[s] Speed: 1.5[samples/s]
2026-06-11 14:39:57,775 transreid.image_train INFO: Validation Results - Epoch: 52
2026-06-11 14:39:57,775 transreid.image_train INFO: mAP: 61.7%
2026-06-11 14:39:57,775 transreid.image_train INFO: CMC curve, Rank-1  :69.2%
2026-06-11 14:39:57,775 transreid.image_train INFO: CMC curve, Rank-5  :75.6%
2026-06-11 14:39:57,776 transreid.image_train INFO: CMC curve, Rank-10 :78.8%
2026-06-11 14:39:57,776 transreid.image_train INFO: Best mAP: 62.6%
2026-06-11 14:39:57,776 transreid.image_train INFO: Best Rank-1: 69.6%
2026-06-11 14:39:57,776 transreid.image_train INFO: Best Rank-5: 77.0%
2026-06-11 14:39:57,776 transreid.image_train INFO: Best Rank-10: 80.1%
2026-06-11 14:40:04,115 transreid.image_train INFO: Epoch[53] Iteration[20/111] Loss: 10.676, Acc: 0.830,Acc1: 0.845,Acc2: 0.772, Base Lr: 5.78e-03,biloss:0.001,icloss:0.358,loss1:2.502, loss2:5.502, loss3:2.615, ploss:0.000,palign:0.000,total_loss:10.978,fceloss:0.0000
2026-06-11 14:40:09,295 transreid.image_train INFO: Epoch[53] Iteration[40/111] Loss: 10.586, Acc: 0.841,Acc1: 0.848,Acc2: 0.767, Base Lr: 5.78e-03,biloss:0.001,icloss:0.426,loss1:2.092, loss2:5.186, loss3:2.300, ploss:0.000,palign:0.000,total_loss:10.005,fceloss:0.0000
2026-06-11 14:40:14,477 transreid.image_train INFO: Epoch[53] Iteration[60/111] Loss: 10.452, Acc: 0.853,Acc1: 0.848,Acc2: 0.773, Base Lr: 5.78e-03,biloss:0.001,icloss:0.385,loss1:1.933, loss2:5.336, loss3:2.232, ploss:0.000,palign:0.000,total_loss:9.887,fceloss:0.0000
2026-06-11 14:40:19,661 transreid.image_train INFO: Epoch[53] Iteration[80/111] Loss: 10.305, Acc: 0.860,Acc1: 0.848,Acc2: 0.776, Base Lr: 5.78e-03,biloss:0.001,icloss:0.433,loss1:1.738, loss2:5.090, loss3:1.889, ploss:0.000,palign:0.000,total_loss:9.151,fceloss:0.0000
2026-06-11 14:40:24,829 transreid.image_train INFO: Epoch[53] Iteration[100/111] Loss: 10.085, Acc: 0.871,Acc1: 0.857,Acc2: 0.791, Base Lr: 5.78e-03,biloss:0.001,icloss:0.512,loss1:1.256, loss2:4.737, loss3:1.350, ploss:0.000,palign:0.000,total_loss:7.855,fceloss:0.0000
2026-06-11 14:40:26,897 transreid.image_train INFO: Epoch 53 done. Time per batch: 21.244[s] Speed: 1.5[samples/s]
2026-06-11 14:40:41,550 transreid.image_train INFO: Validation Results - Epoch: 53
2026-06-11 14:40:41,550 transreid.image_train INFO: mAP: 62.3%
2026-06-11 14:40:41,550 transreid.image_train INFO: CMC curve, Rank-1  :70.1%
2026-06-11 14:40:41,550 transreid.image_train INFO: CMC curve, Rank-5  :76.0%
2026-06-11 14:40:41,550 transreid.image_train INFO: CMC curve, Rank-10 :79.0%
2026-06-11 14:40:41,550 transreid.image_train INFO: Best mAP: 62.6%
2026-06-11 14:40:41,550 transreid.image_train INFO: Best Rank-1: 69.6%
2026-06-11 14:40:41,550 transreid.image_train INFO: Best Rank-5: 77.0%
2026-06-11 14:40:41,550 transreid.image_train INFO: Best Rank-10: 80.1%
2026-06-11 14:40:47,409 transreid.image_train INFO: Epoch[54] Iteration[20/111] Loss: 10.543, Acc: 0.845,Acc1: 0.839,Acc2: 0.758, Base Lr: 5.71e-03,biloss:0.001,icloss:0.355,loss1:2.217, loss2:5.459, loss3:2.395, ploss:0.000,palign:0.000,total_loss:10.428,fceloss:0.0000
2026-06-11 14:40:52,612 transreid.image_train INFO: Epoch[54] Iteration[40/111] Loss: 10.463, Acc: 0.856,Acc1: 0.863,Acc2: 0.773, Base Lr: 5.71e-03,biloss:0.001,icloss:0.406,loss1:2.079, loss2:5.202, loss3:2.153, ploss:0.000,palign:0.000,total_loss:9.840,fceloss:0.0000
2026-06-11 14:40:57,791 transreid.image_train INFO: Epoch[54] Iteration[60/111] Loss: 10.404, Acc: 0.852,Acc1: 0.844,Acc2: 0.767, Base Lr: 5.71e-03,biloss:0.001,icloss:0.405,loss1:1.967, loss2:5.268, loss3:2.170, ploss:0.000,palign:0.000,total_loss:9.811,fceloss:0.0000
2026-06-11 14:41:02,979 transreid.image_train INFO: Epoch[54] Iteration[80/111] Loss: 10.225, Acc: 0.875,Acc1: 0.852,Acc2: 0.788, Base Lr: 5.71e-03,biloss:0.001,icloss:0.381,loss1:1.835, loss2:5.357, loss3:2.170, ploss:0.000,palign:0.000,total_loss:9.744,fceloss:0.0000
2026-06-11 14:41:08,166 transreid.image_train INFO: Epoch[54] Iteration[100/111] Loss: 9.946, Acc: 0.886,Acc1: 0.858,Acc2: 0.800, Base Lr: 5.71e-03,biloss:0.001,icloss:0.460,loss1:1.414, loss2:4.936, loss3:1.700, ploss:0.000,palign:0.000,total_loss:8.511,fceloss:0.0000
2026-06-11 14:41:10,599 transreid.image_train INFO: Epoch 54 done. Time per batch: 21.645[s] Speed: 1.5[samples/s]
2026-06-11 14:41:25,513 transreid.image_train INFO: Validation Results - Epoch: 54
2026-06-11 14:41:25,513 transreid.image_train INFO: mAP: 61.9%
2026-06-11 14:41:25,513 transreid.image_train INFO: CMC curve, Rank-1  :69.4%
2026-06-11 14:41:25,513 transreid.image_train INFO: CMC curve, Rank-5  :76.5%
2026-06-11 14:41:25,514 transreid.image_train INFO: CMC curve, Rank-10 :78.5%
2026-06-11 14:41:25,514 transreid.image_train INFO: Best mAP: 62.6%
2026-06-11 14:41:25,514 transreid.image_train INFO: Best Rank-1: 69.6%
2026-06-11 14:41:25,514 transreid.image_train INFO: Best Rank-5: 77.0%
2026-06-11 14:41:25,514 transreid.image_train INFO: Best Rank-10: 80.1%
2026-06-11 14:41:31,094 transreid.image_train INFO: Epoch[55] Iteration[20/111] Loss: 10.444, Acc: 0.844,Acc1: 0.859,Acc2: 0.772, Base Lr: 5.63e-03,biloss:0.001,icloss:0.425,loss1:1.800, loss2:5.099, loss3:1.897, ploss:0.000,palign:0.000,total_loss:9.222,fceloss:0.0000
2026-06-11 14:41:36,292 transreid.image_train INFO: Epoch[55] Iteration[40/111] Loss: 10.396, Acc: 0.869,Acc1: 0.860,Acc2: 0.773, Base Lr: 5.63e-03,biloss:0.001,icloss:0.408,loss1:1.668, loss2:5.729, loss3:2.694, ploss:0.000,palign:0.000,total_loss:10.500,fceloss:0.0000
2026-06-11 14:41:41,480 transreid.image_train INFO: Epoch[55] Iteration[60/111] Loss: 10.221, Acc: 0.874,Acc1: 0.862,Acc2: 0.776, Base Lr: 5.63e-03,biloss:0.001,icloss:0.487,loss1:1.922, loss2:5.044, loss3:1.988, ploss:0.000,palign:0.000,total_loss:9.443,fceloss:0.0000
2026-06-11 14:41:46,670 transreid.image_train INFO: Epoch[55] Iteration[80/111] Loss: 10.064, Acc: 0.880,Acc1: 0.864,Acc2: 0.790, Base Lr: 5.63e-03,biloss:0.001,icloss:0.398,loss1:2.461, loss2:5.398, loss3:2.555, ploss:0.000,palign:0.000,total_loss:10.814,fceloss:0.0000
2026-06-11 14:41:51,985 transreid.image_train INFO: Epoch[55] Iteration[100/111] Loss: 9.824, Acc: 0.893,Acc1: 0.875,Acc2: 0.809, Base Lr: 5.63e-03,biloss:0.001,icloss:0.532,loss1:1.445, loss2:4.737, loss3:1.546, ploss:0.000,palign:0.000,total_loss:8.261,fceloss:0.0000
2026-06-11 14:41:54,428 transreid.image_train INFO: Epoch 55 done. Time per batch: 22.047[s] Speed: 1.5[samples/s]
2026-06-11 14:42:08,700 transreid.image_train INFO: Validation Results - Epoch: 55
2026-06-11 14:42:08,700 transreid.image_train INFO: mAP: 61.7%
2026-06-11 14:42:08,700 transreid.image_train INFO: CMC curve, Rank-1  :69.2%
2026-06-11 14:42:08,700 transreid.image_train INFO: CMC curve, Rank-5  :76.2%
2026-06-11 14:42:08,700 transreid.image_train INFO: CMC curve, Rank-10 :79.2%
2026-06-11 14:42:08,701 transreid.image_train INFO: Best mAP: 62.6%
2026-06-11 14:42:08,701 transreid.image_train INFO: Best Rank-1: 69.6%
2026-06-11 14:42:08,701 transreid.image_train INFO: Best Rank-5: 77.0%
2026-06-11 14:42:08,701 transreid.image_train INFO: Best Rank-10: 80.1%
2026-06-11 14:42:13,266 transreid.image_train INFO: Epoch[56] Iteration[20/111] Loss: 10.143, Acc: 0.897,Acc1: 0.859,Acc2: 0.817, Base Lr: 5.55e-03,biloss:0.001,icloss:0.413,loss1:2.425, loss2:5.357, loss3:2.576, ploss:0.000,palign:0.000,total_loss:10.771,fceloss:0.0000
2026-06-11 14:42:18,446 transreid.image_train INFO: Epoch[56] Iteration[40/111] Loss: 10.041, Acc: 0.896,Acc1: 0.873,Acc2: 0.817, Base Lr: 5.55e-03,biloss:0.001,icloss:0.427,loss1:1.694, loss2:5.105, loss3:1.730, ploss:0.000,palign:0.000,total_loss:8.956,fceloss:0.0000
2026-06-11 14:42:23,636 transreid.image_train INFO: Epoch[56] Iteration[60/111] Loss: 9.977, Acc: 0.897,Acc1: 0.879,Acc2: 0.823, Base Lr: 5.55e-03,biloss:0.001,icloss:0.464,loss1:1.631, loss2:5.004, loss3:1.830, ploss:0.000,palign:0.000,total_loss:8.930,fceloss:0.0000
2026-06-11 14:42:28,824 transreid.image_train INFO: Epoch[56] Iteration[80/111] Loss: 9.884, Acc: 0.898,Acc1: 0.875,Acc2: 0.823, Base Lr: 5.55e-03,biloss:0.001,icloss:0.445,loss1:1.610, loss2:4.988, loss3:1.771, ploss:0.000,palign:0.000,total_loss:8.815,fceloss:0.0000
2026-06-11 14:42:34,006 transreid.image_train INFO: Epoch[56] Iteration[100/111] Loss: 9.668, Acc: 0.905,Acc1: 0.883,Acc2: 0.831, Base Lr: 5.55e-03,biloss:0.001,icloss:0.495,loss1:1.472, loss2:4.974, loss3:1.791, ploss:0.000,palign:0.000,total_loss:8.732,fceloss:0.0000
2026-06-11 14:42:36,432 transreid.image_train INFO: Epoch 56 done. Time per batch: 22.432[s] Speed: 1.4[samples/s]
2026-06-11 14:42:49,854 transreid.image_train INFO: Validation Results - Epoch: 56
2026-06-11 14:42:49,854 transreid.image_train INFO: mAP: 62.2%
2026-06-11 14:42:49,854 transreid.image_train INFO: CMC curve, Rank-1  :69.9%
2026-06-11 14:42:49,854 transreid.image_train INFO: CMC curve, Rank-5  :75.8%
2026-06-11 14:42:49,854 transreid.image_train INFO: CMC curve, Rank-10 :79.9%
2026-06-11 14:42:49,854 transreid.image_train INFO: Best mAP: 62.6%
2026-06-11 14:42:49,854 transreid.image_train INFO: Best Rank-1: 69.6%
2026-06-11 14:42:49,854 transreid.image_train INFO: Best Rank-5: 77.0%
2026-06-11 14:42:49,854 transreid.image_train INFO: Best Rank-10: 80.1%
2026-06-11 14:42:55,930 transreid.image_train INFO: Epoch[57] Iteration[20/111] Loss: 10.016, Acc: 0.900,Acc1: 0.902,Acc2: 0.847, Base Lr: 5.48e-03,biloss:0.001,icloss:0.424,loss1:1.888, loss2:5.136, loss3:2.045, ploss:0.000,palign:0.000,total_loss:9.494,fceloss:0.0000
2026-06-11 14:43:01,116 transreid.image_train INFO: Epoch[57] Iteration[40/111] Loss: 9.924, Acc: 0.898,Acc1: 0.879,Acc2: 0.825, Base Lr: 5.48e-03,biloss:0.001,icloss:0.417,loss1:1.727, loss2:5.178, loss3:1.975, ploss:0.000,palign:0.000,total_loss:9.297,fceloss:0.0000
2026-06-11 14:43:06,305 transreid.image_train INFO: Epoch[57] Iteration[60/111] Loss: 9.902, Acc: 0.898,Acc1: 0.868,Acc2: 0.817, Base Lr: 5.48e-03,biloss:0.001,icloss:0.412,loss1:1.861, loss2:5.289, loss3:2.090, ploss:0.000,palign:0.000,total_loss:9.652,fceloss:0.0000
2026-06-11 14:43:11,493 transreid.image_train INFO: Epoch[57] Iteration[80/111] Loss: 9.738, Acc: 0.914,Acc1: 0.882,Acc2: 0.835, Base Lr: 5.48e-03,biloss:0.001,icloss:0.453,loss1:1.826, loss2:5.042, loss3:1.898, ploss:0.000,palign:0.000,total_loss:9.219,fceloss:0.0000
2026-06-11 14:43:16,682 transreid.image_train INFO: Epoch[57] Iteration[100/111] Loss: 9.596, Acc: 0.918,Acc1: 0.885,Acc2: 0.841, Base Lr: 5.48e-03,biloss:0.001,icloss:0.494,loss1:1.286, loss2:4.764, loss3:1.368, ploss:0.000,palign:0.000,total_loss:7.912,fceloss:0.0000
2026-06-11 14:43:19,110 transreid.image_train INFO: Epoch 57 done. Time per batch: 22.824[s] Speed: 1.4[samples/s]
2026-06-11 14:43:32,596 transreid.image_train INFO: Validation Results - Epoch: 57
2026-06-11 14:43:32,596 transreid.image_train INFO: mAP: 62.8%
2026-06-11 14:43:32,596 transreid.image_train INFO: CMC curve, Rank-1  :70.1%
2026-06-11 14:43:32,596 transreid.image_train INFO: CMC curve, Rank-5  :76.0%
2026-06-11 14:43:32,596 transreid.image_train INFO: CMC curve, Rank-10 :79.9%
2026-06-11 14:43:34,354 transreid.image_train INFO: Best mAP: 62.8%
2026-06-11 14:43:34,355 transreid.image_train INFO: Best Rank-1: 70.1%
2026-06-11 14:43:34,355 transreid.image_train INFO: Best Rank-5: 76.0%
2026-06-11 14:43:34,355 transreid.image_train INFO: Best Rank-10: 79.9%
2026-06-11 14:43:40,627 transreid.image_train INFO: Epoch[58] Iteration[20/111] Loss: 9.821, Acc: 0.945,Acc1: 0.895,Acc2: 0.841, Base Lr: 5.40e-03,biloss:0.001,icloss:0.387,loss1:2.290, loss2:5.372, loss3:2.494, ploss:0.000,palign:0.000,total_loss:10.543,fceloss:0.0000
2026-06-11 14:43:45,813 transreid.image_train INFO: Epoch[58] Iteration[40/111] Loss: 9.736, Acc: 0.948,Acc1: 0.909,Acc2: 0.860, Base Lr: 5.40e-03,biloss:0.001,icloss:0.385,loss1:2.031, loss2:5.358, loss3:2.171, ploss:0.000,palign:0.000,total_loss:9.946,fceloss:0.0000
2026-06-11 14:43:50,997 transreid.image_train INFO: Epoch[58] Iteration[60/111] Loss: 9.635, Acc: 0.940,Acc1: 0.910,Acc2: 0.858, Base Lr: 5.40e-03,biloss:0.001,icloss:0.374,loss1:2.274, loss2:5.388, loss3:2.397, ploss:0.000,palign:0.000,total_loss:10.433,fceloss:0.0000
2026-06-11 14:43:56,183 transreid.image_train INFO: Epoch[58] Iteration[80/111] Loss: 9.614, Acc: 0.927,Acc1: 0.891,Acc2: 0.844, Base Lr: 5.40e-03,biloss:0.001,icloss:0.442,loss1:1.564, loss2:5.026, loss3:1.632, ploss:0.000,palign:0.000,total_loss:8.665,fceloss:0.0000
2026-06-11 14:44:01,371 transreid.image_train INFO: Epoch[58] Iteration[100/111] Loss: 9.417, Acc: 0.931,Acc1: 0.893,Acc2: 0.850, Base Lr: 5.40e-03,biloss:0.001,icloss:0.495,loss1:1.786, loss2:4.956, loss3:1.983, ploss:0.000,palign:0.000,total_loss:9.221,fceloss:0.0000
2026-06-11 14:44:03,801 transreid.image_train INFO: Epoch 58 done. Time per batch: 23.234[s] Speed: 1.4[samples/s]
2026-06-11 14:44:18,552 transreid.image_train INFO: Validation Results - Epoch: 58
2026-06-11 14:44:18,552 transreid.image_train INFO: mAP: 62.1%
2026-06-11 14:44:18,552 transreid.image_train INFO: CMC curve, Rank-1  :70.5%
2026-06-11 14:44:18,552 transreid.image_train INFO: CMC curve, Rank-5  :76.5%
2026-06-11 14:44:18,552 transreid.image_train INFO: CMC curve, Rank-10 :79.2%
2026-06-11 14:44:18,552 transreid.image_train INFO: Best mAP: 62.8%
2026-06-11 14:44:18,552 transreid.image_train INFO: Best Rank-1: 70.1%
2026-06-11 14:44:18,552 transreid.image_train INFO: Best Rank-5: 76.0%
2026-06-11 14:44:18,552 transreid.image_train INFO: Best Rank-10: 79.9%
2026-06-11 14:44:24,487 transreid.image_train INFO: Epoch[59] Iteration[20/111] Loss: 9.998, Acc: 0.930,Acc1: 0.892,Acc2: 0.858, Base Lr: 5.32e-03,biloss:0.001,icloss:0.377,loss1:2.184, loss2:5.424, loss3:2.261, ploss:0.000,palign:0.000,total_loss:10.246,fceloss:0.0000
2026-06-11 14:44:29,675 transreid.image_train INFO: Epoch[59] Iteration[40/111] Loss: 9.909, Acc: 0.921,Acc1: 0.877,Acc2: 0.839, Base Lr: 5.32e-03,biloss:0.001,icloss:0.433,loss1:1.805, loss2:5.141, loss3:1.960, ploss:0.000,palign:0.000,total_loss:9.341,fceloss:0.0000
2026-06-11 14:44:34,861 transreid.image_train INFO: Epoch[59] Iteration[60/111] Loss: 9.710, Acc: 0.926,Acc1: 0.893,Acc2: 0.845, Base Lr: 5.32e-03,biloss:0.001,icloss:0.396,loss1:2.099, loss2:5.352, loss3:2.309, ploss:0.000,palign:0.000,total_loss:10.157,fceloss:0.0000
2026-06-11 14:44:40,048 transreid.image_train INFO: Epoch[59] Iteration[80/111] Loss: 9.546, Acc: 0.933,Acc1: 0.895,Acc2: 0.855, Base Lr: 5.32e-03,biloss:0.001,icloss:0.401,loss1:1.976, loss2:5.344, loss3:2.146, ploss:0.000,palign:0.000,total_loss:9.868,fceloss:0.0000
2026-06-11 14:44:45,230 transreid.image_train INFO: Epoch[59] Iteration[100/111] Loss: 9.341, Acc: 0.943,Acc1: 0.904,Acc2: 0.868, Base Lr: 5.32e-03,biloss:0.001,icloss:0.464,loss1:1.598, loss2:5.065, loss3:1.777, ploss:0.000,palign:0.000,total_loss:8.905,fceloss:0.0000
2026-06-11 14:44:47,665 transreid.image_train INFO: Epoch 59 done. Time per batch: 23.636[s] Speed: 1.4[samples/s]
2026-06-11 14:45:02,489 transreid.image_train INFO: Validation Results - Epoch: 59
2026-06-11 14:45:02,490 transreid.image_train INFO: mAP: 62.5%
2026-06-11 14:45:02,490 transreid.image_train INFO: CMC curve, Rank-1  :68.9%
2026-06-11 14:45:02,490 transreid.image_train INFO: CMC curve, Rank-5  :76.9%
2026-06-11 14:45:02,490 transreid.image_train INFO: CMC curve, Rank-10 :79.2%
2026-06-11 14:45:02,490 transreid.image_train INFO: Best mAP: 62.8%
2026-06-11 14:45:02,490 transreid.image_train INFO: Best Rank-1: 70.1%
2026-06-11 14:45:02,490 transreid.image_train INFO: Best Rank-5: 76.0%
2026-06-11 14:45:02,490 transreid.image_train INFO: Best Rank-10: 79.9%
2026-06-11 14:45:08,890 transreid.image_train INFO: Epoch[60] Iteration[20/111] Loss: 9.628, Acc: 0.953,Acc1: 0.914,Acc2: 0.889, Base Lr: 5.24e-03,biloss:0.001,icloss:0.371,loss1:1.939, loss2:5.376, loss3:1.998, ploss:0.000,palign:0.000,total_loss:9.685,fceloss:0.0000
2026-06-11 14:45:14,075 transreid.image_train INFO: Epoch[60] Iteration[40/111] Loss: 9.525, Acc: 0.938,Acc1: 0.899,Acc2: 0.864, Base Lr: 5.24e-03,biloss:0.001,icloss:0.416,loss1:1.763, loss2:5.119, loss3:1.843, ploss:0.000,palign:0.000,total_loss:9.141,fceloss:0.0000
2026-06-11 14:45:19,258 transreid.image_train INFO: Epoch[60] Iteration[60/111] Loss: 9.430, Acc: 0.945,Acc1: 0.909,Acc2: 0.871, Base Lr: 5.24e-03,biloss:0.001,icloss:0.403,loss1:1.970, loss2:5.268, loss3:2.108, ploss:0.000,palign:0.000,total_loss:9.750,fceloss:0.0000
2026-06-11 14:45:24,447 transreid.image_train INFO: Epoch[60] Iteration[80/111] Loss: 9.316, Acc: 0.950,Acc1: 0.912,Acc2: 0.871, Base Lr: 5.24e-03,biloss:0.001,icloss:0.463,loss1:1.389, loss2:4.891, loss3:1.484, ploss:0.000,palign:0.000,total_loss:8.229,fceloss:0.0000
2026-06-11 14:45:29,628 transreid.image_train INFO: Epoch[60] Iteration[100/111] Loss: 9.183, Acc: 0.950,Acc1: 0.913,Acc2: 0.877, Base Lr: 5.24e-03,biloss:0.001,icloss:0.470,loss1:1.576, loss2:4.939, loss3:1.590, ploss:0.000,palign:0.000,total_loss:8.575,fceloss:0.0000
2026-06-11 14:45:32,063 transreid.image_train INFO: Epoch 60 done. Time per batch: 24.044[s] Speed: 1.3[samples/s]
2026-06-11 14:45:47,053 transreid.image_train INFO: Validation Results - Epoch: 60
2026-06-11 14:45:47,053 transreid.image_train INFO: mAP: 62.7%
2026-06-11 14:45:47,053 transreid.image_train INFO: CMC curve, Rank-1  :70.6%
2026-06-11 14:45:47,053 transreid.image_train INFO: CMC curve, Rank-5  :77.0%
2026-06-11 14:45:47,053 transreid.image_train INFO: CMC curve, Rank-10 :79.4%
2026-06-11 14:45:47,053 transreid.image_train INFO: Best mAP: 62.8%
2026-06-11 14:45:47,053 transreid.image_train INFO: Best Rank-1: 70.1%
2026-06-11 14:45:47,053 transreid.image_train INFO: Best Rank-5: 76.0%
2026-06-11 14:45:47,053 transreid.image_train INFO: Best Rank-10: 79.9%
2026-06-11 14:45:52,087 transreid.image_train INFO: Epoch[61] Iteration[20/111] Loss: 9.726, Acc: 0.945,Acc1: 0.880,Acc2: 0.859, Base Lr: 5.16e-03,biloss:0.001,icloss:0.386,loss1:2.152, loss2:5.428, loss3:2.365, ploss:0.000,palign:0.000,total_loss:10.332,fceloss:0.0000
2026-06-11 14:45:57,285 transreid.image_train INFO: Epoch[61] Iteration[40/111] Loss: 9.615, Acc: 0.950,Acc1: 0.896,Acc2: 0.880, Base Lr: 5.16e-03,biloss:0.001,icloss:0.422,loss1:1.658, loss2:5.128, loss3:1.814, ploss:0.000,palign:0.000,total_loss:9.023,fceloss:0.0000
2026-06-11 14:46:02,479 transreid.image_train INFO: Epoch[61] Iteration[60/111] Loss: 9.413, Acc: 0.954,Acc1: 0.903,Acc2: 0.889, Base Lr: 5.16e-03,biloss:0.001,icloss:0.497,loss1:1.327, loss2:4.845, loss3:1.559, ploss:0.000,palign:0.000,total_loss:8.229,fceloss:0.0000
2026-06-11 14:46:07,622 transreid.image_train INFO: Epoch[61] Iteration[80/111] Loss: 9.255, Acc: 0.952,Acc1: 0.905,Acc2: 0.890, Base Lr: 5.16e-03,biloss:0.001,icloss:0.478,loss1:1.509, loss2:4.949, loss3:1.610, ploss:0.000,palign:0.000,total_loss:8.547,fceloss:0.0000
2026-06-11 14:46:13,038 transreid.image_train INFO: Epoch[61] Iteration[100/111] Loss: 9.145, Acc: 0.952,Acc1: 0.910,Acc2: 0.894, Base Lr: 5.16e-03,biloss:0.001,icloss:0.470,loss1:1.481, loss2:4.891, loss3:1.532, ploss:0.000,palign:0.000,total_loss:8.375,fceloss:0.0000
2026-06-11 14:46:15,484 transreid.image_train INFO: Epoch 61 done. Time per batch: 24.442[s] Speed: 1.3[samples/s]
2026-06-11 14:46:29,490 transreid.image_train INFO: Validation Results - Epoch: 61
2026-06-11 14:46:29,491 transreid.image_train INFO: mAP: 62.3%
2026-06-11 14:46:29,491 transreid.image_train INFO: CMC curve, Rank-1  :69.8%
2026-06-11 14:46:29,491 transreid.image_train INFO: CMC curve, Rank-5  :76.2%
2026-06-11 14:46:29,491 transreid.image_train INFO: CMC curve, Rank-10 :79.4%
2026-06-11 14:46:29,491 transreid.image_train INFO: Best mAP: 62.8%
2026-06-11 14:46:29,491 transreid.image_train INFO: Best Rank-1: 70.1%
2026-06-11 14:46:29,491 transreid.image_train INFO: Best Rank-5: 76.0%
2026-06-11 14:46:29,491 transreid.image_train INFO: Best Rank-10: 79.9%
2026-06-11 14:46:35,093 transreid.image_train INFO: Epoch[62] Iteration[20/111] Loss: 9.640, Acc: 0.948,Acc1: 0.855,Acc2: 0.831, Base Lr: 5.08e-03,biloss:0.001,icloss:0.448,loss1:1.659, loss2:5.063, loss3:1.742, ploss:0.000,palign:0.000,total_loss:8.913,fceloss:0.0000
2026-06-11 14:46:40,278 transreid.image_train INFO: Epoch[62] Iteration[40/111] Loss: 9.490, Acc: 0.951,Acc1: 0.893,Acc2: 0.865, Base Lr: 5.08e-03,biloss:0.001,icloss:0.451,loss1:1.669, loss2:5.111, loss3:1.928, ploss:0.000,palign:0.000,total_loss:9.159,fceloss:0.0000
2026-06-11 14:46:45,467 transreid.image_train INFO: Epoch[62] Iteration[60/111] Loss: 9.362, Acc: 0.952,Acc1: 0.905,Acc2: 0.877, Base Lr: 5.08e-03,biloss:0.001,icloss:0.466,loss1:1.901, loss2:5.139, loss3:1.985, ploss:0.000,palign:0.000,total_loss:9.492,fceloss:0.0000
2026-06-11 14:46:50,654 transreid.image_train INFO: Epoch[62] Iteration[80/111] Loss: 9.218, Acc: 0.953,Acc1: 0.911,Acc2: 0.884, Base Lr: 5.08e-03,biloss:0.001,icloss:0.518,loss1:1.299, loss2:4.738, loss3:1.427, ploss:0.000,palign:0.000,total_loss:7.983,fceloss:0.0000
2026-06-11 14:46:55,843 transreid.image_train INFO: Epoch[62] Iteration[100/111] Loss: 9.044, Acc: 0.957,Acc1: 0.915,Acc2: 0.884, Base Lr: 5.08e-03,biloss:0.001,icloss:0.496,loss1:1.308, loss2:4.779, loss3:1.432, ploss:0.000,palign:0.000,total_loss:8.015,fceloss:0.0000
2026-06-11 14:46:58,286 transreid.image_train INFO: Epoch 62 done. Time per batch: 24.835[s] Speed: 1.3[samples/s]
2026-06-11 14:47:12,252 transreid.image_train INFO: Validation Results - Epoch: 62
2026-06-11 14:47:12,253 transreid.image_train INFO: mAP: 62.5%
2026-06-11 14:47:12,253 transreid.image_train INFO: CMC curve, Rank-1  :70.3%
2026-06-11 14:47:12,253 transreid.image_train INFO: CMC curve, Rank-5  :77.0%
2026-06-11 14:47:12,253 transreid.image_train INFO: CMC curve, Rank-10 :79.7%
2026-06-11 14:47:12,253 transreid.image_train INFO: Best mAP: 62.8%
2026-06-11 14:47:12,253 transreid.image_train INFO: Best Rank-1: 70.1%
2026-06-11 14:47:12,253 transreid.image_train INFO: Best Rank-5: 76.0%
2026-06-11 14:47:12,253 transreid.image_train INFO: Best Rank-10: 79.9%
2026-06-11 14:47:17,823 transreid.image_train INFO: Epoch[63] Iteration[20/111] Loss: 9.210, Acc: 0.967,Acc1: 0.927,Acc2: 0.905, Base Lr: 5.00e-03,biloss:0.001,icloss:0.429,loss1:1.681, loss2:5.114, loss3:1.741, ploss:0.000,palign:0.000,total_loss:8.965,fceloss:0.0000
2026-06-11 14:47:23,011 transreid.image_train INFO: Epoch[63] Iteration[40/111] Loss: 9.274, Acc: 0.952,Acc1: 0.923,Acc2: 0.900, Base Lr: 5.00e-03,biloss:0.001,icloss:0.414,loss1:1.830, loss2:5.286, loss3:2.022, ploss:0.000,palign:0.000,total_loss:9.552,fceloss:0.0000
2026-06-11 14:47:28,196 transreid.image_train INFO: Epoch[63] Iteration[60/111] Loss: 9.227, Acc: 0.951,Acc1: 0.924,Acc2: 0.889, Base Lr: 5.00e-03,biloss:0.001,icloss:0.470,loss1:1.364, loss2:5.051, loss3:1.710, ploss:0.000,palign:0.000,total_loss:8.595,fceloss:0.0000
2026-06-11 14:47:33,378 transreid.image_train INFO: Epoch[63] Iteration[80/111] Loss: 9.106, Acc: 0.954,Acc1: 0.920,Acc2: 0.890, Base Lr: 5.00e-03,biloss:0.001,icloss:0.444,loss1:1.801, loss2:5.214, loss3:1.999, ploss:0.000,palign:0.000,total_loss:9.458,fceloss:0.0000
2026-06-11 14:47:38,559 transreid.image_train INFO: Epoch[63] Iteration[100/111] Loss: 8.945, Acc: 0.959,Acc1: 0.922,Acc2: 0.897, Base Lr: 5.00e-03,biloss:0.001,icloss:0.561,loss1:1.367, loss2:4.686, loss3:1.502, ploss:0.000,palign:0.000,total_loss:8.117,fceloss:0.0000
2026-06-11 14:47:41,253 transreid.image_train INFO: Epoch 63 done. Time per batch: 25.000[s] Speed: 1.3[samples/s]
2026-06-11 14:47:55,553 transreid.image_train INFO: Validation Results - Epoch: 63
2026-06-11 14:47:55,553 transreid.image_train INFO: mAP: 62.1%
2026-06-11 14:47:55,553 transreid.image_train INFO: CMC curve, Rank-1  :69.6%
2026-06-11 14:47:55,553 transreid.image_train INFO: CMC curve, Rank-5  :76.2%
2026-06-11 14:47:55,553 transreid.image_train INFO: CMC curve, Rank-10 :79.0%
2026-06-11 14:47:55,553 transreid.image_train INFO: Best mAP: 62.8%
2026-06-11 14:47:55,553 transreid.image_train INFO: Best Rank-1: 70.1%
2026-06-11 14:47:55,553 transreid.image_train INFO: Best Rank-5: 76.0%
2026-06-11 14:47:55,553 transreid.image_train INFO: Best Rank-10: 79.9%
2026-06-11 14:48:01,551 transreid.image_train INFO: Epoch[64] Iteration[20/111] Loss: 9.533, Acc: 0.927,Acc1: 0.891,Acc2: 0.855, Base Lr: 4.92e-03,biloss:0.001,icloss:0.437,loss1:1.904, loss2:5.162, loss3:1.966, ploss:0.000,palign:0.000,total_loss:9.469,fceloss:0.0000
2026-06-11 14:48:06,737 transreid.image_train INFO: Epoch[64] Iteration[40/111] Loss: 9.232, Acc: 0.952,Acc1: 0.914,Acc2: 0.883, Base Lr: 4.92e-03,biloss:0.001,icloss:0.456,loss1:1.472, loss2:4.992, loss3:1.516, ploss:0.000,palign:0.000,total_loss:8.436,fceloss:0.0000
2026-06-11 14:48:11,923 transreid.image_train INFO: Epoch[64] Iteration[60/111] Loss: 9.119, Acc: 0.954,Acc1: 0.918,Acc2: 0.887, Base Lr: 4.92e-03,biloss:0.001,icloss:0.436,loss1:1.744, loss2:5.146, loss3:1.863, ploss:0.000,palign:0.000,total_loss:9.189,fceloss:0.0000
2026-06-11 14:48:17,107 transreid.image_train INFO: Epoch[64] Iteration[80/111] Loss: 8.985, Acc: 0.961,Acc1: 0.927,Acc2: 0.895, Base Lr: 4.92e-03,biloss:0.001,icloss:0.475,loss1:1.580, loss2:4.993, loss3:1.733, ploss:0.000,palign:0.000,total_loss:8.782,fceloss:0.0000
2026-06-11 14:48:22,290 transreid.image_train INFO: Epoch[64] Iteration[100/111] Loss: 8.854, Acc: 0.964,Acc1: 0.930,Acc2: 0.898, Base Lr: 4.92e-03,biloss:0.001,icloss:0.477,loss1:1.486, loss2:4.962, loss3:1.569, ploss:0.000,palign:0.000,total_loss:8.495,fceloss:0.0000
2026-06-11 14:48:24,733 transreid.image_train INFO: Epoch 64 done. Time per batch: 25.628[s] Speed: 1.2[samples/s]
2026-06-11 14:48:39,286 transreid.image_train INFO: Validation Results - Epoch: 64
2026-06-11 14:48:39,287 transreid.image_train INFO: mAP: 62.1%
2026-06-11 14:48:39,287 transreid.image_train INFO: CMC curve, Rank-1  :69.9%
2026-06-11 14:48:39,287 transreid.image_train INFO: CMC curve, Rank-5  :76.2%
2026-06-11 14:48:39,287 transreid.image_train INFO: CMC curve, Rank-10 :78.3%
2026-06-11 14:48:39,287 transreid.image_train INFO: Best mAP: 62.8%
2026-06-11 14:48:39,287 transreid.image_train INFO: Best Rank-1: 70.1%
2026-06-11 14:48:39,287 transreid.image_train INFO: Best Rank-5: 76.0%
2026-06-11 14:48:39,287 transreid.image_train INFO: Best Rank-10: 79.9%
2026-06-11 14:48:45,525 transreid.image_train INFO: Epoch[65] Iteration[20/111] Loss: 9.190, Acc: 0.961,Acc1: 0.922,Acc2: 0.920, Base Lr: 4.84e-03,biloss:0.001,icloss:0.440,loss1:1.545, loss2:5.089, loss3:1.679, ploss:0.000,palign:0.000,total_loss:8.753,fceloss:0.0000
2026-06-11 14:48:50,712 transreid.image_train INFO: Epoch[65] Iteration[40/111] Loss: 9.051, Acc: 0.954,Acc1: 0.920,Acc2: 0.911, Base Lr: 4.84e-03,biloss:0.001,icloss:0.517,loss1:1.157, loss2:4.660, loss3:1.288, ploss:0.000,palign:0.000,total_loss:7.623,fceloss:0.0000
2026-06-11 14:48:55,900 transreid.image_train INFO: Epoch[65] Iteration[60/111] Loss: 8.974, Acc: 0.963,Acc1: 0.928,Acc2: 0.915, Base Lr: 4.84e-03,biloss:0.001,icloss:0.433,loss1:1.683, loss2:5.158, loss3:1.798, ploss:0.000,palign:0.000,total_loss:9.073,fceloss:0.0000
2026-06-11 14:49:01,086 transreid.image_train INFO: Epoch[65] Iteration[80/111] Loss: 8.913, Acc: 0.963,Acc1: 0.921,Acc2: 0.902, Base Lr: 4.84e-03,biloss:0.001,icloss:0.485,loss1:1.382, loss2:4.925, loss3:1.607, ploss:0.000,palign:0.000,total_loss:8.400,fceloss:0.0000
2026-06-11 14:49:06,268 transreid.image_train INFO: Epoch[65] Iteration[100/111] Loss: 8.806, Acc: 0.967,Acc1: 0.926,Acc2: 0.906, Base Lr: 4.84e-03,biloss:0.001,icloss:0.483,loss1:1.129, loss2:4.694, loss3:1.216, ploss:0.000,palign:0.000,total_loss:7.523,fceloss:0.0000
2026-06-11 14:49:08,945 transreid.image_train INFO: Epoch 65 done. Time per batch: 25.797[s] Speed: 1.2[samples/s]
2026-06-11 14:49:23,748 transreid.image_train INFO: Validation Results - Epoch: 65
2026-06-11 14:49:23,748 transreid.image_train INFO: mAP: 62.2%
2026-06-11 14:49:23,748 transreid.image_train INFO: CMC curve, Rank-1  :69.6%
2026-06-11 14:49:23,748 transreid.image_train INFO: CMC curve, Rank-5  :76.3%
2026-06-11 14:49:23,748 transreid.image_train INFO: CMC curve, Rank-10 :79.0%
2026-06-11 14:49:23,748 transreid.image_train INFO: Best mAP: 62.8%
2026-06-11 14:49:23,748 transreid.image_train INFO: Best Rank-1: 70.1%
2026-06-11 14:49:23,748 transreid.image_train INFO: Best Rank-5: 76.0%
2026-06-11 14:49:23,748 transreid.image_train INFO: Best Rank-10: 79.9%
2026-06-11 14:49:30,450 transreid.image_train INFO: Epoch[66] Iteration[20/111] Loss: 9.203, Acc: 0.938,Acc1: 0.898,Acc2: 0.894, Base Lr: 4.76e-03,biloss:0.001,icloss:0.448,loss1:1.483, loss2:5.018, loss3:1.651, ploss:0.000,palign:0.000,total_loss:8.602,fceloss:0.0000
2026-06-11 14:49:35,634 transreid.image_train INFO: Epoch[66] Iteration[40/111] Loss: 9.055, Acc: 0.957,Acc1: 0.923,Acc2: 0.902, Base Lr: 4.76e-03,biloss:0.001,icloss:0.441,loss1:1.659, loss2:5.168, loss3:1.814, ploss:0.000,palign:0.000,total_loss:9.083,fceloss:0.0000
2026-06-11 14:49:40,819 transreid.image_train INFO: Epoch[66] Iteration[60/111] Loss: 8.957, Acc: 0.964,Acc1: 0.932,Acc2: 0.910, Base Lr: 4.76e-03,biloss:0.001,icloss:0.440,loss1:1.686, loss2:5.130, loss3:1.766, ploss:0.000,palign:0.000,total_loss:9.023,fceloss:0.0000
2026-06-11 14:49:46,003 transreid.image_train INFO: Epoch[66] Iteration[80/111] Loss: 8.885, Acc: 0.966,Acc1: 0.933,Acc2: 0.910, Base Lr: 4.76e-03,biloss:0.001,icloss:0.549,loss1:1.207, loss2:4.731, loss3:1.626, ploss:0.000,palign:0.000,total_loss:8.113,fceloss:0.0000
2026-06-11 14:49:51,184 transreid.image_train INFO: Epoch[66] Iteration[100/111] Loss: 8.740, Acc: 0.969,Acc1: 0.936,Acc2: 0.913, Base Lr: 4.76e-03,biloss:0.001,icloss:0.548,loss1:1.186, loss2:4.642, loss3:1.235, ploss:0.000,palign:0.000,total_loss:7.612,fceloss:0.0000
2026-06-11 14:49:53,369 transreid.image_train INFO: Epoch 66 done. Time per batch: 26.686[s] Speed: 1.2[samples/s]
2026-06-11 14:50:08,686 transreid.image_train INFO: Validation Results - Epoch: 66
2026-06-11 14:50:08,686 transreid.image_train INFO: mAP: 63.3%
2026-06-11 14:50:08,686 transreid.image_train INFO: CMC curve, Rank-1  :71.0%
2026-06-11 14:50:08,687 transreid.image_train INFO: CMC curve, Rank-5  :76.9%
2026-06-11 14:50:08,687 transreid.image_train INFO: CMC curve, Rank-10 :79.5%
2026-06-11 14:50:10,384 transreid.image_train INFO: Best mAP: 63.3%
2026-06-11 14:50:10,384 transreid.image_train INFO: Best Rank-1: 71.0%
2026-06-11 14:50:10,384 transreid.image_train INFO: Best Rank-5: 76.9%
2026-06-11 14:50:10,384 transreid.image_train INFO: Best Rank-10: 79.5%
2026-06-11 14:50:16,727 transreid.image_train INFO: Epoch[67] Iteration[20/111] Loss: 9.030, Acc: 0.953,Acc1: 0.934,Acc2: 0.906, Base Lr: 4.67e-03,biloss:0.001,icloss:0.443,loss1:1.797, loss2:5.174, loss3:1.840, ploss:0.000,palign:0.000,total_loss:9.254,fceloss:0.0000
2026-06-11 14:50:21,911 transreid.image_train INFO: Epoch[67] Iteration[40/111] Loss: 8.993, Acc: 0.962,Acc1: 0.928,Acc2: 0.914, Base Lr: 4.67e-03,biloss:0.001,icloss:0.471,loss1:1.389, loss2:4.929, loss3:1.472, ploss:0.000,palign:0.000,total_loss:8.262,fceloss:0.0000
2026-06-11 14:50:27,094 transreid.image_train INFO: Epoch[67] Iteration[60/111] Loss: 8.896, Acc: 0.966,Acc1: 0.934,Acc2: 0.924, Base Lr: 4.67e-03,biloss:0.001,icloss:0.463,loss1:1.739, loss2:5.173, loss3:2.009, ploss:0.000,palign:0.000,total_loss:9.384,fceloss:0.0000
2026-06-11 14:50:32,352 transreid.image_train INFO: Epoch[67] Iteration[80/111] Loss: 8.798, Acc: 0.971,Acc1: 0.932,Acc2: 0.920, Base Lr: 4.67e-03,biloss:0.001,icloss:0.497,loss1:1.216, loss2:4.777, loss3:1.248, ploss:0.000,palign:0.000,total_loss:7.738,fceloss:0.0000
2026-06-11 14:50:37,207 transreid.image_train INFO: Epoch[67] Iteration[100/111] Loss: 8.651, Acc: 0.973,Acc1: 0.938,Acc2: 0.920, Base Lr: 4.67e-03,biloss:0.001,icloss:0.551,loss1:1.256, loss2:4.663, loss3:1.486, ploss:0.000,palign:0.000,total_loss:7.957,fceloss:0.0000
2026-06-11 14:50:38,883 transreid.image_train INFO: Epoch 67 done. Time per batch: 26.859[s] Speed: 1.2[samples/s]
2026-06-11 14:50:52,682 transreid.image_train INFO: Validation Results - Epoch: 67
2026-06-11 14:50:52,683 transreid.image_train INFO: mAP: 62.7%
2026-06-11 14:50:52,683 transreid.image_train INFO: CMC curve, Rank-1  :69.8%
2026-06-11 14:50:52,683 transreid.image_train INFO: CMC curve, Rank-5  :76.2%
2026-06-11 14:50:52,683 transreid.image_train INFO: CMC curve, Rank-10 :79.5%
2026-06-11 14:50:52,683 transreid.image_train INFO: Best mAP: 63.3%
2026-06-11 14:50:52,683 transreid.image_train INFO: Best Rank-1: 71.0%
2026-06-11 14:50:52,683 transreid.image_train INFO: Best Rank-5: 76.9%
2026-06-11 14:50:52,683 transreid.image_train INFO: Best Rank-10: 79.5%
2026-06-11 14:50:59,152 transreid.image_train INFO: Epoch[68] Iteration[20/111] Loss: 8.924, Acc: 0.955,Acc1: 0.934,Acc2: 0.917, Base Lr: 4.59e-03,biloss:0.001,icloss:0.465,loss1:1.463, loss2:4.970, loss3:1.570, ploss:0.000,palign:0.000,total_loss:8.468,fceloss:0.0000
2026-06-11 14:51:04,335 transreid.image_train INFO: Epoch[68] Iteration[40/111] Loss: 8.841, Acc: 0.969,Acc1: 0.932,Acc2: 0.918, Base Lr: 4.59e-03,biloss:0.001,icloss:0.477,loss1:1.743, loss2:4.999, loss3:1.833, ploss:0.000,palign:0.000,total_loss:9.052,fceloss:0.0000
2026-06-11 14:51:09,525 transreid.image_train INFO: Epoch[68] Iteration[60/111] Loss: 8.762, Acc: 0.965,Acc1: 0.926,Acc2: 0.907, Base Lr: 4.59e-03,biloss:0.001,icloss:0.492,loss1:1.601, loss2:4.957, loss3:1.750, ploss:0.000,palign:0.000,total_loss:8.801,fceloss:0.0000
2026-06-11 14:51:14,709 transreid.image_train INFO: Epoch[68] Iteration[80/111] Loss: 8.675, Acc: 0.971,Acc1: 0.934,Acc2: 0.915, Base Lr: 4.59e-03,biloss:0.001,icloss:0.471,loss1:1.308, loss2:4.884, loss3:1.443, ploss:0.000,palign:0.000,total_loss:8.106,fceloss:0.0000
2026-06-11 14:51:19,732 transreid.image_train INFO: Epoch[68] Iteration[100/111] Loss: 8.553, Acc: 0.973,Acc1: 0.942,Acc2: 0.921, Base Lr: 4.59e-03,biloss:0.001,icloss:0.467,loss1:1.207, loss2:4.805, loss3:1.287, ploss:0.000,palign:0.000,total_loss:7.768,fceloss:0.0000
2026-06-11 14:51:21,737 transreid.image_train INFO: Epoch 68 done. Time per batch: 27.004[s] Speed: 1.2[samples/s]
2026-06-11 14:51:35,280 transreid.image_train INFO: Validation Results - Epoch: 68
2026-06-11 14:51:35,280 transreid.image_train INFO: mAP: 62.8%
2026-06-11 14:51:35,280 transreid.image_train INFO: CMC curve, Rank-1  :70.3%
2026-06-11 14:51:35,280 transreid.image_train INFO: CMC curve, Rank-5  :76.7%
2026-06-11 14:51:35,280 transreid.image_train INFO: CMC curve, Rank-10 :78.8%
2026-06-11 14:51:35,280 transreid.image_train INFO: Best mAP: 63.3%
2026-06-11 14:51:35,280 transreid.image_train INFO: Best Rank-1: 71.0%
2026-06-11 14:51:35,280 transreid.image_train INFO: Best Rank-5: 76.9%
2026-06-11 14:51:35,280 transreid.image_train INFO: Best Rank-10: 79.5%
2026-06-11 14:51:41,724 transreid.image_train INFO: Epoch[69] Iteration[20/111] Loss: 8.698, Acc: 0.969,Acc1: 0.948,Acc2: 0.930, Base Lr: 4.51e-03,biloss:0.001,icloss:0.472,loss1:1.374, loss2:4.934, loss3:1.461, ploss:0.000,palign:0.000,total_loss:8.242,fceloss:0.0000
2026-06-11 14:51:46,913 transreid.image_train INFO: Epoch[69] Iteration[40/111] Loss: 8.752, Acc: 0.980,Acc1: 0.952,Acc2: 0.922, Base Lr: 4.51e-03,biloss:0.001,icloss:0.404,loss1:1.748, loss2:5.291, loss3:1.832, ploss:0.000,palign:0.000,total_loss:9.276,fceloss:0.0000
2026-06-11 14:51:52,104 transreid.image_train INFO: Epoch[69] Iteration[60/111] Loss: 8.691, Acc: 0.982,Acc1: 0.945,Acc2: 0.923, Base Lr: 4.51e-03,biloss:0.001,icloss:0.455,loss1:1.722, loss2:5.225, loss3:1.950, ploss:0.000,palign:0.000,total_loss:9.353,fceloss:0.0000
2026-06-11 14:51:57,287 transreid.image_train INFO: Epoch[69] Iteration[80/111] Loss: 8.641, Acc: 0.971,Acc1: 0.930,Acc2: 0.911, Base Lr: 4.51e-03,biloss:0.001,icloss:0.491,loss1:1.136, loss2:4.677, loss3:1.176, ploss:0.000,palign:0.000,total_loss:7.481,fceloss:0.0000
2026-06-11 14:52:02,463 transreid.image_train INFO: Epoch[69] Iteration[100/111] Loss: 8.504, Acc: 0.972,Acc1: 0.933,Acc2: 0.914, Base Lr: 4.51e-03,biloss:0.001,icloss:0.486,loss1:1.155, loss2:4.684, loss3:1.147, ploss:0.000,palign:0.000,total_loss:7.473,fceloss:0.0000
2026-06-11 14:52:04,131 transreid.image_train INFO: Epoch 69 done. Time per batch: 27.641[s] Speed: 1.2[samples/s]
2026-06-11 14:52:18,263 transreid.image_train INFO: Validation Results - Epoch: 69
2026-06-11 14:52:18,264 transreid.image_train INFO: mAP: 63.0%
2026-06-11 14:52:18,264 transreid.image_train INFO: CMC curve, Rank-1  :69.2%
2026-06-11 14:52:18,264 transreid.image_train INFO: CMC curve, Rank-5  :77.2%
2026-06-11 14:52:18,264 transreid.image_train INFO: CMC curve, Rank-10 :79.7%
2026-06-11 14:52:18,264 transreid.image_train INFO: Best mAP: 63.3%
2026-06-11 14:52:18,264 transreid.image_train INFO: Best Rank-1: 71.0%
2026-06-11 14:52:18,264 transreid.image_train INFO: Best Rank-5: 76.9%
2026-06-11 14:52:18,264 transreid.image_train INFO: Best Rank-10: 79.5%
2026-06-11 14:52:24,799 transreid.image_train INFO: Epoch[70] Iteration[20/111] Loss: 8.658, Acc: 0.981,Acc1: 0.967,Acc2: 0.958, Base Lr: 4.43e-03,biloss:0.001,icloss:0.491,loss1:1.502, loss2:5.104, loss3:1.928, ploss:0.000,palign:0.000,total_loss:9.025,fceloss:0.0000
2026-06-11 14:52:29,984 transreid.image_train INFO: Epoch[70] Iteration[40/111] Loss: 8.733, Acc: 0.974,Acc1: 0.949,Acc2: 0.938, Base Lr: 4.43e-03,biloss:0.001,icloss:0.467,loss1:1.528, loss2:5.071, loss3:1.715, ploss:0.000,palign:0.000,total_loss:8.781,fceloss:0.0000
2026-06-11 14:52:35,171 transreid.image_train INFO: Epoch[70] Iteration[60/111] Loss: 8.600, Acc: 0.974,Acc1: 0.948,Acc2: 0.938, Base Lr: 4.43e-03,biloss:0.001,icloss:0.456,loss1:1.364, loss2:4.965, loss3:1.488, ploss:0.000,palign:0.000,total_loss:8.274,fceloss:0.0000
2026-06-11 14:52:40,359 transreid.image_train INFO: Epoch[70] Iteration[80/111] Loss: 8.536, Acc: 0.974,Acc1: 0.942,Acc2: 0.935, Base Lr: 4.43e-03,biloss:0.001,icloss:0.513,loss1:1.257, loss2:4.805, loss3:1.442, ploss:0.000,palign:0.000,total_loss:8.017,fceloss:0.0000
2026-06-11 14:52:45,533 transreid.image_train INFO: Epoch[70] Iteration[100/111] Loss: 8.430, Acc: 0.976,Acc1: 0.939,Acc2: 0.931, Base Lr: 4.43e-03,biloss:0.001,icloss:0.513,loss1:1.453, loss2:4.726, loss3:1.522, ploss:0.000,palign:0.000,total_loss:8.214,fceloss:0.0000
2026-06-11 14:52:47,293 transreid.image_train INFO: Epoch 70 done. Time per batch: 28.037[s] Speed: 1.1[samples/s]
2026-06-11 14:53:01,598 transreid.image_train INFO: Validation Results - Epoch: 70
2026-06-11 14:53:01,598 transreid.image_train INFO: mAP: 63.0%
2026-06-11 14:53:01,598 transreid.image_train INFO: CMC curve, Rank-1  :71.4%
2026-06-11 14:53:01,598 transreid.image_train INFO: CMC curve, Rank-5  :77.2%
2026-06-11 14:53:01,599 transreid.image_train INFO: CMC curve, Rank-10 :79.4%
2026-06-11 14:53:01,599 transreid.image_train INFO: Best mAP: 63.3%
2026-06-11 14:53:01,599 transreid.image_train INFO: Best Rank-1: 71.0%
2026-06-11 14:53:01,599 transreid.image_train INFO: Best Rank-5: 76.9%
2026-06-11 14:53:01,599 transreid.image_train INFO: Best Rank-10: 79.5%
2026-06-11 14:53:08,116 transreid.image_train INFO: Epoch[71] Iteration[20/111] Loss: 8.723, Acc: 0.988,Acc1: 0.955,Acc2: 0.950, Base Lr: 4.34e-03,biloss:0.001,icloss:0.433,loss1:1.544, loss2:5.188, loss3:1.778, ploss:0.000,palign:0.000,total_loss:8.944,fceloss:0.0000
2026-06-11 14:53:13,318 transreid.image_train INFO: Epoch[71] Iteration[40/111] Loss: 8.591, Acc: 0.982,Acc1: 0.960,Acc2: 0.950, Base Lr: 4.34e-03,biloss:0.001,icloss:0.491,loss1:1.313, loss2:4.896, loss3:1.500, ploss:0.000,palign:0.000,total_loss:8.201,fceloss:0.0000
2026-06-11 14:53:18,504 transreid.image_train INFO: Epoch[71] Iteration[60/111] Loss: 8.508, Acc: 0.985,Acc1: 0.961,Acc2: 0.950, Base Lr: 4.34e-03,biloss:0.001,icloss:0.463,loss1:1.418, loss2:4.955, loss3:1.475, ploss:0.000,palign:0.000,total_loss:8.311,fceloss:0.0000
2026-06-11 14:53:23,693 transreid.image_train INFO: Epoch[71] Iteration[80/111] Loss: 8.474, Acc: 0.980,Acc1: 0.948,Acc2: 0.939, Base Lr: 4.34e-03,biloss:0.001,icloss:0.479,loss1:1.512, loss2:4.988, loss3:1.613, ploss:0.000,palign:0.000,total_loss:8.593,fceloss:0.0000
2026-06-11 14:53:28,865 transreid.image_train INFO: Epoch[71] Iteration[100/111] Loss: 8.386, Acc: 0.979,Acc1: 0.948,Acc2: 0.934, Base Lr: 4.34e-03,biloss:0.001,icloss:0.533,loss1:1.181, loss2:4.608, loss3:1.260, ploss:0.000,palign:0.000,total_loss:7.582,fceloss:0.0000
2026-06-11 14:53:30,643 transreid.image_train INFO: Epoch 71 done. Time per batch: 28.434[s] Speed: 1.1[samples/s]
2026-06-11 14:53:44,847 transreid.image_train INFO: Validation Results - Epoch: 71
2026-06-11 14:53:44,847 transreid.image_train INFO: mAP: 61.9%
2026-06-11 14:53:44,847 transreid.image_train INFO: CMC curve, Rank-1  :69.2%
2026-06-11 14:53:44,847 transreid.image_train INFO: CMC curve, Rank-5  :76.7%
2026-06-11 14:53:44,847 transreid.image_train INFO: CMC curve, Rank-10 :78.8%
2026-06-11 14:53:44,847 transreid.image_train INFO: Best mAP: 63.3%
2026-06-11 14:53:44,847 transreid.image_train INFO: Best Rank-1: 71.0%
2026-06-11 14:53:44,847 transreid.image_train INFO: Best Rank-5: 76.9%
2026-06-11 14:53:44,847 transreid.image_train INFO: Best Rank-10: 79.5%
2026-06-11 14:53:51,227 transreid.image_train INFO: Epoch[72] Iteration[20/111] Loss: 8.693, Acc: 0.975,Acc1: 0.953,Acc2: 0.931, Base Lr: 4.26e-03,biloss:0.001,icloss:0.495,loss1:1.816, loss2:5.206, loss3:2.104, ploss:0.000,palign:0.000,total_loss:9.622,fceloss:0.0000
2026-06-11 14:53:56,410 transreid.image_train INFO: Epoch[72] Iteration[40/111] Loss: 8.575, Acc: 0.982,Acc1: 0.945,Acc2: 0.933, Base Lr: 4.26e-03,biloss:0.001,icloss:0.499,loss1:1.304, loss2:4.870, loss3:1.455, ploss:0.000,palign:0.000,total_loss:8.128,fceloss:0.0000
2026-06-11 14:54:01,606 transreid.image_train INFO: Epoch[72] Iteration[60/111] Loss: 8.498, Acc: 0.981,Acc1: 0.944,Acc2: 0.936, Base Lr: 4.26e-03,biloss:0.001,icloss:0.513,loss1:1.440, loss2:5.010, loss3:1.803, ploss:0.000,palign:0.000,total_loss:8.767,fceloss:0.0000
2026-06-11 14:54:06,792 transreid.image_train INFO: Epoch[72] Iteration[80/111] Loss: 8.409, Acc: 0.984,Acc1: 0.951,Acc2: 0.941, Base Lr: 4.26e-03,biloss:0.001,icloss:0.495,loss1:1.153, loss2:4.734, loss3:1.221, ploss:0.000,palign:0.000,total_loss:7.604,fceloss:0.0000
2026-06-11 14:54:11,969 transreid.image_train INFO: Epoch[72] Iteration[100/111] Loss: 8.316, Acc: 0.982,Acc1: 0.952,Acc2: 0.937, Base Lr: 4.26e-03,biloss:0.001,icloss:0.510,loss1:1.292, loss2:4.687, loss3:1.297, ploss:0.000,palign:0.000,total_loss:7.787,fceloss:0.0000
2026-06-11 14:54:13,830 transreid.image_train INFO: Epoch 72 done. Time per batch: 28.831[s] Speed: 1.1[samples/s]
2026-06-11 14:54:28,244 transreid.image_train INFO: Validation Results - Epoch: 72
2026-06-11 14:54:28,244 transreid.image_train INFO: mAP: 62.7%
2026-06-11 14:54:28,244 transreid.image_train INFO: CMC curve, Rank-1  :71.2%
2026-06-11 14:54:28,244 transreid.image_train INFO: CMC curve, Rank-5  :76.7%
2026-06-11 14:54:28,244 transreid.image_train INFO: CMC curve, Rank-10 :79.4%
2026-06-11 14:54:28,244 transreid.image_train INFO: Best mAP: 63.3%
2026-06-11 14:54:28,244 transreid.image_train INFO: Best Rank-1: 71.0%
2026-06-11 14:54:28,244 transreid.image_train INFO: Best Rank-5: 76.9%
2026-06-11 14:54:28,244 transreid.image_train INFO: Best Rank-10: 79.5%
2026-06-11 14:54:34,746 transreid.image_train INFO: Epoch[73] Iteration[20/111] Loss: 8.549, Acc: 0.969,Acc1: 0.961,Acc2: 0.923, Base Lr: 4.18e-03,biloss:0.001,icloss:0.467,loss1:1.460, loss2:4.993, loss3:1.461, ploss:0.000,palign:0.000,total_loss:8.381,fceloss:0.0000
2026-06-11 14:54:39,930 transreid.image_train INFO: Epoch[73] Iteration[40/111] Loss: 8.518, Acc: 0.975,Acc1: 0.952,Acc2: 0.928, Base Lr: 4.18e-03,biloss:0.001,icloss:0.465,loss1:1.489, loss2:5.042, loss3:1.573, ploss:0.000,palign:0.000,total_loss:8.570,fceloss:0.0000
2026-06-11 14:54:45,114 transreid.image_train INFO: Epoch[73] Iteration[60/111] Loss: 8.458, Acc: 0.973,Acc1: 0.951,Acc2: 0.930, Base Lr: 4.18e-03,biloss:0.001,icloss:0.453,loss1:1.731, loss2:5.155, loss3:1.866, ploss:0.000,palign:0.000,total_loss:9.205,fceloss:0.0000
2026-06-11 14:54:50,588 transreid.image_train INFO: Epoch[73] Iteration[80/111] Loss: 8.411, Acc: 0.976,Acc1: 0.948,Acc2: 0.928, Base Lr: 4.18e-03,biloss:0.001,icloss:0.471,loss1:1.489, loss2:4.968, loss3:1.594, ploss:0.000,palign:0.000,total_loss:8.521,fceloss:0.0000
2026-06-11 14:54:55,848 transreid.image_train INFO: Epoch[73] Iteration[100/111] Loss: 8.272, Acc: 0.979,Acc1: 0.954,Acc2: 0.935, Base Lr: 4.18e-03,biloss:0.001,icloss:0.516,loss1:1.176, loss2:4.649, loss3:1.253, ploss:0.000,palign:0.000,total_loss:7.595,fceloss:0.0000
2026-06-11 14:54:57,813 transreid.image_train INFO: Epoch 73 done. Time per batch: 29.234[s] Speed: 1.1[samples/s]
2026-06-11 14:55:12,396 transreid.image_train INFO: Validation Results - Epoch: 73
2026-06-11 14:55:12,396 transreid.image_train INFO: mAP: 63.6%
2026-06-11 14:55:12,396 transreid.image_train INFO: CMC curve, Rank-1  :70.8%
2026-06-11 14:55:12,396 transreid.image_train INFO: CMC curve, Rank-5  :77.4%
2026-06-11 14:55:12,396 transreid.image_train INFO: CMC curve, Rank-10 :79.5%
2026-06-11 14:55:14,123 transreid.image_train INFO: Best mAP: 63.6%
2026-06-11 14:55:14,123 transreid.image_train INFO: Best Rank-1: 70.8%
2026-06-11 14:55:14,123 transreid.image_train INFO: Best Rank-5: 77.4%
2026-06-11 14:55:14,123 transreid.image_train INFO: Best Rank-10: 79.5%
2026-06-11 14:55:20,319 transreid.image_train INFO: Epoch[74] Iteration[20/111] Loss: 8.454, Acc: 0.991,Acc1: 0.967,Acc2: 0.942, Base Lr: 4.09e-03,biloss:0.001,icloss:0.473,loss1:1.285, loss2:5.078, loss3:1.806, ploss:0.000,palign:0.000,total_loss:8.642,fceloss:0.0000
2026-06-11 14:55:25,509 transreid.image_train INFO: Epoch[74] Iteration[40/111] Loss: 8.362, Acc: 0.991,Acc1: 0.965,Acc2: 0.942, Base Lr: 4.09e-03,biloss:0.001,icloss:0.526,loss1:1.412, loss2:4.868, loss3:1.458, ploss:0.000,palign:0.000,total_loss:8.264,fceloss:0.0000
2026-06-11 14:55:30,697 transreid.image_train INFO: Epoch[74] Iteration[60/111] Loss: 8.375, Acc: 0.987,Acc1: 0.953,Acc2: 0.935, Base Lr: 4.09e-03,biloss:0.001,icloss:0.478,loss1:1.391, loss2:4.908, loss3:1.478, ploss:0.000,palign:0.000,total_loss:8.257,fceloss:0.0000
2026-06-11 14:55:35,884 transreid.image_train INFO: Epoch[74] Iteration[80/111] Loss: 8.304, Acc: 0.986,Acc1: 0.956,Acc2: 0.940, Base Lr: 4.09e-03,biloss:0.001,icloss:0.524,loss1:1.260, loss2:4.741, loss3:1.288, ploss:0.000,palign:0.000,total_loss:7.813,fceloss:0.0000
2026-06-11 14:55:40,702 transreid.image_train INFO: Epoch[74] Iteration[100/111] Loss: 8.200, Acc: 0.986,Acc1: 0.957,Acc2: 0.941, Base Lr: 4.09e-03,biloss:0.001,icloss:0.496,loss1:1.296, loss2:4.794, loss3:1.349, ploss:0.000,palign:0.000,total_loss:7.936,fceloss:0.0000
2026-06-11 14:55:42,583 transreid.image_train INFO: Epoch 74 done. Time per batch: 29.645[s] Speed: 1.1[samples/s]
2026-06-11 14:55:56,644 transreid.image_train INFO: Validation Results - Epoch: 74
2026-06-11 14:55:56,645 transreid.image_train INFO: mAP: 63.3%
2026-06-11 14:55:56,645 transreid.image_train INFO: CMC curve, Rank-1  :71.0%
2026-06-11 14:55:56,645 transreid.image_train INFO: CMC curve, Rank-5  :77.4%
2026-06-11 14:55:56,645 transreid.image_train INFO: CMC curve, Rank-10 :79.5%
2026-06-11 14:55:56,645 transreid.image_train INFO: Best mAP: 63.6%
2026-06-11 14:55:56,645 transreid.image_train INFO: Best Rank-1: 70.8%
2026-06-11 14:55:56,645 transreid.image_train INFO: Best Rank-5: 77.4%
2026-06-11 14:55:56,645 transreid.image_train INFO: Best Rank-10: 79.5%
2026-06-11 14:56:03,439 transreid.image_train INFO: Epoch[75] Iteration[20/111] Loss: 8.454, Acc: 0.972,Acc1: 0.930,Acc2: 0.920, Base Lr: 4.01e-03,biloss:0.001,icloss:0.463,loss1:1.363, loss2:4.940, loss3:1.388, ploss:0.000,palign:0.000,total_loss:8.155,fceloss:0.0000
2026-06-11 14:56:08,623 transreid.image_train INFO: Epoch[75] Iteration[40/111] Loss: 8.394, Acc: 0.973,Acc1: 0.939,Acc2: 0.938, Base Lr: 4.01e-03,biloss:0.001,icloss:0.497,loss1:1.213, loss2:4.783, loss3:1.343, ploss:0.000,palign:0.000,total_loss:7.836,fceloss:0.0000
2026-06-11 14:56:13,806 transreid.image_train INFO: Epoch[75] Iteration[60/111] Loss: 8.314, Acc: 0.982,Acc1: 0.953,Acc2: 0.945, Base Lr: 4.01e-03,biloss:0.001,icloss:0.449,loss1:1.340, loss2:4.969, loss3:1.325, ploss:0.000,palign:0.000,total_loss:8.085,fceloss:0.0000
2026-06-11 14:56:18,989 transreid.image_train INFO: Epoch[75] Iteration[80/111] Loss: 8.220, Acc: 0.983,Acc1: 0.955,Acc2: 0.942, Base Lr: 4.01e-03,biloss:0.001,icloss:0.522,loss1:1.212, loss2:4.744, loss3:1.272, ploss:0.000,palign:0.000,total_loss:7.751,fceloss:0.0000
2026-06-11 14:56:23,509 transreid.image_train INFO: Epoch[75] Iteration[100/111] Loss: 8.156, Acc: 0.983,Acc1: 0.955,Acc2: 0.938, Base Lr: 4.01e-03,biloss:0.001,icloss:0.527,loss1:1.084, loss2:4.537, loss3:1.177, ploss:0.000,palign:0.000,total_loss:7.325,fceloss:0.0000
2026-06-11 14:56:25,832 transreid.image_train INFO: Epoch 75 done. Time per batch: 30.042[s] Speed: 1.1[samples/s]
2026-06-11 14:56:39,372 transreid.image_train INFO: Validation Results - Epoch: 75
2026-06-11 14:56:39,372 transreid.image_train INFO: mAP: 62.8%
2026-06-11 14:56:39,372 transreid.image_train INFO: CMC curve, Rank-1  :71.0%
2026-06-11 14:56:39,372 transreid.image_train INFO: CMC curve, Rank-5  :76.7%
2026-06-11 14:56:39,372 transreid.image_train INFO: CMC curve, Rank-10 :79.4%
2026-06-11 14:56:39,372 transreid.image_train INFO: Best mAP: 63.6%
2026-06-11 14:56:39,372 transreid.image_train INFO: Best Rank-1: 70.8%
2026-06-11 14:56:39,372 transreid.image_train INFO: Best Rank-5: 77.4%
2026-06-11 14:56:39,372 transreid.image_train INFO: Best Rank-10: 79.5%
2026-06-11 14:56:45,688 transreid.image_train INFO: Epoch[76] Iteration[20/111] Loss: 8.450, Acc: 0.967,Acc1: 0.953,Acc2: 0.941, Base Lr: 3.92e-03,biloss:0.001,icloss:0.501,loss1:1.331, loss2:4.894, loss3:1.374, ploss:0.000,palign:0.000,total_loss:8.101,fceloss:0.0000
2026-06-11 14:56:50,873 transreid.image_train INFO: Epoch[76] Iteration[40/111] Loss: 8.354, Acc: 0.982,Acc1: 0.964,Acc2: 0.948, Base Lr: 3.92e-03,biloss:0.001,icloss:0.474,loss1:1.345, loss2:4.925, loss3:1.396, ploss:0.000,palign:0.000,total_loss:8.140,fceloss:0.0000
2026-06-11 14:56:56,058 transreid.image_train INFO: Epoch[76] Iteration[60/111] Loss: 8.246, Acc: 0.984,Acc1: 0.967,Acc2: 0.949, Base Lr: 3.92e-03,biloss:0.001,icloss:0.480,loss1:1.419, loss2:5.003, loss3:1.562, ploss:0.000,palign:0.000,total_loss:8.464,fceloss:0.0000
2026-06-11 14:57:01,240 transreid.image_train INFO: Epoch[76] Iteration[80/111] Loss: 8.200, Acc: 0.986,Acc1: 0.966,Acc2: 0.950, Base Lr: 3.92e-03,biloss:0.001,icloss:0.515,loss1:1.119, loss2:4.659, loss3:1.154, ploss:0.000,palign:0.000,total_loss:7.448,fceloss:0.0000
2026-06-11 14:57:05,866 transreid.image_train INFO: Epoch[76] Iteration[100/111] Loss: 8.125, Acc: 0.983,Acc1: 0.957,Acc2: 0.942, Base Lr: 3.92e-03,biloss:0.001,icloss:0.592,loss1:1.140, loss2:4.569, loss3:1.354, ploss:0.000,palign:0.000,total_loss:7.656,fceloss:0.0000
2026-06-11 14:57:08,019 transreid.image_train INFO: Epoch 76 done. Time per batch: 30.429[s] Speed: 1.1[samples/s]
2026-06-11 14:57:21,690 transreid.image_train INFO: Validation Results - Epoch: 76
2026-06-11 14:57:21,690 transreid.image_train INFO: mAP: 62.6%
2026-06-11 14:57:21,690 transreid.image_train INFO: CMC curve, Rank-1  :69.8%
2026-06-11 14:57:21,690 transreid.image_train INFO: CMC curve, Rank-5  :76.9%
2026-06-11 14:57:21,690 transreid.image_train INFO: CMC curve, Rank-10 :79.4%
2026-06-11 14:57:21,690 transreid.image_train INFO: Best mAP: 63.6%
2026-06-11 14:57:21,690 transreid.image_train INFO: Best Rank-1: 70.8%
2026-06-11 14:57:21,690 transreid.image_train INFO: Best Rank-5: 77.4%
2026-06-11 14:57:21,690 transreid.image_train INFO: Best Rank-10: 79.5%
2026-06-11 14:57:28,122 transreid.image_train INFO: Epoch[77] Iteration[20/111] Loss: 8.259, Acc: 0.984,Acc1: 0.964,Acc2: 0.956, Base Lr: 3.84e-03,biloss:0.001,icloss:0.471,loss1:1.456, loss2:4.920, loss3:1.533, ploss:0.000,palign:0.000,total_loss:8.381,fceloss:0.0000
2026-06-11 14:57:33,310 transreid.image_train INFO: Epoch[77] Iteration[40/111] Loss: 8.272, Acc: 0.981,Acc1: 0.961,Acc2: 0.949, Base Lr: 3.84e-03,biloss:0.001,icloss:0.508,loss1:1.279, loss2:4.830, loss3:1.431, ploss:0.000,palign:0.000,total_loss:8.049,fceloss:0.0000
2026-06-11 14:57:38,496 transreid.image_train INFO: Epoch[77] Iteration[60/111] Loss: 8.206, Acc: 0.982,Acc1: 0.962,Acc2: 0.947, Base Lr: 3.84e-03,biloss:0.001,icloss:0.520,loss1:1.241, loss2:4.829, loss3:1.495, ploss:0.000,palign:0.000,total_loss:8.086,fceloss:0.0000
2026-06-11 14:57:43,681 transreid.image_train INFO: Epoch[77] Iteration[80/111] Loss: 8.128, Acc: 0.984,Acc1: 0.966,Acc2: 0.950, Base Lr: 3.84e-03,biloss:0.001,icloss:0.519,loss1:1.173, loss2:4.775, loss3:1.342, ploss:0.000,palign:0.000,total_loss:7.810,fceloss:0.0000
2026-06-11 14:57:48,398 transreid.image_train INFO: Epoch[77] Iteration[100/111] Loss: 8.059, Acc: 0.986,Acc1: 0.965,Acc2: 0.944, Base Lr: 3.84e-03,biloss:0.001,icloss:0.530,loss1:1.237, loss2:4.704, loss3:1.274, ploss:0.000,palign:0.000,total_loss:7.746,fceloss:0.0000
2026-06-11 14:57:50,417 transreid.image_train INFO: Epoch 77 done. Time per batch: 30.818[s] Speed: 1.0[samples/s]
2026-06-11 14:58:04,234 transreid.image_train INFO: Validation Results - Epoch: 77
2026-06-11 14:58:04,234 transreid.image_train INFO: mAP: 63.0%
2026-06-11 14:58:04,234 transreid.image_train INFO: CMC curve, Rank-1  :70.6%
2026-06-11 14:58:04,234 transreid.image_train INFO: CMC curve, Rank-5  :77.2%
2026-06-11 14:58:04,234 transreid.image_train INFO: CMC curve, Rank-10 :79.2%
2026-06-11 14:58:04,234 transreid.image_train INFO: Best mAP: 63.6%
2026-06-11 14:58:04,234 transreid.image_train INFO: Best Rank-1: 70.8%
2026-06-11 14:58:04,234 transreid.image_train INFO: Best Rank-5: 77.4%
2026-06-11 14:58:04,235 transreid.image_train INFO: Best Rank-10: 79.5%
2026-06-11 14:58:10,741 transreid.image_train INFO: Epoch[78] Iteration[20/111] Loss: 8.402, Acc: 0.972,Acc1: 0.933,Acc2: 0.916, Base Lr: 3.76e-03,biloss:0.001,icloss:0.506,loss1:1.259, loss2:4.832, loss3:1.352, ploss:0.000,palign:0.000,total_loss:7.950,fceloss:0.0000
2026-06-11 14:58:15,920 transreid.image_train INFO: Epoch[78] Iteration[40/111] Loss: 8.218, Acc: 0.981,Acc1: 0.955,Acc2: 0.938, Base Lr: 3.76e-03,biloss:0.001,icloss:0.502,loss1:1.445, loss2:4.965, loss3:1.626, ploss:0.000,palign:0.000,total_loss:8.538,fceloss:0.0000
2026-06-11 14:58:21,103 transreid.image_train INFO: Epoch[78] Iteration[60/111] Loss: 8.170, Acc: 0.983,Acc1: 0.961,Acc2: 0.944, Base Lr: 3.76e-03,biloss:0.001,icloss:0.493,loss1:1.245, loss2:4.828, loss3:1.271, ploss:0.000,palign:0.000,total_loss:7.839,fceloss:0.0000
2026-06-11 14:58:26,295 transreid.image_train INFO: Epoch[78] Iteration[80/111] Loss: 8.099, Acc: 0.985,Acc1: 0.964,Acc2: 0.945, Base Lr: 3.76e-03,biloss:0.001,icloss:0.486,loss1:1.282, loss2:4.871, loss3:1.301, ploss:0.000,palign:0.000,total_loss:7.939,fceloss:0.0000
2026-06-11 14:58:31,116 transreid.image_train INFO: Epoch[78] Iteration[100/111] Loss: 8.017, Acc: 0.985,Acc1: 0.963,Acc2: 0.943, Base Lr: 3.76e-03,biloss:0.001,icloss:0.573,loss1:1.058, loss2:4.432, loss3:1.086, ploss:0.000,palign:0.000,total_loss:7.150,fceloss:0.0000
2026-06-11 14:58:32,644 transreid.image_train INFO: Epoch 78 done. Time per batch: 31.494[s] Speed: 1.0[samples/s]
2026-06-11 14:58:46,385 transreid.image_train INFO: Validation Results - Epoch: 78
2026-06-11 14:58:46,386 transreid.image_train INFO: mAP: 62.1%
2026-06-11 14:58:46,386 transreid.image_train INFO: CMC curve, Rank-1  :69.0%
2026-06-11 14:58:46,386 transreid.image_train INFO: CMC curve, Rank-5  :77.0%
2026-06-11 14:58:46,386 transreid.image_train INFO: CMC curve, Rank-10 :79.4%
2026-06-11 14:58:46,386 transreid.image_train INFO: Best mAP: 63.6%
2026-06-11 14:58:46,386 transreid.image_train INFO: Best Rank-1: 70.8%
2026-06-11 14:58:46,386 transreid.image_train INFO: Best Rank-5: 77.4%
2026-06-11 14:58:46,386 transreid.image_train INFO: Best Rank-10: 79.5%
2026-06-11 14:58:52,731 transreid.image_train INFO: Epoch[79] Iteration[20/111] Loss: 8.327, Acc: 0.973,Acc1: 0.952,Acc2: 0.950, Base Lr: 3.67e-03,biloss:0.001,icloss:0.468,loss1:1.381, loss2:5.012, loss3:1.482, ploss:0.000,palign:0.000,total_loss:8.343,fceloss:0.0000
2026-06-11 14:58:57,917 transreid.image_train INFO: Epoch[79] Iteration[40/111] Loss: 8.254, Acc: 0.982,Acc1: 0.953,Acc2: 0.938, Base Lr: 3.67e-03,biloss:0.001,icloss:0.483,loss1:1.383, loss2:4.966, loss3:1.417, ploss:0.000,palign:0.000,total_loss:8.250,fceloss:0.0000
2026-06-11 14:59:03,102 transreid.image_train INFO: Epoch[79] Iteration[60/111] Loss: 8.141, Acc: 0.981,Acc1: 0.959,Acc2: 0.946, Base Lr: 3.67e-03,biloss:0.001,icloss:0.491,loss1:1.232, loss2:4.825, loss3:1.285, ploss:0.000,palign:0.000,total_loss:7.833,fceloss:0.0000
2026-06-11 14:59:08,376 transreid.image_train INFO: Epoch[79] Iteration[80/111] Loss: 8.081, Acc: 0.982,Acc1: 0.955,Acc2: 0.941, Base Lr: 3.67e-03,biloss:0.001,icloss:0.510,loss1:1.065, loss2:4.609, loss3:1.093, ploss:0.000,palign:0.000,total_loss:7.277,fceloss:0.0000
2026-06-11 14:59:13,504 transreid.image_train INFO: Epoch[79] Iteration[100/111] Loss: 7.991, Acc: 0.983,Acc1: 0.959,Acc2: 0.945, Base Lr: 3.67e-03,biloss:0.001,icloss:0.550,loss1:1.083, loss2:4.487, loss3:1.095, ploss:0.000,palign:0.000,total_loss:7.216,fceloss:0.0000
2026-06-11 14:59:15,007 transreid.image_train INFO: Epoch 79 done. Time per batch: 31.594[s] Speed: 1.0[samples/s]
2026-06-11 14:59:28,961 transreid.image_train INFO: Validation Results - Epoch: 79
2026-06-11 14:59:28,961 transreid.image_train INFO: mAP: 62.9%
2026-06-11 14:59:28,961 transreid.image_train INFO: CMC curve, Rank-1  :70.3%
2026-06-11 14:59:28,961 transreid.image_train INFO: CMC curve, Rank-5  :76.7%
2026-06-11 14:59:28,962 transreid.image_train INFO: CMC curve, Rank-10 :79.5%
2026-06-11 14:59:28,962 transreid.image_train INFO: Best mAP: 63.6%
2026-06-11 14:59:28,962 transreid.image_train INFO: Best Rank-1: 70.8%
2026-06-11 14:59:28,962 transreid.image_train INFO: Best Rank-5: 77.4%
2026-06-11 14:59:28,962 transreid.image_train INFO: Best Rank-10: 79.5%
2026-06-11 14:59:35,291 transreid.image_train INFO: Epoch[80] Iteration[20/111] Loss: 8.146, Acc: 0.998,Acc1: 0.983,Acc2: 0.953, Base Lr: 3.59e-03,biloss:0.001,icloss:0.452,loss1:1.360, loss2:5.027, loss3:1.409, ploss:0.000,palign:0.000,total_loss:8.249,fceloss:0.0000
2026-06-11 14:59:40,478 transreid.image_train INFO: Epoch[80] Iteration[40/111] Loss: 8.068, Acc: 0.993,Acc1: 0.976,Acc2: 0.955, Base Lr: 3.59e-03,biloss:0.001,icloss:0.521,loss1:1.333, loss2:4.839, loss3:1.378, ploss:0.000,palign:0.000,total_loss:8.071,fceloss:0.0000
2026-06-11 14:59:45,674 transreid.image_train INFO: Epoch[80] Iteration[60/111] Loss: 8.048, Acc: 0.992,Acc1: 0.972,Acc2: 0.952, Base Lr: 3.59e-03,biloss:0.001,icloss:0.509,loss1:1.177, loss2:4.738, loss3:1.210, ploss:0.000,palign:0.000,total_loss:7.635,fceloss:0.0000
2026-06-11 14:59:50,865 transreid.image_train INFO: Epoch[80] Iteration[80/111] Loss: 8.005, Acc: 0.990,Acc1: 0.972,Acc2: 0.950, Base Lr: 3.59e-03,biloss:0.001,icloss:0.502,loss1:1.189, loss2:4.812, loss3:1.284, ploss:0.000,palign:0.000,total_loss:7.787,fceloss:0.0000
2026-06-11 14:59:56,038 transreid.image_train INFO: Epoch[80] Iteration[100/111] Loss: 7.938, Acc: 0.987,Acc1: 0.966,Acc2: 0.947, Base Lr: 3.59e-03,biloss:0.001,icloss:0.514,loss1:1.132, loss2:4.763, loss3:1.344, ploss:0.000,palign:0.000,total_loss:7.754,fceloss:0.0000
2026-06-11 14:59:57,620 transreid.image_train INFO: Epoch 80 done. Time per batch: 31.985[s] Speed: 1.0[samples/s]
2026-06-11 15:00:11,697 transreid.image_train INFO: Validation Results - Epoch: 80
2026-06-11 15:00:11,698 transreid.image_train INFO: mAP: 62.9%
2026-06-11 15:00:11,698 transreid.image_train INFO: CMC curve, Rank-1  :71.4%
2026-06-11 15:00:11,698 transreid.image_train INFO: CMC curve, Rank-5  :76.9%
2026-06-11 15:00:11,698 transreid.image_train INFO: CMC curve, Rank-10 :79.2%
2026-06-11 15:00:11,698 transreid.image_train INFO: Best mAP: 63.6%
2026-06-11 15:00:11,698 transreid.image_train INFO: Best Rank-1: 70.8%
2026-06-11 15:00:11,698 transreid.image_train INFO: Best Rank-5: 77.4%
2026-06-11 15:00:11,698 transreid.image_train INFO: Best Rank-10: 79.5%
2026-06-11 15:00:18,042 transreid.image_train INFO: Epoch[81] Iteration[20/111] Loss: 8.114, Acc: 0.980,Acc1: 0.953,Acc2: 0.950, Base Lr: 3.51e-03,biloss:0.001,icloss:0.495,loss1:1.262, loss2:4.880, loss3:1.406, ploss:0.000,palign:0.000,total_loss:8.043,fceloss:0.0000
2026-06-11 15:00:23,221 transreid.image_train INFO: Epoch[81] Iteration[40/111] Loss: 8.043, Acc: 0.988,Acc1: 0.973,Acc2: 0.966, Base Lr: 3.51e-03,biloss:0.001,icloss:0.476,loss1:1.198, loss2:4.799, loss3:1.230, ploss:0.000,palign:0.000,total_loss:7.702,fceloss:0.0000
2026-06-11 15:00:28,409 transreid.image_train INFO: Epoch[81] Iteration[60/111] Loss: 7.990, Acc: 0.989,Acc1: 0.974,Acc2: 0.963, Base Lr: 3.51e-03,biloss:0.001,icloss:0.501,loss1:1.233, loss2:4.840, loss3:1.327, ploss:0.000,palign:0.000,total_loss:7.902,fceloss:0.0000
2026-06-11 15:00:33,597 transreid.image_train INFO: Epoch[81] Iteration[80/111] Loss: 7.945, Acc: 0.985,Acc1: 0.971,Acc2: 0.956, Base Lr: 3.51e-03,biloss:0.001,icloss:0.525,loss1:1.350, loss2:4.846, loss3:1.382, ploss:0.000,palign:0.000,total_loss:8.104,fceloss:0.0000
2026-06-11 15:00:38,769 transreid.image_train INFO: Epoch[81] Iteration[100/111] Loss: 7.898, Acc: 0.986,Acc1: 0.966,Acc2: 0.951, Base Lr: 3.51e-03,biloss:0.001,icloss:0.505,loss1:1.119, loss2:4.727, loss3:1.286, ploss:0.000,palign:0.000,total_loss:7.638,fceloss:0.0000
2026-06-11 15:00:40,546 transreid.image_train INFO: Epoch 81 done. Time per batch: 32.378[s] Speed: 1.0[samples/s]
2026-06-11 15:00:54,802 transreid.image_train INFO: Validation Results - Epoch: 81
2026-06-11 15:00:54,802 transreid.image_train INFO: mAP: 62.6%
2026-06-11 15:00:54,802 transreid.image_train INFO: CMC curve, Rank-1  :70.8%
2026-06-11 15:00:54,802 transreid.image_train INFO: CMC curve, Rank-5  :76.0%
2026-06-11 15:00:54,802 transreid.image_train INFO: CMC curve, Rank-10 :79.4%
2026-06-11 15:00:54,802 transreid.image_train INFO: Best mAP: 63.6%
2026-06-11 15:00:54,802 transreid.image_train INFO: Best Rank-1: 70.8%
2026-06-11 15:00:54,802 transreid.image_train INFO: Best Rank-5: 77.4%
2026-06-11 15:00:54,802 transreid.image_train INFO: Best Rank-10: 79.5%
2026-06-11 15:01:01,185 transreid.image_train INFO: Epoch[82] Iteration[20/111] Loss: 8.078, Acc: 0.988,Acc1: 0.958,Acc2: 0.941, Base Lr: 3.42e-03,biloss:0.001,icloss:0.566,loss1:1.263, loss2:4.862, loss3:1.862, ploss:0.000,palign:0.000,total_loss:8.553,fceloss:0.0000
2026-06-11 15:01:06,370 transreid.image_train INFO: Epoch[82] Iteration[40/111] Loss: 8.034, Acc: 0.993,Acc1: 0.970,Acc2: 0.951, Base Lr: 3.42e-03,biloss:0.001,icloss:0.468,loss1:1.324, loss2:5.018, loss3:1.494, ploss:0.000,palign:0.000,total_loss:8.305,fceloss:0.0000
2026-06-11 15:01:11,554 transreid.image_train INFO: Epoch[82] Iteration[60/111] Loss: 8.005, Acc: 0.991,Acc1: 0.969,Acc2: 0.956, Base Lr: 3.42e-03,biloss:0.001,icloss:0.528,loss1:1.257, loss2:4.781, loss3:1.261, ploss:0.000,palign:0.000,total_loss:7.827,fceloss:0.0000
2026-06-11 15:01:16,738 transreid.image_train INFO: Epoch[82] Iteration[80/111] Loss: 7.952, Acc: 0.988,Acc1: 0.962,Acc2: 0.952, Base Lr: 3.42e-03,biloss:0.001,icloss:0.503,loss1:1.165, loss2:4.798, loss3:1.224, ploss:0.000,palign:0.000,total_loss:7.691,fceloss:0.0000
2026-06-11 15:01:21,910 transreid.image_train INFO: Epoch[82] Iteration[100/111] Loss: 7.874, Acc: 0.989,Acc1: 0.965,Acc2: 0.950, Base Lr: 3.42e-03,biloss:0.001,icloss:0.498,loss1:1.170, loss2:4.783, loss3:1.221, ploss:0.000,palign:0.000,total_loss:7.673,fceloss:0.0000
2026-06-11 15:01:23,569 transreid.image_train INFO: Epoch 82 done. Time per batch: 32.773[s] Speed: 1.0[samples/s]
2026-06-11 15:01:37,883 transreid.image_train INFO: Validation Results - Epoch: 82
2026-06-11 15:01:37,883 transreid.image_train INFO: mAP: 62.9%
2026-06-11 15:01:37,883 transreid.image_train INFO: CMC curve, Rank-1  :70.8%
2026-06-11 15:01:37,883 transreid.image_train INFO: CMC curve, Rank-5  :76.9%
2026-06-11 15:01:37,883 transreid.image_train INFO: CMC curve, Rank-10 :79.5%
2026-06-11 15:01:37,883 transreid.image_train INFO: Best mAP: 63.6%
2026-06-11 15:01:37,883 transreid.image_train INFO: Best Rank-1: 70.8%
2026-06-11 15:01:37,883 transreid.image_train INFO: Best Rank-5: 77.4%
2026-06-11 15:01:37,884 transreid.image_train INFO: Best Rank-10: 79.5%
2026-06-11 15:01:44,377 transreid.image_train INFO: Epoch[83] Iteration[20/111] Loss: 7.962, Acc: 0.989,Acc1: 0.963,Acc2: 0.961, Base Lr: 3.34e-03,biloss:0.001,icloss:0.488,loss1:1.347, loss2:4.946, loss3:1.400, ploss:0.000,palign:0.000,total_loss:8.182,fceloss:0.0000
2026-06-11 15:01:49,558 transreid.image_train INFO: Epoch[83] Iteration[40/111] Loss: 7.988, Acc: 0.989,Acc1: 0.963,Acc2: 0.956, Base Lr: 3.34e-03,biloss:0.001,icloss:0.489,loss1:1.404, loss2:4.922, loss3:1.394, ploss:0.000,palign:0.000,total_loss:8.210,fceloss:0.0000
2026-06-11 15:01:54,742 transreid.image_train INFO: Epoch[83] Iteration[60/111] Loss: 7.956, Acc: 0.992,Acc1: 0.967,Acc2: 0.957, Base Lr: 3.34e-03,biloss:0.001,icloss:0.541,loss1:1.120, loss2:4.568, loss3:1.140, ploss:0.000,palign:0.000,total_loss:7.370,fceloss:0.0000
2026-06-11 15:01:59,925 transreid.image_train INFO: Epoch[83] Iteration[80/111] Loss: 7.915, Acc: 0.990,Acc1: 0.967,Acc2: 0.955, Base Lr: 3.34e-03,biloss:0.001,icloss:0.460,loss1:1.244, loss2:4.932, loss3:1.291, ploss:0.000,palign:0.000,total_loss:7.927,fceloss:0.0000
2026-06-11 15:02:05,095 transreid.image_train INFO: Epoch[83] Iteration[100/111] Loss: 7.849, Acc: 0.990,Acc1: 0.970,Acc2: 0.951, Base Lr: 3.34e-03,biloss:0.001,icloss:0.545,loss1:1.061, loss2:4.584, loss3:1.285, ploss:0.000,palign:0.000,total_loss:7.476,fceloss:0.0000
2026-06-11 15:02:06,675 transreid.image_train INFO: Epoch 83 done. Time per batch: 33.169[s] Speed: 1.0[samples/s]
2026-06-11 15:02:20,671 transreid.image_train INFO: Validation Results - Epoch: 83
2026-06-11 15:02:20,671 transreid.image_train INFO: mAP: 62.8%
2026-06-11 15:02:20,671 transreid.image_train INFO: CMC curve, Rank-1  :70.5%
2026-06-11 15:02:20,671 transreid.image_train INFO: CMC curve, Rank-5  :76.7%
2026-06-11 15:02:20,671 transreid.image_train INFO: CMC curve, Rank-10 :79.5%
2026-06-11 15:02:20,671 transreid.image_train INFO: Best mAP: 63.6%
2026-06-11 15:02:20,671 transreid.image_train INFO: Best Rank-1: 70.8%
2026-06-11 15:02:20,671 transreid.image_train INFO: Best Rank-5: 77.4%
2026-06-11 15:02:20,671 transreid.image_train INFO: Best Rank-10: 79.5%
2026-06-11 15:02:27,178 transreid.image_train INFO: Epoch[84] Iteration[20/111] Loss: 7.926, Acc: 0.983,Acc1: 0.975,Acc2: 0.972, Base Lr: 3.26e-03,biloss:0.001,icloss:0.485,loss1:1.274, loss2:4.831, loss3:1.302, ploss:0.000,palign:0.000,total_loss:7.893,fceloss:0.0000
2026-06-11 15:02:32,367 transreid.image_train INFO: Epoch[84] Iteration[40/111] Loss: 7.956, Acc: 0.986,Acc1: 0.973,Acc2: 0.961, Base Lr: 3.26e-03,biloss:0.001,icloss:0.471,loss1:1.326, loss2:4.965, loss3:1.391, ploss:0.000,palign:0.000,total_loss:8.154,fceloss:0.0000
2026-06-11 15:02:37,564 transreid.image_train INFO: Epoch[84] Iteration[60/111] Loss: 7.910, Acc: 0.990,Acc1: 0.971,Acc2: 0.959, Base Lr: 3.26e-03,biloss:0.001,icloss:0.506,loss1:1.139, loss2:4.719, loss3:1.172, ploss:0.000,palign:0.000,total_loss:7.536,fceloss:0.0000
2026-06-11 15:02:42,760 transreid.image_train INFO: Epoch[84] Iteration[80/111] Loss: 7.855, Acc: 0.991,Acc1: 0.971,Acc2: 0.958, Base Lr: 3.26e-03,biloss:0.001,icloss:0.490,loss1:1.350, loss2:4.939, loss3:1.439, ploss:0.000,palign:0.000,total_loss:8.219,fceloss:0.0000
2026-06-11 15:02:47,893 transreid.image_train INFO: Epoch[84] Iteration[100/111] Loss: 7.807, Acc: 0.988,Acc1: 0.966,Acc2: 0.949, Base Lr: 3.26e-03,biloss:0.001,icloss:0.552,loss1:1.079, loss2:4.649, loss3:1.372, ploss:0.000,palign:0.000,total_loss:7.652,fceloss:0.0000
2026-06-11 15:02:49,394 transreid.image_train INFO: Epoch 84 done. Time per batch: 33.561[s] Speed: 1.0[samples/s]
2026-06-11 15:03:03,243 transreid.image_train INFO: Validation Results - Epoch: 84
2026-06-11 15:03:03,244 transreid.image_train INFO: mAP: 63.2%
2026-06-11 15:03:03,244 transreid.image_train INFO: CMC curve, Rank-1  :70.8%
2026-06-11 15:03:03,244 transreid.image_train INFO: CMC curve, Rank-5  :76.5%
2026-06-11 15:03:03,244 transreid.image_train INFO: CMC curve, Rank-10 :78.8%
2026-06-11 15:03:03,244 transreid.image_train INFO: Best mAP: 63.6%
2026-06-11 15:03:03,244 transreid.image_train INFO: Best Rank-1: 70.8%
2026-06-11 15:03:03,244 transreid.image_train INFO: Best Rank-5: 77.4%
2026-06-11 15:03:03,244 transreid.image_train INFO: Best Rank-10: 79.5%
2026-06-11 15:03:09,676 transreid.image_train INFO: Epoch[85] Iteration[20/111] Loss: 7.966, Acc: 0.988,Acc1: 0.972,Acc2: 0.955, Base Lr: 3.18e-03,biloss:0.001,icloss:0.526,loss1:1.232, loss2:4.801, loss3:1.401, ploss:0.000,palign:0.000,total_loss:7.960,fceloss:0.0000
2026-06-11 15:03:14,859 transreid.image_train INFO: Epoch[85] Iteration[40/111] Loss: 7.959, Acc: 0.990,Acc1: 0.966,Acc2: 0.957, Base Lr: 3.18e-03,biloss:0.001,icloss:0.497,loss1:1.241, loss2:4.856, loss3:1.308, ploss:0.000,palign:0.000,total_loss:7.903,fceloss:0.0000
2026-06-11 15:03:20,044 transreid.image_train INFO: Epoch[85] Iteration[60/111] Loss: 7.906, Acc: 0.991,Acc1: 0.966,Acc2: 0.956, Base Lr: 3.18e-03,biloss:0.001,icloss:0.521,loss1:1.136, loss2:4.676, loss3:1.204, ploss:0.000,palign:0.000,total_loss:7.539,fceloss:0.0000
2026-06-11 15:03:25,367 transreid.image_train INFO: Epoch[85] Iteration[80/111] Loss: 7.863, Acc: 0.990,Acc1: 0.968,Acc2: 0.957, Base Lr: 3.18e-03,biloss:0.001,icloss:0.536,loss1:1.098, loss2:4.588, loss3:1.135, ploss:0.000,palign:0.000,total_loss:7.358,fceloss:0.0000
2026-06-11 15:03:30,534 transreid.image_train INFO: Epoch[85] Iteration[100/111] Loss: 7.794, Acc: 0.989,Acc1: 0.972,Acc2: 0.956, Base Lr: 3.18e-03,biloss:0.001,icloss:0.575,loss1:1.063, loss2:4.658, loss3:1.626, ploss:0.000,palign:0.000,total_loss:7.922,fceloss:0.0000
2026-06-11 15:03:32,116 transreid.image_train INFO: Epoch 85 done. Time per batch: 33.953[s] Speed: 0.9[samples/s]
2026-06-11 15:03:46,043 transreid.image_train INFO: Validation Results - Epoch: 85
2026-06-11 15:03:46,043 transreid.image_train INFO: mAP: 63.4%
2026-06-11 15:03:46,043 transreid.image_train INFO: CMC curve, Rank-1  :71.4%
2026-06-11 15:03:46,043 transreid.image_train INFO: CMC curve, Rank-5  :76.9%
2026-06-11 15:03:46,043 transreid.image_train INFO: CMC curve, Rank-10 :79.5%
2026-06-11 15:03:46,043 transreid.image_train INFO: Best mAP: 63.6%
2026-06-11 15:03:46,043 transreid.image_train INFO: Best Rank-1: 70.8%
2026-06-11 15:03:46,043 transreid.image_train INFO: Best Rank-5: 77.4%
2026-06-11 15:03:46,043 transreid.image_train INFO: Best Rank-10: 79.5%
2026-06-11 15:03:52,278 transreid.image_train INFO: Epoch[86] Iteration[20/111] Loss: 7.901, Acc: 0.986,Acc1: 0.983,Acc2: 0.973, Base Lr: 3.10e-03,biloss:0.001,icloss:0.486,loss1:1.298, loss2:4.936, loss3:1.341, ploss:0.000,palign:0.000,total_loss:8.061,fceloss:0.0000
2026-06-11 15:03:57,467 transreid.image_train INFO: Epoch[86] Iteration[40/111] Loss: 7.912, Acc: 0.985,Acc1: 0.975,Acc2: 0.956, Base Lr: 3.10e-03,biloss:0.000,icloss:0.501,loss1:1.193, loss2:4.736, loss3:1.222, ploss:0.000,palign:0.000,total_loss:7.653,fceloss:0.0000
2026-06-11 15:04:02,653 transreid.image_train INFO: Epoch[86] Iteration[60/111] Loss: 7.867, Acc: 0.985,Acc1: 0.973,Acc2: 0.958, Base Lr: 3.10e-03,biloss:0.001,icloss:0.518,loss1:1.106, loss2:4.650, loss3:1.153, ploss:0.000,palign:0.000,total_loss:7.427,fceloss:0.0000
2026-06-11 15:04:07,839 transreid.image_train INFO: Epoch[86] Iteration[80/111] Loss: 7.817, Acc: 0.987,Acc1: 0.971,Acc2: 0.956, Base Lr: 3.10e-03,biloss:0.001,icloss:0.547,loss1:1.090, loss2:4.544, loss3:1.123, ploss:0.000,palign:0.000,total_loss:7.305,fceloss:0.0000
2026-06-11 15:04:13,019 transreid.image_train INFO: Epoch[86] Iteration[100/111] Loss: 7.760, Acc: 0.989,Acc1: 0.975,Acc2: 0.954, Base Lr: 3.10e-03,biloss:0.001,icloss:0.559,loss1:1.048, loss2:4.378, loss3:1.056, ploss:0.000,palign:0.000,total_loss:7.042,fceloss:0.0000
2026-06-11 15:04:14,863 transreid.image_train INFO: Epoch 86 done. Time per batch: 34.032[s] Speed: 0.9[samples/s]
2026-06-11 15:04:28,957 transreid.image_train INFO: Validation Results - Epoch: 86
2026-06-11 15:04:28,958 transreid.image_train INFO: mAP: 62.9%
2026-06-11 15:04:28,958 transreid.image_train INFO: CMC curve, Rank-1  :69.9%
2026-06-11 15:04:28,958 transreid.image_train INFO: CMC curve, Rank-5  :77.0%
2026-06-11 15:04:28,958 transreid.image_train INFO: CMC curve, Rank-10 :79.5%
2026-06-11 15:04:28,958 transreid.image_train INFO: Best mAP: 63.6%
2026-06-11 15:04:28,958 transreid.image_train INFO: Best Rank-1: 70.8%
2026-06-11 15:04:28,958 transreid.image_train INFO: Best Rank-5: 77.4%
2026-06-11 15:04:28,958 transreid.image_train INFO: Best Rank-10: 79.5%
2026-06-11 15:04:35,370 transreid.image_train INFO: Epoch[87] Iteration[20/111] Loss: 7.802, Acc: 0.991,Acc1: 0.980,Acc2: 0.978, Base Lr: 3.02e-03,biloss:0.001,icloss:0.531,loss1:1.102, loss2:4.571, loss3:1.108, ploss:0.000,palign:0.000,total_loss:7.312,fceloss:0.0000
2026-06-11 15:04:40,568 transreid.image_train INFO: Epoch[87] Iteration[40/111] Loss: 7.853, Acc: 0.989,Acc1: 0.977,Acc2: 0.966, Base Lr: 3.02e-03,biloss:0.001,icloss:0.489,loss1:1.417, loss2:4.974, loss3:1.479, ploss:0.000,palign:0.000,total_loss:8.359,fceloss:0.0000
2026-06-11 15:04:45,758 transreid.image_train INFO: Epoch[87] Iteration[60/111] Loss: 7.821, Acc: 0.991,Acc1: 0.975,Acc2: 0.964, Base Lr: 3.02e-03,biloss:0.001,icloss:0.492,loss1:1.159, loss2:4.785, loss3:1.201, ploss:0.000,palign:0.000,total_loss:7.638,fceloss:0.0000
2026-06-11 15:04:50,945 transreid.image_train INFO: Epoch[87] Iteration[80/111] Loss: 7.796, Acc: 0.990,Acc1: 0.971,Acc2: 0.957, Base Lr: 3.02e-03,biloss:0.001,icloss:0.512,loss1:1.132, loss2:4.695, loss3:1.151, ploss:0.000,palign:0.000,total_loss:7.491,fceloss:0.0000
2026-06-11 15:04:56,121 transreid.image_train INFO: Epoch[87] Iteration[100/111] Loss: 7.745, Acc: 0.990,Acc1: 0.970,Acc2: 0.948, Base Lr: 3.02e-03,biloss:0.001,icloss:0.525,loss1:1.107, loss2:4.747, loss3:1.323, ploss:0.000,palign:0.000,total_loss:7.702,fceloss:0.0000
2026-06-11 15:04:57,789 transreid.image_train INFO: Epoch 87 done. Time per batch: 34.738[s] Speed: 0.9[samples/s]
2026-06-11 15:05:11,755 transreid.image_train INFO: Validation Results - Epoch: 87
2026-06-11 15:05:11,755 transreid.image_train INFO: mAP: 62.7%
2026-06-11 15:05:11,755 transreid.image_train INFO: CMC curve, Rank-1  :70.5%
2026-06-11 15:05:11,755 transreid.image_train INFO: CMC curve, Rank-5  :76.7%
2026-06-11 15:05:11,755 transreid.image_train INFO: CMC curve, Rank-10 :79.2%
2026-06-11 15:05:11,755 transreid.image_train INFO: Best mAP: 63.6%
2026-06-11 15:05:11,755 transreid.image_train INFO: Best Rank-1: 70.8%
2026-06-11 15:05:11,755 transreid.image_train INFO: Best Rank-5: 77.4%
2026-06-11 15:05:11,755 transreid.image_train INFO: Best Rank-10: 79.5%
2026-06-11 15:05:18,182 transreid.image_train INFO: Epoch[88] Iteration[20/111] Loss: 7.789, Acc: 0.988,Acc1: 0.978,Acc2: 0.972, Base Lr: 2.93e-03,biloss:0.000,icloss:0.500,loss1:1.230, loss2:4.847, loss3:1.237, ploss:0.000,palign:0.000,total_loss:7.814,fceloss:0.0000
2026-06-11 15:05:23,363 transreid.image_train INFO: Epoch[88] Iteration[40/111] Loss: 7.808, Acc: 0.986,Acc1: 0.966,Acc2: 0.956, Base Lr: 2.93e-03,biloss:0.001,icloss:0.521,loss1:1.153, loss2:4.683, loss3:1.173, ploss:0.000,palign:0.000,total_loss:7.531,fceloss:0.0000
2026-06-11 15:05:28,548 transreid.image_train INFO: Epoch[88] Iteration[60/111] Loss: 7.763, Acc: 0.990,Acc1: 0.973,Acc2: 0.962, Base Lr: 2.93e-03,biloss:0.001,icloss:0.524,loss1:1.081, loss2:4.613, loss3:1.101, ploss:0.000,palign:0.000,total_loss:7.320,fceloss:0.0000
2026-06-11 15:05:33,738 transreid.image_train INFO: Epoch[88] Iteration[80/111] Loss: 7.753, Acc: 0.988,Acc1: 0.971,Acc2: 0.953, Base Lr: 2.93e-03,biloss:0.001,icloss:0.505,loss1:1.181, loss2:4.762, loss3:1.260, ploss:0.000,palign:0.000,total_loss:7.709,fceloss:0.0000
2026-06-11 15:05:38,912 transreid.image_train INFO: Epoch[88] Iteration[100/111] Loss: 7.706, Acc: 0.989,Acc1: 0.972,Acc2: 0.949, Base Lr: 2.93e-03,biloss:0.001,icloss:0.555,loss1:1.082, loss2:4.520, loss3:1.165, ploss:0.000,palign:0.000,total_loss:7.323,fceloss:0.0000
2026-06-11 15:05:40,680 transreid.image_train INFO: Epoch 88 done. Time per batch: 35.132[s] Speed: 0.9[samples/s]
2026-06-11 15:05:55,001 transreid.image_train INFO: Validation Results - Epoch: 88
2026-06-11 15:05:55,002 transreid.image_train INFO: mAP: 63.0%
2026-06-11 15:05:55,002 transreid.image_train INFO: CMC curve, Rank-1  :71.0%
2026-06-11 15:05:55,002 transreid.image_train INFO: CMC curve, Rank-5  :76.7%
2026-06-11 15:05:55,002 transreid.image_train INFO: CMC curve, Rank-10 :79.4%
2026-06-11 15:05:55,002 transreid.image_train INFO: Best mAP: 63.6%
2026-06-11 15:05:55,002 transreid.image_train INFO: Best Rank-1: 70.8%
2026-06-11 15:05:55,002 transreid.image_train INFO: Best Rank-5: 77.4%
2026-06-11 15:05:55,002 transreid.image_train INFO: Best Rank-10: 79.5%
2026-06-11 15:06:01,559 transreid.image_train INFO: Epoch[89] Iteration[20/111] Loss: 7.927, Acc: 0.983,Acc1: 0.975,Acc2: 0.948, Base Lr: 2.85e-03,biloss:0.001,icloss:0.560,loss1:1.206, loss2:4.671, loss3:1.283, ploss:0.000,palign:0.000,total_loss:7.721,fceloss:0.0000
2026-06-11 15:06:06,747 transreid.image_train INFO: Epoch[89] Iteration[40/111] Loss: 7.810, Acc: 0.991,Acc1: 0.984,Acc2: 0.965, Base Lr: 2.85e-03,biloss:0.001,icloss:0.529,loss1:1.159, loss2:4.725, loss3:1.191, ploss:0.000,palign:0.000,total_loss:7.604,fceloss:0.0000
2026-06-11 15:06:11,932 transreid.image_train INFO: Epoch[89] Iteration[60/111] Loss: 7.809, Acc: 0.986,Acc1: 0.977,Acc2: 0.955, Base Lr: 2.85e-03,biloss:0.001,icloss:0.539,loss1:1.166, loss2:4.752, loss3:1.341, ploss:0.000,palign:0.000,total_loss:7.799,fceloss:0.0000
2026-06-11 15:06:17,114 transreid.image_train INFO: Epoch[89] Iteration[80/111] Loss: 7.760, Acc: 0.988,Acc1: 0.973,Acc2: 0.955, Base Lr: 2.85e-03,biloss:0.001,icloss:0.539,loss1:1.073, loss2:4.542, loss3:1.093, ploss:0.000,palign:0.000,total_loss:7.248,fceloss:0.0000
2026-06-11 15:06:22,287 transreid.image_train INFO: Epoch[89] Iteration[100/111] Loss: 7.693, Acc: 0.988,Acc1: 0.974,Acc2: 0.954, Base Lr: 2.85e-03,biloss:0.001,icloss:0.552,loss1:1.044, loss2:4.531, loss3:1.217, ploss:0.000,palign:0.000,total_loss:7.345,fceloss:0.0000
2026-06-11 15:06:24,048 transreid.image_train INFO: Epoch 89 done. Time per batch: 35.530[s] Speed: 0.9[samples/s]
2026-06-11 15:06:38,244 transreid.image_train INFO: Validation Results - Epoch: 89
2026-06-11 15:06:38,244 transreid.image_train INFO: mAP: 62.7%
2026-06-11 15:06:38,244 transreid.image_train INFO: CMC curve, Rank-1  :69.8%
2026-06-11 15:06:38,244 transreid.image_train INFO: CMC curve, Rank-5  :77.0%
2026-06-11 15:06:38,244 transreid.image_train INFO: CMC curve, Rank-10 :79.2%
2026-06-11 15:06:38,244 transreid.image_train INFO: Best mAP: 63.6%
2026-06-11 15:06:38,244 transreid.image_train INFO: Best Rank-1: 70.8%
2026-06-11 15:06:38,244 transreid.image_train INFO: Best Rank-5: 77.4%
2026-06-11 15:06:38,244 transreid.image_train INFO: Best Rank-10: 79.5%
2026-06-11 15:06:44,653 transreid.image_train INFO: Epoch[90] Iteration[20/111] Loss: 7.804, Acc: 0.992,Acc1: 0.970,Acc2: 0.958, Base Lr: 2.77e-03,biloss:0.001,icloss:0.514,loss1:1.193, loss2:4.808, loss3:1.455, ploss:0.000,palign:0.000,total_loss:7.972,fceloss:0.0000
2026-06-11 15:06:49,841 transreid.image_train INFO: Epoch[90] Iteration[40/111] Loss: 7.775, Acc: 0.989,Acc1: 0.973,Acc2: 0.951, Base Lr: 2.77e-03,biloss:0.001,icloss:0.511,loss1:1.165, loss2:4.741, loss3:1.374, ploss:0.000,palign:0.000,total_loss:7.791,fceloss:0.0000
2026-06-11 15:06:55,025 transreid.image_train INFO: Epoch[90] Iteration[60/111] Loss: 7.735, Acc: 0.993,Acc1: 0.979,Acc2: 0.957, Base Lr: 2.77e-03,biloss:0.001,icloss:0.513,loss1:1.140, loss2:4.730, loss3:1.188, ploss:0.000,palign:0.000,total_loss:7.571,fceloss:0.0000
2026-06-11 15:07:00,214 transreid.image_train INFO: Epoch[90] Iteration[80/111] Loss: 7.728, Acc: 0.990,Acc1: 0.977,Acc2: 0.951, Base Lr: 2.77e-03,biloss:0.001,icloss:0.518,loss1:1.252, loss2:4.831, loss3:1.287, ploss:0.000,palign:0.000,total_loss:7.889,fceloss:0.0000
2026-06-11 15:07:05,393 transreid.image_train INFO: Epoch[90] Iteration[100/111] Loss: 7.664, Acc: 0.989,Acc1: 0.975,Acc2: 0.950, Base Lr: 2.77e-03,biloss:0.001,icloss:0.543,loss1:1.046, loss2:4.460, loss3:1.061, ploss:0.000,palign:0.000,total_loss:7.111,fceloss:0.0000
2026-06-11 15:07:07,213 transreid.image_train INFO: Epoch 90 done. Time per batch: 35.926[s] Speed: 0.9[samples/s]
2026-06-11 15:07:21,502 transreid.image_train INFO: Validation Results - Epoch: 90
2026-06-11 15:07:21,502 transreid.image_train INFO: mAP: 63.2%
2026-06-11 15:07:21,502 transreid.image_train INFO: CMC curve, Rank-1  :70.6%
2026-06-11 15:07:21,502 transreid.image_train INFO: CMC curve, Rank-5  :77.0%
2026-06-11 15:07:21,502 transreid.image_train INFO: CMC curve, Rank-10 :79.4%
2026-06-11 15:07:21,503 transreid.image_train INFO: Best mAP: 63.6%
2026-06-11 15:07:21,503 transreid.image_train INFO: Best Rank-1: 70.8%
2026-06-11 15:07:21,503 transreid.image_train INFO: Best Rank-5: 77.4%
2026-06-11 15:07:21,503 transreid.image_train INFO: Best Rank-10: 79.5%
2026-06-11 15:07:27,675 transreid.image_train INFO: Epoch[91] Iteration[20/111] Loss: 7.908, Acc: 0.981,Acc1: 0.958,Acc2: 0.958, Base Lr: 2.70e-03,biloss:0.001,icloss:0.530,loss1:1.259, loss2:4.797, loss3:1.296, ploss:0.000,palign:0.000,total_loss:7.883,fceloss:0.0000
2026-06-11 15:07:32,854 transreid.image_train INFO: Epoch[91] Iteration[40/111] Loss: 7.801, Acc: 0.984,Acc1: 0.963,Acc2: 0.950, Base Lr: 2.70e-03,biloss:0.001,icloss:0.522,loss1:1.111, loss2:4.705, loss3:1.133, ploss:0.000,palign:0.000,total_loss:7.471,fceloss:0.0000
2026-06-11 15:07:38,040 transreid.image_train INFO: Epoch[91] Iteration[60/111] Loss: 7.746, Acc: 0.988,Acc1: 0.973,Acc2: 0.955, Base Lr: 2.70e-03,biloss:0.001,icloss:0.514,loss1:1.096, loss2:4.643, loss3:1.117, ploss:0.000,palign:0.000,total_loss:7.370,fceloss:0.0000
2026-06-11 15:07:43,236 transreid.image_train INFO: Epoch[91] Iteration[80/111] Loss: 7.710, Acc: 0.988,Acc1: 0.974,Acc2: 0.955, Base Lr: 2.70e-03,biloss:0.001,icloss:0.510,loss1:1.227, loss2:4.767, loss3:1.309, ploss:0.000,palign:0.000,total_loss:7.814,fceloss:0.0000
2026-06-11 15:07:48,410 transreid.image_train INFO: Epoch[91] Iteration[100/111] Loss: 7.666, Acc: 0.988,Acc1: 0.976,Acc2: 0.950, Base Lr: 2.70e-03,biloss:0.001,icloss:0.519,loss1:1.048, loss2:4.507, loss3:1.072, ploss:0.000,palign:0.000,total_loss:7.147,fceloss:0.0000
2026-06-11 15:07:50,200 transreid.image_train INFO: Epoch 91 done. Time per batch: 36.320[s] Speed: 0.9[samples/s]
2026-06-11 15:08:04,288 transreid.image_train INFO: Validation Results - Epoch: 91
2026-06-11 15:08:04,288 transreid.image_train INFO: mAP: 62.6%
2026-06-11 15:08:04,288 transreid.image_train INFO: CMC curve, Rank-1  :69.8%
2026-06-11 15:08:04,288 transreid.image_train INFO: CMC curve, Rank-5  :76.7%
2026-06-11 15:08:04,288 transreid.image_train INFO: CMC curve, Rank-10 :79.4%
2026-06-11 15:08:04,289 transreid.image_train INFO: Best mAP: 63.6%
2026-06-11 15:08:04,289 transreid.image_train INFO: Best Rank-1: 70.8%
2026-06-11 15:08:04,289 transreid.image_train INFO: Best Rank-5: 77.4%
2026-06-11 15:08:04,289 transreid.image_train INFO: Best Rank-10: 79.5%
2026-06-11 15:08:10,342 transreid.image_train INFO: Epoch[92] Iteration[20/111] Loss: 7.771, Acc: 0.980,Acc1: 0.970,Acc2: 0.950, Base Lr: 2.62e-03,biloss:0.001,icloss:0.529,loss1:1.267, loss2:4.778, loss3:1.402, ploss:0.000,palign:0.000,total_loss:7.978,fceloss:0.0000
2026-06-11 15:08:15,524 transreid.image_train INFO: Epoch[92] Iteration[40/111] Loss: 7.742, Acc: 0.988,Acc1: 0.973,Acc2: 0.959, Base Lr: 2.62e-03,biloss:0.001,icloss:0.530,loss1:1.111, loss2:4.651, loss3:1.180, ploss:0.000,palign:0.000,total_loss:7.472,fceloss:0.0000
2026-06-11 15:08:20,706 transreid.image_train INFO: Epoch[92] Iteration[60/111] Loss: 7.729, Acc: 0.990,Acc1: 0.976,Acc2: 0.949, Base Lr: 2.62e-03,biloss:0.001,icloss:0.520,loss1:1.136, loss2:4.689, loss3:1.160, ploss:0.000,palign:0.000,total_loss:7.505,fceloss:0.0000
2026-06-11 15:08:25,886 transreid.image_train INFO: Epoch[92] Iteration[80/111] Loss: 7.701, Acc: 0.993,Acc1: 0.979,Acc2: 0.949, Base Lr: 2.62e-03,biloss:0.000,icloss:0.534,loss1:1.129, loss2:4.683, loss3:1.142, ploss:0.000,palign:0.000,total_loss:7.487,fceloss:0.0000
2026-06-11 15:08:31,062 transreid.image_train INFO: Epoch[92] Iteration[100/111] Loss: 7.636, Acc: 0.991,Acc1: 0.978,Acc2: 0.949, Base Lr: 2.62e-03,biloss:0.001,icloss:0.532,loss1:1.170, loss2:4.589, loss3:1.350, ploss:0.000,palign:0.000,total_loss:7.642,fceloss:0.0000
2026-06-11 15:08:33,144 transreid.image_train INFO: Epoch 92 done. Time per batch: 36.714[s] Speed: 0.9[samples/s]
2026-06-11 15:08:47,785 transreid.image_train INFO: Validation Results - Epoch: 92
2026-06-11 15:08:47,785 transreid.image_train INFO: mAP: 63.0%
2026-06-11 15:08:47,785 transreid.image_train INFO: CMC curve, Rank-1  :71.0%
2026-06-11 15:08:47,785 transreid.image_train INFO: CMC curve, Rank-5  :76.5%
2026-06-11 15:08:47,785 transreid.image_train INFO: CMC curve, Rank-10 :79.2%
2026-06-11 15:08:47,785 transreid.image_train INFO: Best mAP: 63.6%
2026-06-11 15:08:47,785 transreid.image_train INFO: Best Rank-1: 70.8%
2026-06-11 15:08:47,785 transreid.image_train INFO: Best Rank-5: 77.4%
2026-06-11 15:08:47,785 transreid.image_train INFO: Best Rank-10: 79.5%
2026-06-11 15:08:54,490 transreid.image_train INFO: Epoch[93] Iteration[20/111] Loss: 7.897, Acc: 0.970,Acc1: 0.956,Acc2: 0.934, Base Lr: 2.54e-03,biloss:0.001,icloss:0.533,loss1:1.164, loss2:4.634, loss3:1.179, ploss:0.000,palign:0.000,total_loss:7.510,fceloss:0.0000
2026-06-11 15:08:59,668 transreid.image_train INFO: Epoch[93] Iteration[40/111] Loss: 7.825, Acc: 0.981,Acc1: 0.961,Acc2: 0.935, Base Lr: 2.54e-03,biloss:0.001,icloss:0.524,loss1:1.145, loss2:4.751, loss3:1.165, ploss:0.000,palign:0.000,total_loss:7.586,fceloss:0.0000
2026-06-11 15:09:04,851 transreid.image_train INFO: Epoch[93] Iteration[60/111] Loss: 7.734, Acc: 0.983,Acc1: 0.967,Acc2: 0.945, Base Lr: 2.54e-03,biloss:0.001,icloss:0.521,loss1:1.189, loss2:4.748, loss3:1.283, ploss:0.000,palign:0.000,total_loss:7.742,fceloss:0.0000
2026-06-11 15:09:10,029 transreid.image_train INFO: Epoch[93] Iteration[80/111] Loss: 7.682, Acc: 0.982,Acc1: 0.970,Acc2: 0.946, Base Lr: 2.54e-03,biloss:0.000,icloss:0.526,loss1:1.100, loss2:4.653, loss3:1.128, ploss:0.000,palign:0.000,total_loss:7.408,fceloss:0.0000
2026-06-11 15:09:15,207 transreid.image_train INFO: Epoch[93] Iteration[100/111] Loss: 7.627, Acc: 0.985,Acc1: 0.975,Acc2: 0.947, Base Lr: 2.54e-03,biloss:0.001,icloss:0.535,loss1:1.030, loss2:4.419, loss3:1.044, ploss:0.000,palign:0.000,total_loss:7.029,fceloss:0.0000
2026-06-11 15:09:17,291 transreid.image_train INFO: Epoch 93 done. Time per batch: 37.119[s] Speed: 0.9[samples/s]
2026-06-11 15:09:31,996 transreid.image_train INFO: Validation Results - Epoch: 93
2026-06-11 15:09:31,997 transreid.image_train INFO: mAP: 62.6%
2026-06-11 15:09:31,997 transreid.image_train INFO: CMC curve, Rank-1  :69.8%
2026-06-11 15:09:31,997 transreid.image_train INFO: CMC curve, Rank-5  :76.5%
2026-06-11 15:09:31,997 transreid.image_train INFO: CMC curve, Rank-10 :79.0%
2026-06-11 15:09:31,997 transreid.image_train INFO: Best mAP: 63.6%
2026-06-11 15:09:31,997 transreid.image_train INFO: Best Rank-1: 70.8%
2026-06-11 15:09:31,997 transreid.image_train INFO: Best Rank-5: 77.4%
2026-06-11 15:09:31,997 transreid.image_train INFO: Best Rank-10: 79.5%
2026-06-11 15:09:38,216 transreid.image_train INFO: Epoch[94] Iteration[20/111] Loss: 7.657, Acc: 0.989,Acc1: 0.981,Acc2: 0.972, Base Lr: 2.46e-03,biloss:0.001,icloss:0.479,loss1:1.227, loss2:4.871, loss3:1.276, ploss:0.000,palign:0.000,total_loss:7.854,fceloss:0.0000
2026-06-11 15:09:43,395 transreid.image_train INFO: Epoch[94] Iteration[40/111] Loss: 7.646, Acc: 0.991,Acc1: 0.980,Acc2: 0.959, Base Lr: 2.46e-03,biloss:0.001,icloss:0.547,loss1:1.081, loss2:4.630, loss3:1.242, ploss:0.000,palign:0.000,total_loss:7.500,fceloss:0.0000
2026-06-11 15:09:48,579 transreid.image_train INFO: Epoch[94] Iteration[60/111] Loss: 7.643, Acc: 0.994,Acc1: 0.981,Acc2: 0.964, Base Lr: 2.46e-03,biloss:0.001,icloss:0.500,loss1:1.138, loss2:4.714, loss3:1.140, ploss:0.000,palign:0.000,total_loss:7.493,fceloss:0.0000
2026-06-11 15:09:53,763 transreid.image_train INFO: Epoch[94] Iteration[80/111] Loss: 7.602, Acc: 0.991,Acc1: 0.977,Acc2: 0.961, Base Lr: 2.46e-03,biloss:0.001,icloss:0.566,loss1:1.212, loss2:4.680, loss3:1.385, ploss:0.000,palign:0.000,total_loss:7.844,fceloss:0.0000
2026-06-11 15:09:58,935 transreid.image_train INFO: Epoch[94] Iteration[100/111] Loss: 7.567, Acc: 0.991,Acc1: 0.980,Acc2: 0.957, Base Lr: 2.46e-03,biloss:0.001,icloss:0.568,loss1:1.059, loss2:4.550, loss3:1.234, ploss:0.000,palign:0.000,total_loss:7.412,fceloss:0.0000
2026-06-11 15:10:01,002 transreid.image_train INFO: Epoch 94 done. Time per batch: 37.520[s] Speed: 0.9[samples/s]
2026-06-11 15:10:15,833 transreid.image_train INFO: Validation Results - Epoch: 94
2026-06-11 15:10:15,833 transreid.image_train INFO: mAP: 62.7%
2026-06-11 15:10:15,833 transreid.image_train INFO: CMC curve, Rank-1  :69.6%
2026-06-11 15:10:15,833 transreid.image_train INFO: CMC curve, Rank-5  :77.2%
2026-06-11 15:10:15,833 transreid.image_train INFO: CMC curve, Rank-10 :79.2%
2026-06-11 15:10:15,833 transreid.image_train INFO: Best mAP: 63.6%
2026-06-11 15:10:15,833 transreid.image_train INFO: Best Rank-1: 70.8%
2026-06-11 15:10:15,833 transreid.image_train INFO: Best Rank-5: 77.4%
2026-06-11 15:10:15,833 transreid.image_train INFO: Best Rank-10: 79.5%
2026-06-11 15:10:22,327 transreid.image_train INFO: Epoch[95] Iteration[20/111] Loss: 7.702, Acc: 0.988,Acc1: 0.964,Acc2: 0.947, Base Lr: 2.38e-03,biloss:0.001,icloss:0.521,loss1:1.165, loss2:4.763, loss3:1.214, ploss:0.000,palign:0.000,total_loss:7.663,fceloss:0.0000
2026-06-11 15:10:27,510 transreid.image_train INFO: Epoch[95] Iteration[40/111] Loss: 7.717, Acc: 0.984,Acc1: 0.966,Acc2: 0.945, Base Lr: 2.38e-03,biloss:0.001,icloss:0.561,loss1:1.219, loss2:4.670, loss3:1.295, ploss:0.000,palign:0.000,total_loss:7.745,fceloss:0.0000
2026-06-11 15:10:32,698 transreid.image_train INFO: Epoch[95] Iteration[60/111] Loss: 7.666, Acc: 0.985,Acc1: 0.971,Acc2: 0.949, Base Lr: 2.38e-03,biloss:0.001,icloss:0.548,loss1:1.171, loss2:4.638, loss3:1.190, ploss:0.000,palign:0.000,total_loss:7.547,fceloss:0.0000
2026-06-11 15:10:37,879 transreid.image_train INFO: Epoch[95] Iteration[80/111] Loss: 7.624, Acc: 0.988,Acc1: 0.972,Acc2: 0.949, Base Lr: 2.38e-03,biloss:0.001,icloss:0.503,loss1:1.078, loss2:4.676, loss3:1.192, ploss:0.000,palign:0.000,total_loss:7.450,fceloss:0.0000
2026-06-11 15:10:43,053 transreid.image_train INFO: Epoch[95] Iteration[100/111] Loss: 7.578, Acc: 0.989,Acc1: 0.974,Acc2: 0.948, Base Lr: 2.38e-03,biloss:0.001,icloss:0.507,loss1:1.061, loss2:4.598, loss3:1.088, ploss:0.000,palign:0.000,total_loss:7.255,fceloss:0.0000
2026-06-11 15:10:45,231 transreid.image_train INFO: Epoch 95 done. Time per batch: 37.926[s] Speed: 0.8[samples/s]
2026-06-11 15:11:00,042 transreid.image_train INFO: Validation Results - Epoch: 95
2026-06-11 15:11:00,042 transreid.image_train INFO: mAP: 62.8%
2026-06-11 15:11:00,042 transreid.image_train INFO: CMC curve, Rank-1  :70.3%
2026-06-11 15:11:00,042 transreid.image_train INFO: CMC curve, Rank-5  :76.9%
2026-06-11 15:11:00,042 transreid.image_train INFO: CMC curve, Rank-10 :79.4%
2026-06-11 15:11:00,042 transreid.image_train INFO: Best mAP: 63.6%
2026-06-11 15:11:00,042 transreid.image_train INFO: Best Rank-1: 70.8%
2026-06-11 15:11:00,042 transreid.image_train INFO: Best Rank-5: 77.4%
2026-06-11 15:11:00,042 transreid.image_train INFO: Best Rank-10: 79.5%
2026-06-11 15:11:06,382 transreid.image_train INFO: Epoch[96] Iteration[20/111] Loss: 7.646, Acc: 0.998,Acc1: 0.988,Acc2: 0.983, Base Lr: 2.31e-03,biloss:0.001,icloss:0.505,loss1:1.290, loss2:4.858, loss3:1.404, ploss:0.000,palign:0.000,total_loss:8.058,fceloss:0.0000
2026-06-11 15:11:11,563 transreid.image_train INFO: Epoch[96] Iteration[40/111] Loss: 7.654, Acc: 0.994,Acc1: 0.976,Acc2: 0.966, Base Lr: 2.31e-03,biloss:0.001,icloss:0.544,loss1:1.195, loss2:4.677, loss3:1.180, ploss:0.000,palign:0.000,total_loss:7.597,fceloss:0.0000
2026-06-11 15:11:16,745 transreid.image_train INFO: Epoch[96] Iteration[60/111] Loss: 7.625, Acc: 0.995,Acc1: 0.983,Acc2: 0.970, Base Lr: 2.31e-03,biloss:0.001,icloss:0.519,loss1:1.128, loss2:4.693, loss3:1.147, ploss:0.000,palign:0.000,total_loss:7.487,fceloss:0.0000
2026-06-11 15:11:21,925 transreid.image_train INFO: Epoch[96] Iteration[80/111] Loss: 7.607, Acc: 0.993,Acc1: 0.982,Acc2: 0.963, Base Lr: 2.31e-03,biloss:0.001,icloss:0.535,loss1:1.115, loss2:4.579, loss3:1.140, ploss:0.000,palign:0.000,total_loss:7.369,fceloss:0.0000
2026-06-11 15:11:27,095 transreid.image_train INFO: Epoch[96] Iteration[100/111] Loss: 7.566, Acc: 0.988,Acc1: 0.979,Acc2: 0.961, Base Lr: 2.31e-03,biloss:0.001,icloss:0.591,loss1:1.215, loss2:4.570, loss3:1.455, ploss:0.000,palign:0.000,total_loss:7.832,fceloss:0.0000
2026-06-11 15:11:29,173 transreid.image_train INFO: Epoch 96 done. Time per batch: 38.329[s] Speed: 0.8[samples/s]
2026-06-11 15:11:43,771 transreid.image_train INFO: Validation Results - Epoch: 96
2026-06-11 15:11:43,771 transreid.image_train INFO: mAP: 63.0%
2026-06-11 15:11:43,771 transreid.image_train INFO: CMC curve, Rank-1  :70.6%
2026-06-11 15:11:43,771 transreid.image_train INFO: CMC curve, Rank-5  :76.7%
2026-06-11 15:11:43,771 transreid.image_train INFO: CMC curve, Rank-10 :79.0%
2026-06-11 15:11:43,771 transreid.image_train INFO: Best mAP: 63.6%
2026-06-11 15:11:43,771 transreid.image_train INFO: Best Rank-1: 70.8%
2026-06-11 15:11:43,771 transreid.image_train INFO: Best Rank-5: 77.4%
2026-06-11 15:11:43,771 transreid.image_train INFO: Best Rank-10: 79.5%
2026-06-11 15:11:50,350 transreid.image_train INFO: Epoch[97] Iteration[20/111] Loss: 7.755, Acc: 0.981,Acc1: 0.967,Acc2: 0.956, Base Lr: 2.23e-03,biloss:0.001,icloss:0.505,loss1:1.175, loss2:4.763, loss3:1.199, ploss:0.000,palign:0.000,total_loss:7.642,fceloss:0.0000
2026-06-11 15:11:55,533 transreid.image_train INFO: Epoch[97] Iteration[40/111] Loss: 7.730, Acc: 0.979,Acc1: 0.962,Acc2: 0.948, Base Lr: 2.23e-03,biloss:0.001,icloss:0.509,loss1:1.133, loss2:4.738, loss3:1.179, ploss:0.000,palign:0.000,total_loss:7.559,fceloss:0.0000
2026-06-11 15:12:00,716 transreid.image_train INFO: Epoch[97] Iteration[60/111] Loss: 7.659, Acc: 0.984,Acc1: 0.971,Acc2: 0.956, Base Lr: 2.23e-03,biloss:0.001,icloss:0.496,loss1:1.221, loss2:4.881, loss3:1.278, ploss:0.000,palign:0.000,total_loss:7.877,fceloss:0.0000
2026-06-11 15:12:05,897 transreid.image_train INFO: Epoch[97] Iteration[80/111] Loss: 7.617, Acc: 0.987,Acc1: 0.974,Acc2: 0.955, Base Lr: 2.23e-03,biloss:0.001,icloss:0.518,loss1:1.079, loss2:4.608, loss3:1.107, ploss:0.000,palign:0.000,total_loss:7.313,fceloss:0.0000
2026-06-11 15:12:11,070 transreid.image_train INFO: Epoch[97] Iteration[100/111] Loss: 7.556, Acc: 0.987,Acc1: 0.975,Acc2: 0.954, Base Lr: 2.23e-03,biloss:0.001,icloss:0.529,loss1:1.041, loss2:4.437, loss3:1.060, ploss:0.000,palign:0.000,total_loss:7.068,fceloss:0.0000
2026-06-11 15:12:13,154 transreid.image_train INFO: Epoch 97 done. Time per batch: 38.733[s] Speed: 0.8[samples/s]
2026-06-11 15:12:27,765 transreid.image_train INFO: Validation Results - Epoch: 97
2026-06-11 15:12:27,766 transreid.image_train INFO: mAP: 63.0%
2026-06-11 15:12:27,766 transreid.image_train INFO: CMC curve, Rank-1  :69.9%
2026-06-11 15:12:27,766 transreid.image_train INFO: CMC curve, Rank-5  :77.0%
2026-06-11 15:12:27,766 transreid.image_train INFO: CMC curve, Rank-10 :79.5%
2026-06-11 15:12:27,766 transreid.image_train INFO: Best mAP: 63.6%
2026-06-11 15:12:27,766 transreid.image_train INFO: Best Rank-1: 70.8%
2026-06-11 15:12:27,766 transreid.image_train INFO: Best Rank-5: 77.4%
2026-06-11 15:12:27,766 transreid.image_train INFO: Best Rank-10: 79.5%
2026-06-11 15:12:34,160 transreid.image_train INFO: Epoch[98] Iteration[20/111] Loss: 7.636, Acc: 0.994,Acc1: 0.986,Acc2: 0.981, Base Lr: 2.16e-03,biloss:0.001,icloss:0.531,loss1:1.178, loss2:4.735, loss3:1.217, ploss:0.000,palign:0.000,total_loss:7.661,fceloss:0.0000
2026-06-11 15:12:39,342 transreid.image_train INFO: Epoch[98] Iteration[40/111] Loss: 7.627, Acc: 0.993,Acc1: 0.983,Acc2: 0.974, Base Lr: 2.16e-03,biloss:0.001,icloss:0.506,loss1:1.234, loss2:4.798, loss3:1.239, ploss:0.000,palign:0.000,total_loss:7.778,fceloss:0.0000
2026-06-11 15:12:44,566 transreid.image_train INFO: Epoch[98] Iteration[60/111] Loss: 7.616, Acc: 0.992,Acc1: 0.979,Acc2: 0.969, Base Lr: 2.16e-03,biloss:0.000,icloss:0.558,loss1:1.119, loss2:4.616, loss3:1.143, ploss:0.000,palign:0.000,total_loss:7.437,fceloss:0.0000
2026-06-11 15:12:49,752 transreid.image_train INFO: Epoch[98] Iteration[80/111] Loss: 7.592, Acc: 0.994,Acc1: 0.978,Acc2: 0.963, Base Lr: 2.16e-03,biloss:0.001,icloss:0.504,loss1:1.107, loss2:4.683, loss3:1.128, ploss:0.000,palign:0.000,total_loss:7.422,fceloss:0.0000
2026-06-11 15:12:54,934 transreid.image_train INFO: Epoch[98] Iteration[100/111] Loss: 7.544, Acc: 0.993,Acc1: 0.978,Acc2: 0.957, Base Lr: 2.16e-03,biloss:0.001,icloss:0.557,loss1:1.035, loss2:4.405, loss3:1.042, ploss:0.000,palign:0.000,total_loss:7.040,fceloss:0.0000
2026-06-11 15:12:57,200 transreid.image_train INFO: Epoch 98 done. Time per batch: 39.137[s] Speed: 0.8[samples/s]
2026-06-11 15:13:12,000 transreid.image_train INFO: Validation Results - Epoch: 98
2026-06-11 15:13:12,000 transreid.image_train INFO: mAP: 63.3%
2026-06-11 15:13:12,000 transreid.image_train INFO: CMC curve, Rank-1  :71.2%
2026-06-11 15:13:12,000 transreid.image_train INFO: CMC curve, Rank-5  :77.2%
2026-06-11 15:13:12,000 transreid.image_train INFO: CMC curve, Rank-10 :79.2%
2026-06-11 15:13:12,000 transreid.image_train INFO: Best mAP: 63.6%
2026-06-11 15:13:12,000 transreid.image_train INFO: Best Rank-1: 70.8%
2026-06-11 15:13:12,000 transreid.image_train INFO: Best Rank-5: 77.4%
2026-06-11 15:13:12,000 transreid.image_train INFO: Best Rank-10: 79.5%
2026-06-11 15:13:18,253 transreid.image_train INFO: Epoch[99] Iteration[20/111] Loss: 7.692, Acc: 0.988,Acc1: 0.972,Acc2: 0.938, Base Lr: 2.08e-03,biloss:0.001,icloss:0.522,loss1:1.121, loss2:4.669, loss3:1.140, ploss:0.000,palign:0.000,total_loss:7.453,fceloss:0.0000
2026-06-11 15:13:23,437 transreid.image_train INFO: Epoch[99] Iteration[40/111] Loss: 7.605, Acc: 0.990,Acc1: 0.982,Acc2: 0.955, Base Lr: 2.08e-03,biloss:0.001,icloss:0.580,loss1:1.057, loss2:4.521, loss3:1.213, ploss:0.000,palign:0.000,total_loss:7.372,fceloss:0.0000
2026-06-11 15:13:28,624 transreid.image_train INFO: Epoch[99] Iteration[60/111] Loss: 7.604, Acc: 0.985,Acc1: 0.976,Acc2: 0.948, Base Lr: 2.08e-03,biloss:0.001,icloss:0.501,loss1:1.148, loss2:4.745, loss3:1.155, ploss:0.000,palign:0.000,total_loss:7.550,fceloss:0.0000
2026-06-11 15:13:33,814 transreid.image_train INFO: Epoch[99] Iteration[80/111] Loss: 7.568, Acc: 0.988,Acc1: 0.979,Acc2: 0.943, Base Lr: 2.08e-03,biloss:0.001,icloss:0.551,loss1:1.079, loss2:4.612, loss3:1.276, ploss:0.000,palign:0.000,total_loss:7.519,fceloss:0.0000
2026-06-11 15:13:38,993 transreid.image_train INFO: Epoch[99] Iteration[100/111] Loss: 7.522, Acc: 0.989,Acc1: 0.979,Acc2: 0.950, Base Lr: 2.08e-03,biloss:0.001,icloss:0.535,loss1:1.046, loss2:4.466, loss3:1.059, ploss:0.000,palign:0.000,total_loss:7.106,fceloss:0.0000
2026-06-11 15:13:41,381 transreid.image_train INFO: Epoch 99 done. Time per batch: 39.542[s] Speed: 0.8[samples/s]
2026-06-11 15:13:56,346 transreid.image_train INFO: Validation Results - Epoch: 99
2026-06-11 15:13:56,346 transreid.image_train INFO: mAP: 63.4%
2026-06-11 15:13:56,346 transreid.image_train INFO: CMC curve, Rank-1  :71.4%
2026-06-11 15:13:56,346 transreid.image_train INFO: CMC curve, Rank-5  :76.7%
2026-06-11 15:13:56,346 transreid.image_train INFO: CMC curve, Rank-10 :79.4%
2026-06-11 15:13:56,346 transreid.image_train INFO: Best mAP: 63.6%
2026-06-11 15:13:56,346 transreid.image_train INFO: Best Rank-1: 70.8%
2026-06-11 15:13:56,346 transreid.image_train INFO: Best Rank-5: 77.4%
2026-06-11 15:13:56,346 transreid.image_train INFO: Best Rank-10: 79.5%
2026-06-11 15:14:02,720 transreid.image_train INFO: Epoch[100] Iteration[20/111] Loss: 7.667, Acc: 0.989,Acc1: 0.973,Acc2: 0.948, Base Lr: 2.01e-03,biloss:0.001,icloss:0.533,loss1:1.164, loss2:4.672, loss3:1.132, ploss:0.000,palign:0.000,total_loss:7.500,fceloss:0.0000
2026-06-11 15:14:07,907 transreid.image_train INFO: Epoch[100] Iteration[40/111] Loss: 7.608, Acc: 0.992,Acc1: 0.975,Acc2: 0.953, Base Lr: 2.01e-03,biloss:0.001,icloss:0.536,loss1:1.113, loss2:4.606, loss3:1.105, ploss:0.000,palign:0.000,total_loss:7.361,fceloss:0.0000
2026-06-11 15:14:13,096 transreid.image_train INFO: Epoch[100] Iteration[60/111] Loss: 7.577, Acc: 0.992,Acc1: 0.977,Acc2: 0.955, Base Lr: 2.01e-03,biloss:0.001,icloss:0.575,loss1:1.119, loss2:4.455, loss3:1.206, ploss:0.000,palign:0.000,total_loss:7.355,fceloss:0.0000
2026-06-11 15:14:18,287 transreid.image_train INFO: Epoch[100] Iteration[80/111] Loss: 7.565, Acc: 0.991,Acc1: 0.973,Acc2: 0.950, Base Lr: 2.01e-03,biloss:0.001,icloss:0.528,loss1:1.164, loss2:4.690, loss3:1.353, ploss:0.000,palign:0.000,total_loss:7.736,fceloss:0.0000
2026-06-11 15:14:23,466 transreid.image_train INFO: Epoch[100] Iteration[100/111] Loss: 7.501, Acc: 0.993,Acc1: 0.979,Acc2: 0.953, Base Lr: 2.01e-03,biloss:0.001,icloss:0.570,loss1:1.036, loss2:4.389, loss3:1.045, ploss:0.000,palign:0.000,total_loss:7.040,fceloss:0.0000
2026-06-11 15:14:25,851 transreid.image_train INFO: Epoch 100 done. Time per batch: 39.950[s] Speed: 0.8[samples/s]
2026-06-11 15:14:40,696 transreid.image_train INFO: Validation Results - Epoch: 100
2026-06-11 15:14:40,696 transreid.image_train INFO: mAP: 63.0%
2026-06-11 15:14:40,696 transreid.image_train INFO: CMC curve, Rank-1  :70.8%
2026-06-11 15:14:40,696 transreid.image_train INFO: CMC curve, Rank-5  :77.2%
2026-06-11 15:14:40,697 transreid.image_train INFO: CMC curve, Rank-10 :78.6%
2026-06-11 15:14:40,697 transreid.image_train INFO: Best mAP: 63.6%
2026-06-11 15:14:40,697 transreid.image_train INFO: Best Rank-1: 70.8%
2026-06-11 15:14:40,697 transreid.image_train INFO: Best Rank-5: 77.4%
2026-06-11 15:14:40,697 transreid.image_train INFO: Best Rank-10: 79.5%
2026-06-11 15:14:46,877 transreid.image_train INFO: Epoch[101] Iteration[20/111] Loss: 7.605, Acc: 0.984,Acc1: 0.980,Acc2: 0.967, Base Lr: 1.94e-03,biloss:0.001,icloss:0.527,loss1:1.236, loss2:4.787, loss3:1.306, ploss:0.000,palign:0.000,total_loss:7.856,fceloss:0.0000
2026-06-11 15:14:52,057 transreid.image_train INFO: Epoch[101] Iteration[40/111] Loss: 7.614, Acc: 0.988,Acc1: 0.977,Acc2: 0.952, Base Lr: 1.94e-03,biloss:0.001,icloss:0.521,loss1:1.126, loss2:4.732, loss3:1.168, ploss:0.000,palign:0.000,total_loss:7.548,fceloss:0.0000
2026-06-11 15:14:57,242 transreid.image_train INFO: Epoch[101] Iteration[60/111] Loss: 7.586, Acc: 0.989,Acc1: 0.977,Acc2: 0.947, Base Lr: 1.94e-03,biloss:0.001,icloss:0.553,loss1:1.081, loss2:4.677, loss3:1.449, ploss:0.000,palign:0.000,total_loss:7.759,fceloss:0.0000
2026-06-11 15:15:02,425 transreid.image_train INFO: Epoch[101] Iteration[80/111] Loss: 7.557, Acc: 0.991,Acc1: 0.978,Acc2: 0.952, Base Lr: 1.94e-03,biloss:0.001,icloss:0.508,loss1:1.114, loss2:4.701, loss3:1.147, ploss:0.000,palign:0.000,total_loss:7.471,fceloss:0.0000
2026-06-11 15:15:07,603 transreid.image_train INFO: Epoch[101] Iteration[100/111] Loss: 7.514, Acc: 0.992,Acc1: 0.981,Acc2: 0.952, Base Lr: 1.94e-03,biloss:0.001,icloss:0.519,loss1:1.075, loss2:4.628, loss3:1.093, ploss:0.000,palign:0.000,total_loss:7.315,fceloss:0.0000
2026-06-11 15:15:10,014 transreid.image_train INFO: Epoch 101 done. Time per batch: 40.355[s] Speed: 0.8[samples/s]
2026-06-11 15:15:24,918 transreid.image_train INFO: Validation Results - Epoch: 101
2026-06-11 15:15:24,918 transreid.image_train INFO: mAP: 62.3%
2026-06-11 15:15:24,918 transreid.image_train INFO: CMC curve, Rank-1  :69.9%
2026-06-11 15:15:24,918 transreid.image_train INFO: CMC curve, Rank-5  :76.9%
2026-06-11 15:15:24,919 transreid.image_train INFO: CMC curve, Rank-10 :79.4%
2026-06-11 15:15:24,919 transreid.image_train INFO: Best mAP: 63.6%
2026-06-11 15:15:24,919 transreid.image_train INFO: Best Rank-1: 70.8%
2026-06-11 15:15:24,919 transreid.image_train INFO: Best Rank-5: 77.4%
2026-06-11 15:15:24,919 transreid.image_train INFO: Best Rank-10: 79.5%
2026-06-11 15:15:31,616 transreid.image_train INFO: Epoch[102] Iteration[20/111] Loss: 7.602, Acc: 0.994,Acc1: 0.967,Acc2: 0.961, Base Lr: 1.87e-03,biloss:0.001,icloss:0.547,loss1:1.131, loss2:4.680, loss3:1.285, ploss:0.000,palign:0.000,total_loss:7.643,fceloss:0.0000
2026-06-11 15:15:36,802 transreid.image_train INFO: Epoch[102] Iteration[40/111] Loss: 7.574, Acc: 0.994,Acc1: 0.977,Acc2: 0.973, Base Lr: 1.87e-03,biloss:0.001,icloss:0.512,loss1:1.153, loss2:4.711, loss3:1.201, ploss:0.000,palign:0.000,total_loss:7.577,fceloss:0.0000
2026-06-11 15:15:41,985 transreid.image_train INFO: Epoch[102] Iteration[60/111] Loss: 7.555, Acc: 0.992,Acc1: 0.978,Acc2: 0.965, Base Lr: 1.87e-03,biloss:0.001,icloss:0.540,loss1:1.052, loss2:4.498, loss3:1.067, ploss:0.000,palign:0.000,total_loss:7.157,fceloss:0.0000
2026-06-11 15:15:47,173 transreid.image_train INFO: Epoch[102] Iteration[80/111] Loss: 7.517, Acc: 0.991,Acc1: 0.979,Acc2: 0.962, Base Lr: 1.87e-03,biloss:0.000,icloss:0.546,loss1:1.041, loss2:4.482, loss3:1.060, ploss:0.000,palign:0.000,total_loss:7.130,fceloss:0.0000
2026-06-11 15:15:52,355 transreid.image_train INFO: Epoch[102] Iteration[100/111] Loss: 7.481, Acc: 0.989,Acc1: 0.978,Acc2: 0.958, Base Lr: 1.87e-03,biloss:0.001,icloss:0.564,loss1:1.067, loss2:4.517, loss3:1.149, ploss:0.000,palign:0.000,total_loss:7.297,fceloss:0.0000
2026-06-11 15:15:54,696 transreid.image_train INFO: Epoch 102 done. Time per batch: 40.395[s] Speed: 0.8[samples/s]
2026-06-11 15:16:09,297 transreid.image_train INFO: Validation Results - Epoch: 102
2026-06-11 15:16:09,297 transreid.image_train INFO: mAP: 63.0%
2026-06-11 15:16:09,297 transreid.image_train INFO: CMC curve, Rank-1  :71.5%
2026-06-11 15:16:09,297 transreid.image_train INFO: CMC curve, Rank-5  :76.9%
2026-06-11 15:16:09,297 transreid.image_train INFO: CMC curve, Rank-10 :79.0%
2026-06-11 15:16:09,297 transreid.image_train INFO: Best mAP: 63.6%
2026-06-11 15:16:09,297 transreid.image_train INFO: Best Rank-1: 70.8%
2026-06-11 15:16:09,297 transreid.image_train INFO: Best Rank-5: 77.4%
2026-06-11 15:16:09,297 transreid.image_train INFO: Best Rank-10: 79.5%
2026-06-11 15:16:15,809 transreid.image_train INFO: Epoch[103] Iteration[20/111] Loss: 7.612, Acc: 0.980,Acc1: 0.956,Acc2: 0.941, Base Lr: 1.80e-03,biloss:0.001,icloss:0.541,loss1:1.096, loss2:4.640, loss3:1.351, ploss:0.000,palign:0.000,total_loss:7.629,fceloss:0.0000
2026-06-11 15:16:21,000 transreid.image_train INFO: Epoch[103] Iteration[40/111] Loss: 7.533, Acc: 0.990,Acc1: 0.975,Acc2: 0.954, Base Lr: 1.80e-03,biloss:0.001,icloss:0.566,loss1:1.112, loss2:4.597, loss3:1.165, ploss:0.000,palign:0.000,total_loss:7.441,fceloss:0.0000
2026-06-11 15:16:26,188 transreid.image_train INFO: Epoch[103] Iteration[60/111] Loss: 7.537, Acc: 0.990,Acc1: 0.976,Acc2: 0.951, Base Lr: 1.80e-03,biloss:0.001,icloss:0.514,loss1:1.135, loss2:4.745, loss3:1.454, ploss:0.000,palign:0.000,total_loss:7.849,fceloss:0.0000
2026-06-11 15:16:31,373 transreid.image_train INFO: Epoch[103] Iteration[80/111] Loss: 7.522, Acc: 0.989,Acc1: 0.975,Acc2: 0.954, Base Lr: 1.80e-03,biloss:0.001,icloss:0.515,loss1:1.086, loss2:4.643, loss3:1.107, ploss:0.000,palign:0.000,total_loss:7.351,fceloss:0.0000
2026-06-11 15:16:36,552 transreid.image_train INFO: Epoch[103] Iteration[100/111] Loss: 7.479, Acc: 0.991,Acc1: 0.977,Acc2: 0.952, Base Lr: 1.80e-03,biloss:0.001,icloss:0.565,loss1:1.040, loss2:4.352, loss3:1.043, ploss:0.000,palign:0.000,total_loss:7.001,fceloss:0.0000
2026-06-11 15:16:38,840 transreid.image_train INFO: Epoch 103 done. Time per batch: 41.170[s] Speed: 0.8[samples/s]
2026-06-11 15:16:53,709 transreid.image_train INFO: Validation Results - Epoch: 103
2026-06-11 15:16:53,709 transreid.image_train INFO: mAP: 63.3%
2026-06-11 15:16:53,709 transreid.image_train INFO: CMC curve, Rank-1  :70.6%
2026-06-11 15:16:53,709 transreid.image_train INFO: CMC curve, Rank-5  :77.2%
2026-06-11 15:16:53,709 transreid.image_train INFO: CMC curve, Rank-10 :79.5%
2026-06-11 15:16:53,709 transreid.image_train INFO: Best mAP: 63.6%
2026-06-11 15:16:53,709 transreid.image_train INFO: Best Rank-1: 70.8%
2026-06-11 15:16:53,709 transreid.image_train INFO: Best Rank-5: 77.4%
2026-06-11 15:16:53,709 transreid.image_train INFO: Best Rank-10: 79.5%
2026-06-11 15:17:00,028 transreid.image_train INFO: Epoch[104] Iteration[20/111] Loss: 7.596, Acc: 0.991,Acc1: 0.978,Acc2: 0.950, Base Lr: 1.73e-03,biloss:0.001,icloss:0.520,loss1:1.152, loss2:4.722, loss3:1.258, ploss:0.000,palign:0.000,total_loss:7.653,fceloss:0.0000
2026-06-11 15:17:05,234 transreid.image_train INFO: Epoch[104] Iteration[40/111] Loss: 7.550, Acc: 0.995,Acc1: 0.980,Acc2: 0.963, Base Lr: 1.73e-03,biloss:0.001,icloss:0.509,loss1:1.157, loss2:4.748, loss3:1.172, ploss:0.000,palign:0.000,total_loss:7.587,fceloss:0.0000
2026-06-11 15:17:10,434 transreid.image_train INFO: Epoch[104] Iteration[60/111] Loss: 7.532, Acc: 0.995,Acc1: 0.978,Acc2: 0.960, Base Lr: 1.73e-03,biloss:0.001,icloss:0.512,loss1:1.066, loss2:4.596, loss3:1.086, ploss:0.000,palign:0.000,total_loss:7.261,fceloss:0.0000
2026-06-11 15:17:15,619 transreid.image_train INFO: Epoch[104] Iteration[80/111] Loss: 7.510, Acc: 0.992,Acc1: 0.978,Acc2: 0.953, Base Lr: 1.73e-03,biloss:0.001,icloss:0.518,loss1:1.164, loss2:4.766, loss3:1.387, ploss:0.000,palign:0.000,total_loss:7.836,fceloss:0.0000
2026-06-11 15:17:20,795 transreid.image_train INFO: Epoch[104] Iteration[100/111] Loss: 7.471, Acc: 0.993,Acc1: 0.979,Acc2: 0.957, Base Lr: 1.73e-03,biloss:0.001,icloss:0.526,loss1:1.054, loss2:4.469, loss3:1.064, ploss:0.000,palign:0.000,total_loss:7.114,fceloss:0.0000
2026-06-11 15:17:23,177 transreid.image_train INFO: Epoch 104 done. Time per batch: 41.577[s] Speed: 0.8[samples/s]
2026-06-11 15:17:38,211 transreid.image_train INFO: Validation Results - Epoch: 104
2026-06-11 15:17:38,211 transreid.image_train INFO: mAP: 63.4%
2026-06-11 15:17:38,211 transreid.image_train INFO: CMC curve, Rank-1  :70.8%
2026-06-11 15:17:38,211 transreid.image_train INFO: CMC curve, Rank-5  :77.2%
2026-06-11 15:17:38,211 transreid.image_train INFO: CMC curve, Rank-10 :79.5%
2026-06-11 15:17:38,211 transreid.image_train INFO: Best mAP: 63.6%
2026-06-11 15:17:38,211 transreid.image_train INFO: Best Rank-1: 70.8%
2026-06-11 15:17:38,211 transreid.image_train INFO: Best Rank-5: 77.4%
2026-06-11 15:17:38,211 transreid.image_train INFO: Best Rank-10: 79.5%
2026-06-11 15:17:44,610 transreid.image_train INFO: Epoch[105] Iteration[20/111] Loss: 7.597, Acc: 0.991,Acc1: 0.969,Acc2: 0.955, Base Lr: 1.66e-03,biloss:0.001,icloss:0.549,loss1:1.105, loss2:4.634, loss3:1.261, ploss:0.000,palign:0.000,total_loss:7.550,fceloss:0.0000
2026-06-11 15:17:49,798 transreid.image_train INFO: Epoch[105] Iteration[40/111] Loss: 7.559, Acc: 0.987,Acc1: 0.975,Acc2: 0.955, Base Lr: 1.66e-03,biloss:0.001,icloss:0.548,loss1:1.080, loss2:4.526, loss3:1.076, ploss:0.000,palign:0.000,total_loss:7.229,fceloss:0.0000
2026-06-11 15:17:54,990 transreid.image_train INFO: Epoch[105] Iteration[60/111] Loss: 7.521, Acc: 0.990,Acc1: 0.981,Acc2: 0.954, Base Lr: 1.66e-03,biloss:0.001,icloss:0.542,loss1:1.144, loss2:4.647, loss3:1.176, ploss:0.000,palign:0.000,total_loss:7.510,fceloss:0.0000
2026-06-11 15:18:00,179 transreid.image_train INFO: Epoch[105] Iteration[80/111] Loss: 7.505, Acc: 0.989,Acc1: 0.982,Acc2: 0.952, Base Lr: 1.66e-03,biloss:0.001,icloss:0.552,loss1:1.099, loss2:4.554, loss3:1.278, ploss:0.000,palign:0.000,total_loss:7.484,fceloss:0.0000
2026-06-11 15:18:05,360 transreid.image_train INFO: Epoch[105] Iteration[100/111] Loss: 7.466, Acc: 0.990,Acc1: 0.980,Acc2: 0.954, Base Lr: 1.66e-03,biloss:0.001,icloss:0.565,loss1:1.039, loss2:4.404, loss3:1.053, ploss:0.000,palign:0.000,total_loss:7.062,fceloss:0.0000
2026-06-11 15:18:07,535 transreid.image_train INFO: Epoch 105 done. Time per batch: 41.984[s] Speed: 0.8[samples/s]
2026-06-11 15:18:22,265 transreid.image_train INFO: Validation Results - Epoch: 105
2026-06-11 15:18:22,265 transreid.image_train INFO: mAP: 63.2%
2026-06-11 15:18:22,265 transreid.image_train INFO: CMC curve, Rank-1  :70.6%
2026-06-11 15:18:22,265 transreid.image_train INFO: CMC curve, Rank-5  :76.7%
2026-06-11 15:18:22,265 transreid.image_train INFO: CMC curve, Rank-10 :79.4%
2026-06-11 15:18:22,265 transreid.image_train INFO: Best mAP: 63.6%
2026-06-11 15:18:22,265 transreid.image_train INFO: Best Rank-1: 70.8%
2026-06-11 15:18:22,265 transreid.image_train INFO: Best Rank-5: 77.4%
2026-06-11 15:18:22,265 transreid.image_train INFO: Best Rank-10: 79.5%
2026-06-11 15:18:28,526 transreid.image_train INFO: Epoch[106] Iteration[20/111] Loss: 7.533, Acc: 0.986,Acc1: 0.977,Acc2: 0.969, Base Lr: 1.59e-03,biloss:0.001,icloss:0.591,loss1:1.151, loss2:4.647, loss3:1.481, ploss:0.000,palign:0.000,total_loss:7.871,fceloss:0.0000
2026-06-11 15:18:33,705 transreid.image_train INFO: Epoch[106] Iteration[40/111] Loss: 7.498, Acc: 0.991,Acc1: 0.977,Acc2: 0.963, Base Lr: 1.59e-03,biloss:0.001,icloss:0.497,loss1:1.106, loss2:4.700, loss3:1.138, ploss:0.000,palign:0.000,total_loss:7.442,fceloss:0.0000
2026-06-11 15:18:38,890 transreid.image_train INFO: Epoch[106] Iteration[60/111] Loss: 7.494, Acc: 0.993,Acc1: 0.982,Acc2: 0.964, Base Lr: 1.59e-03,biloss:0.001,icloss:0.538,loss1:1.097, loss2:4.595, loss3:1.150, ploss:0.000,palign:0.000,total_loss:7.381,fceloss:0.0000
2026-06-11 15:18:44,078 transreid.image_train INFO: Epoch[106] Iteration[80/111] Loss: 7.469, Acc: 0.994,Acc1: 0.981,Acc2: 0.961, Base Lr: 1.59e-03,biloss:0.001,icloss:0.548,loss1:1.223, loss2:4.692, loss3:1.221, ploss:0.000,palign:0.000,total_loss:7.686,fceloss:0.0000
2026-06-11 15:18:49,262 transreid.image_train INFO: Epoch[106] Iteration[100/111] Loss: 7.448, Acc: 0.992,Acc1: 0.980,Acc2: 0.956, Base Lr: 1.59e-03,biloss:0.000,icloss:0.525,loss1:1.029, loss2:4.443, loss3:1.040, ploss:0.000,palign:0.000,total_loss:7.037,fceloss:0.0000
2026-06-11 15:18:51,694 transreid.image_train INFO: Epoch 106 done. Time per batch: 42.389[s] Speed: 0.8[samples/s]
2026-06-11 15:19:06,855 transreid.image_train INFO: Validation Results - Epoch: 106
2026-06-11 15:19:06,856 transreid.image_train INFO: mAP: 63.5%
2026-06-11 15:19:06,856 transreid.image_train INFO: CMC curve, Rank-1  :71.5%
2026-06-11 15:19:06,856 transreid.image_train INFO: CMC curve, Rank-5  :77.4%
2026-06-11 15:19:06,856 transreid.image_train INFO: CMC curve, Rank-10 :79.5%
2026-06-11 15:19:06,856 transreid.image_train INFO: Best mAP: 63.6%
2026-06-11 15:19:06,856 transreid.image_train INFO: Best Rank-1: 70.8%
2026-06-11 15:19:06,856 transreid.image_train INFO: Best Rank-5: 77.4%
2026-06-11 15:19:06,856 transreid.image_train INFO: Best Rank-10: 79.5%
2026-06-11 15:19:13,164 transreid.image_train INFO: Epoch[107] Iteration[20/111] Loss: 7.508, Acc: 0.998,Acc1: 0.981,Acc2: 0.956, Base Lr: 1.53e-03,biloss:0.000,icloss:0.554,loss1:1.071, loss2:4.556, loss3:1.085, ploss:0.000,palign:0.000,total_loss:7.267,fceloss:0.0000
2026-06-11 15:19:18,352 transreid.image_train INFO: Epoch[107] Iteration[40/111] Loss: 7.503, Acc: 0.998,Acc1: 0.988,Acc2: 0.966, Base Lr: 1.53e-03,biloss:0.001,icloss:0.569,loss1:1.123, loss2:4.609, loss3:1.157, ploss:0.000,palign:0.000,total_loss:7.459,fceloss:0.0000
2026-06-11 15:19:23,541 transreid.image_train INFO: Epoch[107] Iteration[60/111] Loss: 7.490, Acc: 0.995,Acc1: 0.978,Acc2: 0.963, Base Lr: 1.53e-03,biloss:0.001,icloss:0.551,loss1:1.072, loss2:4.534, loss3:1.100, ploss:0.000,palign:0.000,total_loss:7.258,fceloss:0.0000
2026-06-11 15:19:28,726 transreid.image_train INFO: Epoch[107] Iteration[80/111] Loss: 7.481, Acc: 0.991,Acc1: 0.977,Acc2: 0.950, Base Lr: 1.53e-03,biloss:0.001,icloss:0.551,loss1:1.144, loss2:4.659, loss3:1.474, ploss:0.000,palign:0.000,total_loss:7.828,fceloss:0.0000
2026-06-11 15:19:33,905 transreid.image_train INFO: Epoch[107] Iteration[100/111] Loss: 7.433, Acc: 0.991,Acc1: 0.979,Acc2: 0.949, Base Lr: 1.53e-03,biloss:0.000,icloss:0.535,loss1:1.023, loss2:4.435, loss3:1.041, ploss:0.000,palign:0.000,total_loss:7.035,fceloss:0.0000
2026-06-11 15:19:36,329 transreid.image_train INFO: Epoch 107 done. Time per batch: 42.799[s] Speed: 0.7[samples/s]
2026-06-11 15:19:51,322 transreid.image_train INFO: Validation Results - Epoch: 107
2026-06-11 15:19:51,323 transreid.image_train INFO: mAP: 63.6%
2026-06-11 15:19:51,323 transreid.image_train INFO: CMC curve, Rank-1  :71.9%
2026-06-11 15:19:51,323 transreid.image_train INFO: CMC curve, Rank-5  :77.4%
2026-06-11 15:19:51,323 transreid.image_train INFO: CMC curve, Rank-10 :79.5%
2026-06-11 15:19:53,100 transreid.image_train INFO: Best mAP: 63.6%
2026-06-11 15:19:53,100 transreid.image_train INFO: Best Rank-1: 71.9%
2026-06-11 15:19:53,100 transreid.image_train INFO: Best Rank-5: 77.4%
2026-06-11 15:19:53,100 transreid.image_train INFO: Best Rank-10: 79.5%
2026-06-11 15:19:59,442 transreid.image_train INFO: Epoch[108] Iteration[20/111] Loss: 7.560, Acc: 0.994,Acc1: 0.989,Acc2: 0.961, Base Lr: 1.46e-03,biloss:0.001,icloss:0.525,loss1:1.097, loss2:4.678, loss3:1.141, ploss:0.000,palign:0.000,total_loss:7.442,fceloss:0.0000
2026-06-11 15:20:04,626 transreid.image_train INFO: Epoch[108] Iteration[40/111] Loss: 7.515, Acc: 0.995,Acc1: 0.986,Acc2: 0.967, Base Lr: 1.46e-03,biloss:0.001,icloss:0.511,loss1:1.117, loss2:4.684, loss3:1.135, ploss:0.000,palign:0.000,total_loss:7.447,fceloss:0.0000
2026-06-11 15:20:09,807 transreid.image_train INFO: Epoch[108] Iteration[60/111] Loss: 7.508, Acc: 0.990,Acc1: 0.979,Acc2: 0.954, Base Lr: 1.46e-03,biloss:0.001,icloss:0.544,loss1:1.127, loss2:4.639, loss3:1.135, ploss:0.000,palign:0.000,total_loss:7.445,fceloss:0.0000
2026-06-11 15:20:14,987 transreid.image_train INFO: Epoch[108] Iteration[80/111] Loss: 7.475, Acc: 0.991,Acc1: 0.979,Acc2: 0.955, Base Lr: 1.46e-03,biloss:0.001,icloss:0.545,loss1:1.066, loss2:4.547, loss3:1.086, ploss:0.000,palign:0.000,total_loss:7.244,fceloss:0.0000
2026-06-11 15:20:19,912 transreid.image_train INFO: Epoch[108] Iteration[100/111] Loss: 7.437, Acc: 0.991,Acc1: 0.979,Acc2: 0.953, Base Lr: 1.46e-03,biloss:0.000,icloss:0.551,loss1:1.033, loss2:4.363, loss3:1.039, ploss:0.000,palign:0.000,total_loss:6.986,fceloss:0.0000
2026-06-11 15:20:21,610 transreid.image_train INFO: Epoch 108 done. Time per batch: 43.214[s] Speed: 0.7[samples/s]
2026-06-11 15:20:35,045 transreid.image_train INFO: Validation Results - Epoch: 108
2026-06-11 15:20:35,046 transreid.image_train INFO: mAP: 63.4%
2026-06-11 15:20:35,046 transreid.image_train INFO: CMC curve, Rank-1  :71.2%
2026-06-11 15:20:35,046 transreid.image_train INFO: CMC curve, Rank-5  :77.2%
2026-06-11 15:20:35,046 transreid.image_train INFO: CMC curve, Rank-10 :79.2%
2026-06-11 15:20:35,046 transreid.image_train INFO: Best mAP: 63.6%
2026-06-11 15:20:35,046 transreid.image_train INFO: Best Rank-1: 71.9%
2026-06-11 15:20:35,046 transreid.image_train INFO: Best Rank-5: 77.4%
2026-06-11 15:20:35,046 transreid.image_train INFO: Best Rank-10: 79.5%
2026-06-11 15:20:39,480 transreid.image_train INFO: Epoch[109] Iteration[20/111] Loss: 7.579, Acc: 0.981,Acc1: 0.973,Acc2: 0.947, Base Lr: 1.40e-03,biloss:0.000,icloss:0.548,loss1:1.103, loss2:4.594, loss3:1.114, ploss:0.000,palign:0.000,total_loss:7.359,fceloss:0.0000
2026-06-11 15:20:42,719 transreid.image_train INFO: Epoch[109] Iteration[40/111] Loss: 7.536, Acc: 0.989,Acc1: 0.977,Acc2: 0.954, Base Lr: 1.40e-03,biloss:0.000,icloss:0.555,loss1:1.177, loss2:4.602, loss3:1.220, ploss:0.000,palign:0.000,total_loss:7.555,fceloss:0.0000
2026-06-11 15:20:45,984 transreid.image_train INFO: Epoch[109] Iteration[60/111] Loss: 7.526, Acc: 0.992,Acc1: 0.975,Acc2: 0.953, Base Lr: 1.40e-03,biloss:0.000,icloss:0.542,loss1:1.115, loss2:4.643, loss3:1.142, ploss:0.000,palign:0.000,total_loss:7.443,fceloss:0.0000
2026-06-11 15:20:49,236 transreid.image_train INFO: Epoch[109] Iteration[80/111] Loss: 7.479, Acc: 0.992,Acc1: 0.978,Acc2: 0.954, Base Lr: 1.40e-03,biloss:0.001,icloss:0.554,loss1:1.031, loss2:4.467, loss3:1.145, ploss:0.000,palign:0.000,total_loss:7.199,fceloss:0.0000
2026-06-11 15:20:52,462 transreid.image_train INFO: Epoch[109] Iteration[100/111] Loss: 7.429, Acc: 0.993,Acc1: 0.980,Acc2: 0.954, Base Lr: 1.40e-03,biloss:0.001,icloss:0.558,loss1:1.093, loss2:4.601, loss3:1.357, ploss:0.000,palign:0.000,total_loss:7.610,fceloss:0.0000
2026-06-11 15:20:53,995 transreid.image_train INFO: Epoch 109 done. Time per batch: 43.511[s] Speed: 0.7[samples/s]
2026-06-11 15:21:03,715 transreid.image_train INFO: Validation Results - Epoch: 109
2026-06-11 15:21:03,715 transreid.image_train INFO: mAP: 63.0%
2026-06-11 15:21:03,715 transreid.image_train INFO: CMC curve, Rank-1  :70.5%
2026-06-11 15:21:03,715 transreid.image_train INFO: CMC curve, Rank-5  :77.2%
2026-06-11 15:21:03,715 transreid.image_train INFO: CMC curve, Rank-10 :79.5%
2026-06-11 15:21:03,715 transreid.image_train INFO: Best mAP: 63.6%
2026-06-11 15:21:03,716 transreid.image_train INFO: Best Rank-1: 71.9%
2026-06-11 15:21:03,716 transreid.image_train INFO: Best Rank-5: 77.4%
2026-06-11 15:21:03,716 transreid.image_train INFO: Best Rank-10: 79.5%
2026-06-11 15:21:07,970 transreid.image_train INFO: Epoch[110] Iteration[20/111] Loss: 7.652, Acc: 0.975,Acc1: 0.963,Acc2: 0.928, Base Lr: 1.34e-03,biloss:0.000,icloss:0.509,loss1:1.226, loss2:4.773, loss3:1.262, ploss:0.000,palign:0.000,total_loss:7.770,fceloss:0.0000
2026-06-11 15:21:11,368 transreid.image_train INFO: Epoch[110] Iteration[40/111] Loss: 7.546, Acc: 0.986,Acc1: 0.977,Acc2: 0.950, Base Lr: 1.34e-03,biloss:0.000,icloss:0.550,loss1:1.044, loss2:4.458, loss3:1.055, ploss:0.000,palign:0.000,total_loss:7.108,fceloss:0.0000
2026-06-11 15:21:14,587 transreid.image_train INFO: Epoch[110] Iteration[60/111] Loss: 7.519, Acc: 0.989,Acc1: 0.977,Acc2: 0.948, Base Lr: 1.34e-03,biloss:0.001,icloss:0.514,loss1:1.154, loss2:4.765, loss3:1.184, ploss:0.000,palign:0.000,total_loss:7.617,fceloss:0.0000
2026-06-11 15:21:17,798 transreid.image_train INFO: Epoch[110] Iteration[80/111] Loss: 7.476, Acc: 0.991,Acc1: 0.982,Acc2: 0.955, Base Lr: 1.34e-03,biloss:0.001,icloss:0.540,loss1:1.084, loss2:4.685, loss3:1.505, ploss:0.000,palign:0.000,total_loss:7.815,fceloss:0.0000
2026-06-11 15:21:20,975 transreid.image_train INFO: Epoch[110] Iteration[100/111] Loss: 7.431, Acc: 0.992,Acc1: 0.984,Acc2: 0.957, Base Lr: 1.34e-03,biloss:0.001,icloss:0.553,loss1:1.037, loss2:4.461, loss3:1.056, ploss:0.000,palign:0.000,total_loss:7.107,fceloss:0.0000
2026-06-11 15:21:22,526 transreid.image_train INFO: Epoch 110 done. Time per batch: 43.773[s] Speed: 0.7[samples/s]
2026-06-11 15:21:32,156 transreid.image_train INFO: Validation Results - Epoch: 110
2026-06-11 15:21:32,156 transreid.image_train INFO: mAP: 63.0%
2026-06-11 15:21:32,156 transreid.image_train INFO: CMC curve, Rank-1  :70.3%
2026-06-11 15:21:32,156 transreid.image_train INFO: CMC curve, Rank-5  :77.0%
2026-06-11 15:21:32,156 transreid.image_train INFO: CMC curve, Rank-10 :79.5%
2026-06-11 15:21:32,156 transreid.image_train INFO: Best mAP: 63.6%
2026-06-11 15:21:32,156 transreid.image_train INFO: Best Rank-1: 71.9%
2026-06-11 15:21:32,157 transreid.image_train INFO: Best Rank-5: 77.4%
2026-06-11 15:21:32,157 transreid.image_train INFO: Best Rank-10: 79.5%
2026-06-11 15:21:36,782 transreid.image_train INFO: Epoch[111] Iteration[20/111] Loss: 7.443, Acc: 0.995,Acc1: 0.997,Acc2: 0.975, Base Lr: 1.28e-03,biloss:0.001,icloss:0.544,loss1:1.107, loss2:4.586, loss3:1.115, ploss:0.000,palign:0.000,total_loss:7.352,fceloss:0.0000
2026-06-11 15:21:40,042 transreid.image_train INFO: Epoch[111] Iteration[40/111] Loss: 7.480, Acc: 0.991,Acc1: 0.979,Acc2: 0.964, Base Lr: 1.28e-03,biloss:0.000,icloss:0.527,loss1:1.132, loss2:4.601, loss3:1.150, ploss:0.000,palign:0.000,total_loss:7.410,fceloss:0.0000
2026-06-11 15:21:43,266 transreid.image_train INFO: Epoch[111] Iteration[60/111] Loss: 7.488, Acc: 0.990,Acc1: 0.976,Acc2: 0.963, Base Lr: 1.28e-03,biloss:0.001,icloss:0.553,loss1:1.237, loss2:4.622, loss3:1.280, ploss:0.000,palign:0.000,total_loss:7.693,fceloss:0.0000
2026-06-11 15:21:46,510 transreid.image_train INFO: Epoch[111] Iteration[80/111] Loss: 7.454, Acc: 0.992,Acc1: 0.982,Acc2: 0.965, Base Lr: 1.28e-03,biloss:0.000,icloss:0.550,loss1:1.073, loss2:4.511, loss3:1.080, ploss:0.000,palign:0.000,total_loss:7.214,fceloss:0.0000
2026-06-11 15:21:49,760 transreid.image_train INFO: Epoch[111] Iteration[100/111] Loss: 7.415, Acc: 0.992,Acc1: 0.983,Acc2: 0.962, Base Lr: 1.28e-03,biloss:0.001,icloss:0.557,loss1:1.086, loss2:4.508, loss3:1.073, ploss:0.000,palign:0.000,total_loss:7.225,fceloss:0.0000
2026-06-11 15:21:51,464 transreid.image_train INFO: Epoch 111 done. Time per batch: 43.638[s] Speed: 0.7[samples/s]
2026-06-11 15:22:01,102 transreid.image_train INFO: Validation Results - Epoch: 111
2026-06-11 15:22:01,103 transreid.image_train INFO: mAP: 63.1%
2026-06-11 15:22:01,103 transreid.image_train INFO: CMC curve, Rank-1  :71.9%
2026-06-11 15:22:01,103 transreid.image_train INFO: CMC curve, Rank-5  :76.7%
2026-06-11 15:22:01,103 transreid.image_train INFO: CMC curve, Rank-10 :79.2%
2026-06-11 15:22:01,103 transreid.image_train INFO: Best mAP: 63.6%
2026-06-11 15:22:01,103 transreid.image_train INFO: Best Rank-1: 71.9%
2026-06-11 15:22:01,103 transreid.image_train INFO: Best Rank-5: 77.4%
2026-06-11 15:22:01,103 transreid.image_train INFO: Best Rank-10: 79.5%
2026-06-11 15:22:05,568 transreid.image_train INFO: Epoch[112] Iteration[20/111] Loss: 7.499, Acc: 0.989,Acc1: 0.980,Acc2: 0.961, Base Lr: 1.21e-03,biloss:0.001,icloss:0.552,loss1:1.109, loss2:4.586, loss3:1.121, ploss:0.000,palign:0.000,total_loss:7.368,fceloss:0.0000
2026-06-11 15:22:08,787 transreid.image_train INFO: Epoch[112] Iteration[40/111] Loss: 7.507, Acc: 0.992,Acc1: 0.979,Acc2: 0.959, Base Lr: 1.21e-03,biloss:0.001,icloss:0.571,loss1:1.128, loss2:4.673, loss3:1.430, ploss:0.000,palign:0.000,total_loss:7.803,fceloss:0.0000
2026-06-11 15:22:12,019 transreid.image_train INFO: Epoch[112] Iteration[60/111] Loss: 7.486, Acc: 0.991,Acc1: 0.981,Acc2: 0.956, Base Lr: 1.21e-03,biloss:0.000,icloss:0.526,loss1:1.102, loss2:4.627, loss3:1.119, ploss:0.000,palign:0.000,total_loss:7.375,fceloss:0.0000
2026-06-11 15:22:15,245 transreid.image_train INFO: Epoch[112] Iteration[80/111] Loss: 7.450, Acc: 0.991,Acc1: 0.984,Acc2: 0.957, Base Lr: 1.21e-03,biloss:0.001,icloss:0.534,loss1:1.083, loss2:4.610, loss3:1.165, ploss:0.000,palign:0.000,total_loss:7.392,fceloss:0.0000
2026-06-11 15:22:18,474 transreid.image_train INFO: Epoch[112] Iteration[100/111] Loss: 7.404, Acc: 0.993,Acc1: 0.987,Acc2: 0.961, Base Lr: 1.21e-03,biloss:0.001,icloss:0.594,loss1:1.038, loss2:4.410, loss3:1.045, ploss:0.000,palign:0.000,total_loss:7.088,fceloss:0.0000
2026-06-11 15:22:20,134 transreid.image_train INFO: Epoch 112 done. Time per batch: 43.899[s] Speed: 0.7[samples/s]
2026-06-11 15:22:29,647 transreid.image_train INFO: Validation Results - Epoch: 112
2026-06-11 15:22:29,647 transreid.image_train INFO: mAP: 63.1%
2026-06-11 15:22:29,647 transreid.image_train INFO: CMC curve, Rank-1  :71.2%
2026-06-11 15:22:29,647 transreid.image_train INFO: CMC curve, Rank-5  :77.4%
2026-06-11 15:22:29,647 transreid.image_train INFO: CMC curve, Rank-10 :79.4%
2026-06-11 15:22:29,647 transreid.image_train INFO: Best mAP: 63.6%
2026-06-11 15:22:29,647 transreid.image_train INFO: Best Rank-1: 71.9%
2026-06-11 15:22:29,647 transreid.image_train INFO: Best Rank-5: 77.4%
2026-06-11 15:22:29,647 transreid.image_train INFO: Best Rank-10: 79.5%
2026-06-11 15:22:33,998 transreid.image_train INFO: Epoch[113] Iteration[20/111] Loss: 7.464, Acc: 0.988,Acc1: 0.981,Acc2: 0.956, Base Lr: 1.16e-03,biloss:0.000,icloss:0.535,loss1:1.139, loss2:4.626, loss3:1.151, ploss:0.000,palign:0.000,total_loss:7.452,fceloss:0.0000
2026-06-11 15:22:37,272 transreid.image_train INFO: Epoch[113] Iteration[40/111] Loss: 7.457, Acc: 0.991,Acc1: 0.985,Acc2: 0.963, Base Lr: 1.16e-03,biloss:0.001,icloss:0.554,loss1:1.113, loss2:4.572, loss3:1.111, ploss:0.000,palign:0.000,total_loss:7.350,fceloss:0.0000
2026-06-11 15:22:40,552 transreid.image_train INFO: Epoch[113] Iteration[60/111] Loss: 7.450, Acc: 0.992,Acc1: 0.981,Acc2: 0.963, Base Lr: 1.16e-03,biloss:0.001,icloss:0.527,loss1:1.173, loss2:4.702, loss3:1.174, ploss:0.000,palign:0.000,total_loss:7.576,fceloss:0.0000
2026-06-11 15:22:43,848 transreid.image_train INFO: Epoch[113] Iteration[80/111] Loss: 7.427, Acc: 0.992,Acc1: 0.983,Acc2: 0.957, Base Lr: 1.16e-03,biloss:0.000,icloss:0.554,loss1:1.058, loss2:4.497, loss3:1.059, ploss:0.000,palign:0.000,total_loss:7.169,fceloss:0.0000
2026-06-11 15:22:47,090 transreid.image_train INFO: Epoch[113] Iteration[100/111] Loss: 7.382, Acc: 0.994,Acc1: 0.985,Acc2: 0.957, Base Lr: 1.16e-03,biloss:0.000,icloss:0.523,loss1:1.086, loss2:4.603, loss3:1.097, ploss:0.000,palign:0.000,total_loss:7.310,fceloss:0.0000
2026-06-11 15:22:48,799 transreid.image_train INFO: Epoch 113 done. Time per batch: 44.159[s] Speed: 0.7[samples/s]
2026-06-11 15:22:58,481 transreid.image_train INFO: Validation Results - Epoch: 113
2026-06-11 15:22:58,482 transreid.image_train INFO: mAP: 63.2%
2026-06-11 15:22:58,482 transreid.image_train INFO: CMC curve, Rank-1  :71.4%
2026-06-11 15:22:58,482 transreid.image_train INFO: CMC curve, Rank-5  :77.0%
2026-06-11 15:22:58,482 transreid.image_train INFO: CMC curve, Rank-10 :79.4%
2026-06-11 15:22:58,482 transreid.image_train INFO: Best mAP: 63.6%
2026-06-11 15:22:58,482 transreid.image_train INFO: Best Rank-1: 71.9%
2026-06-11 15:22:58,482 transreid.image_train INFO: Best Rank-5: 77.4%
2026-06-11 15:22:58,482 transreid.image_train INFO: Best Rank-10: 79.5%
2026-06-11 15:23:02,799 transreid.image_train INFO: Epoch[114] Iteration[20/111] Loss: 7.485, Acc: 0.997,Acc1: 0.997,Acc2: 0.967, Base Lr: 1.10e-03,biloss:0.001,icloss:0.503,loss1:1.102, loss2:4.675, loss3:1.119, ploss:0.000,palign:0.000,total_loss:7.400,fceloss:0.0000
2026-06-11 15:23:06,024 transreid.image_train INFO: Epoch[114] Iteration[40/111] Loss: 7.466, Acc: 0.995,Acc1: 0.991,Acc2: 0.963, Base Lr: 1.10e-03,biloss:0.000,icloss:0.534,loss1:1.131, loss2:4.659, loss3:1.140, ploss:0.000,palign:0.000,total_loss:7.466,fceloss:0.0000
2026-06-11 15:23:09,189 transreid.image_train INFO: Epoch[114] Iteration[60/111] Loss: 7.474, Acc: 0.992,Acc1: 0.984,Acc2: 0.955, Base Lr: 1.10e-03,biloss:0.000,icloss:0.527,loss1:1.069, loss2:4.574, loss3:1.084, ploss:0.000,palign:0.000,total_loss:7.254,fceloss:0.0000
2026-06-11 15:23:12,370 transreid.image_train INFO: Epoch[114] Iteration[80/111] Loss: 7.428, Acc: 0.992,Acc1: 0.986,Acc2: 0.959, Base Lr: 1.10e-03,biloss:0.001,icloss:0.532,loss1:1.042, loss2:4.462, loss3:1.057, ploss:0.000,palign:0.000,total_loss:7.093,fceloss:0.0000
2026-06-11 15:23:15,553 transreid.image_train INFO: Epoch[114] Iteration[100/111] Loss: 7.396, Acc: 0.992,Acc1: 0.987,Acc2: 0.959, Base Lr: 1.10e-03,biloss:0.001,icloss:0.549,loss1:1.042, loss2:4.467, loss3:1.058, ploss:0.000,palign:0.000,total_loss:7.116,fceloss:0.0000
2026-06-11 15:23:17,125 transreid.image_train INFO: Epoch 114 done. Time per batch: 44.824[s] Speed: 0.7[samples/s]
2026-06-11 15:23:26,839 transreid.image_train INFO: Validation Results - Epoch: 114
2026-06-11 15:23:26,839 transreid.image_train INFO: mAP: 63.1%
2026-06-11 15:23:26,840 transreid.image_train INFO: CMC curve, Rank-1  :71.2%
2026-06-11 15:23:26,840 transreid.image_train INFO: CMC curve, Rank-5  :77.0%
2026-06-11 15:23:26,840 transreid.image_train INFO: CMC curve, Rank-10 :79.4%
2026-06-11 15:23:26,840 transreid.image_train INFO: Best mAP: 63.6%
2026-06-11 15:23:26,840 transreid.image_train INFO: Best Rank-1: 71.9%
2026-06-11 15:23:26,840 transreid.image_train INFO: Best Rank-5: 77.4%
2026-06-11 15:23:26,840 transreid.image_train INFO: Best Rank-10: 79.5%
2026-06-11 15:23:31,267 transreid.image_train INFO: Epoch[115] Iteration[20/111] Loss: 7.448, Acc: 0.998,Acc1: 0.997,Acc2: 0.970, Base Lr: 1.04e-03,biloss:0.001,icloss:0.530,loss1:1.058, loss2:4.552, loss3:1.076, ploss:0.000,palign:0.000,total_loss:7.216,fceloss:0.0000
2026-06-11 15:23:34,480 transreid.image_train INFO: Epoch[115] Iteration[40/111] Loss: 7.415, Acc: 0.996,Acc1: 0.993,Acc2: 0.976, Base Lr: 1.04e-03,biloss:0.001,icloss:0.540,loss1:1.162, loss2:4.672, loss3:1.241, ploss:0.000,palign:0.000,total_loss:7.615,fceloss:0.0000
2026-06-11 15:23:37,665 transreid.image_train INFO: Epoch[115] Iteration[60/111] Loss: 7.416, Acc: 0.996,Acc1: 0.990,Acc2: 0.960, Base Lr: 1.04e-03,biloss:0.001,icloss:0.523,loss1:1.097, loss2:4.701, loss3:1.805, ploss:0.000,palign:0.000,total_loss:8.127,fceloss:0.0000
2026-06-11 15:23:40,859 transreid.image_train INFO: Epoch[115] Iteration[80/111] Loss: 7.408, Acc: 0.993,Acc1: 0.988,Acc2: 0.955, Base Lr: 1.04e-03,biloss:0.001,icloss:0.535,loss1:1.067, loss2:4.521, loss3:1.061, ploss:0.000,palign:0.000,total_loss:7.186,fceloss:0.0000
2026-06-11 15:23:44,029 transreid.image_train INFO: Epoch[115] Iteration[100/111] Loss: 7.380, Acc: 0.992,Acc1: 0.986,Acc2: 0.958, Base Lr: 1.04e-03,biloss:0.000,icloss:0.554,loss1:1.042, loss2:4.411, loss3:1.057, ploss:0.000,palign:0.000,total_loss:7.064,fceloss:0.0000
2026-06-11 15:23:45,705 transreid.image_train INFO: Epoch 115 done. Time per batch: 44.676[s] Speed: 0.7[samples/s]
2026-06-11 15:23:55,357 transreid.image_train INFO: Validation Results - Epoch: 115
2026-06-11 15:23:55,358 transreid.image_train INFO: mAP: 63.2%
2026-06-11 15:23:55,358 transreid.image_train INFO: CMC curve, Rank-1  :71.4%
2026-06-11 15:23:55,358 transreid.image_train INFO: CMC curve, Rank-5  :77.2%
2026-06-11 15:23:55,358 transreid.image_train INFO: CMC curve, Rank-10 :79.4%
2026-06-11 15:23:55,358 transreid.image_train INFO: Best mAP: 63.6%
2026-06-11 15:23:55,358 transreid.image_train INFO: Best Rank-1: 71.9%
2026-06-11 15:23:55,358 transreid.image_train INFO: Best Rank-5: 77.4%
2026-06-11 15:23:55,358 transreid.image_train INFO: Best Rank-10: 79.5%
2026-06-11 15:23:59,947 transreid.image_train INFO: Epoch[116] Iteration[20/111] Loss: 7.507, Acc: 0.984,Acc1: 0.980,Acc2: 0.942, Base Lr: 9.86e-04,biloss:0.000,icloss:0.536,loss1:1.063, loss2:4.559, loss3:1.080, ploss:0.000,palign:0.000,total_loss:7.238,fceloss:0.0000
2026-06-11 15:24:03,198 transreid.image_train INFO: Epoch[116] Iteration[40/111] Loss: 7.457, Acc: 0.991,Acc1: 0.987,Acc2: 0.960, Base Lr: 9.86e-04,biloss:0.001,icloss:0.545,loss1:1.151, loss2:4.608, loss3:1.365, ploss:0.000,palign:0.000,total_loss:7.670,fceloss:0.0000
2026-06-11 15:24:06,613 transreid.image_train INFO: Epoch[116] Iteration[60/111] Loss: 7.421, Acc: 0.992,Acc1: 0.988,Acc2: 0.956, Base Lr: 9.86e-04,biloss:0.001,icloss:0.545,loss1:1.060, loss2:4.515, loss3:1.244, ploss:0.000,palign:0.000,total_loss:7.365,fceloss:0.0000
2026-06-11 15:24:09,842 transreid.image_train INFO: Epoch[116] Iteration[80/111] Loss: 7.396, Acc: 0.994,Acc1: 0.989,Acc2: 0.959, Base Lr: 9.86e-04,biloss:0.001,icloss:0.517,loss1:1.111, loss2:4.674, loss3:1.142, ploss:0.000,palign:0.000,total_loss:7.443,fceloss:0.0000
2026-06-11 15:24:13,083 transreid.image_train INFO: Epoch[116] Iteration[100/111] Loss: 7.375, Acc: 0.991,Acc1: 0.985,Acc2: 0.954, Base Lr: 9.86e-04,biloss:0.001,icloss:0.591,loss1:1.037, loss2:4.411, loss3:1.226, ploss:0.000,palign:0.000,total_loss:7.266,fceloss:0.0000
2026-06-11 15:24:14,631 transreid.image_train INFO: Epoch 116 done. Time per batch: 45.352[s] Speed: 0.7[samples/s]
2026-06-11 15:24:24,317 transreid.image_train INFO: Validation Results - Epoch: 116
2026-06-11 15:24:24,318 transreid.image_train INFO: mAP: 63.3%
2026-06-11 15:24:24,318 transreid.image_train INFO: CMC curve, Rank-1  :71.4%
2026-06-11 15:24:24,318 transreid.image_train INFO: CMC curve, Rank-5  :77.2%
2026-06-11 15:24:24,318 transreid.image_train INFO: CMC curve, Rank-10 :79.4%
2026-06-11 15:24:24,318 transreid.image_train INFO: Best mAP: 63.6%
2026-06-11 15:24:24,318 transreid.image_train INFO: Best Rank-1: 71.9%
2026-06-11 15:24:24,318 transreid.image_train INFO: Best Rank-5: 77.4%
2026-06-11 15:24:24,318 transreid.image_train INFO: Best Rank-10: 79.5%
2026-06-11 15:24:28,603 transreid.image_train INFO: Epoch[117] Iteration[20/111] Loss: 7.494, Acc: 0.988,Acc1: 0.984,Acc2: 0.961, Base Lr: 9.32e-04,biloss:0.001,icloss:0.549,loss1:1.135, loss2:4.668, loss3:1.169, ploss:0.000,palign:0.000,total_loss:7.522,fceloss:0.0000
2026-06-11 15:24:31,824 transreid.image_train INFO: Epoch[117] Iteration[40/111] Loss: 7.463, Acc: 0.993,Acc1: 0.988,Acc2: 0.965, Base Lr: 9.32e-04,biloss:0.001,icloss:0.543,loss1:1.071, loss2:4.564, loss3:1.097, ploss:0.000,palign:0.000,total_loss:7.276,fceloss:0.0000
2026-06-11 15:24:35,003 transreid.image_train INFO: Epoch[117] Iteration[60/111] Loss: 7.445, Acc: 0.993,Acc1: 0.986,Acc2: 0.958, Base Lr: 9.32e-04,biloss:0.001,icloss:0.523,loss1:1.090, loss2:4.647, loss3:1.103, ploss:0.000,palign:0.000,total_loss:7.365,fceloss:0.0000
2026-06-11 15:24:38,210 transreid.image_train INFO: Epoch[117] Iteration[80/111] Loss: 7.419, Acc: 0.993,Acc1: 0.985,Acc2: 0.958, Base Lr: 9.32e-04,biloss:0.001,icloss:0.543,loss1:1.085, loss2:4.585, loss3:1.095, ploss:0.000,palign:0.000,total_loss:7.309,fceloss:0.0000
2026-06-11 15:24:41,384 transreid.image_train INFO: Epoch[117] Iteration[100/111] Loss: 7.379, Acc: 0.991,Acc1: 0.986,Acc2: 0.956, Base Lr: 9.32e-04,biloss:0.000,icloss:0.555,loss1:1.070, loss2:4.447, loss3:1.095, ploss:0.000,palign:0.000,total_loss:7.167,fceloss:0.0000
2026-06-11 15:24:42,905 transreid.image_train INFO: Epoch 117 done. Time per batch: 45.611[s] Speed: 0.7[samples/s]
2026-06-11 15:24:52,589 transreid.image_train INFO: Validation Results - Epoch: 117
2026-06-11 15:24:52,589 transreid.image_train INFO: mAP: 63.2%
2026-06-11 15:24:52,589 transreid.image_train INFO: CMC curve, Rank-1  :71.4%
2026-06-11 15:24:52,589 transreid.image_train INFO: CMC curve, Rank-5  :77.0%
2026-06-11 15:24:52,589 transreid.image_train INFO: CMC curve, Rank-10 :79.2%
2026-06-11 15:24:52,589 transreid.image_train INFO: Best mAP: 63.6%
2026-06-11 15:24:52,589 transreid.image_train INFO: Best Rank-1: 71.9%
2026-06-11 15:24:52,589 transreid.image_train INFO: Best Rank-5: 77.4%
2026-06-11 15:24:52,590 transreid.image_train INFO: Best Rank-10: 79.5%
2026-06-11 15:24:57,009 transreid.image_train INFO: Epoch[118] Iteration[20/111] Loss: 7.436, Acc: 0.995,Acc1: 0.994,Acc2: 0.977, Base Lr: 8.79e-04,biloss:0.000,icloss:0.540,loss1:1.086, loss2:4.600, loss3:1.105, ploss:0.000,palign:0.000,total_loss:7.332,fceloss:0.0000
2026-06-11 15:25:00,200 transreid.image_train INFO: Epoch[118] Iteration[40/111] Loss: 7.429, Acc: 0.995,Acc1: 0.988,Acc2: 0.969, Base Lr: 8.79e-04,biloss:0.000,icloss:0.532,loss1:1.100, loss2:4.619, loss3:1.112, ploss:0.000,palign:0.000,total_loss:7.363,fceloss:0.0000
2026-06-11 15:25:03,422 transreid.image_train INFO: Epoch[118] Iteration[60/111] Loss: 7.424, Acc: 0.996,Acc1: 0.989,Acc2: 0.967, Base Lr: 8.79e-04,biloss:0.000,icloss:0.561,loss1:1.047, loss2:4.420, loss3:1.066, ploss:0.000,palign:0.000,total_loss:7.095,fceloss:0.0000
2026-06-11 15:25:06,669 transreid.image_train INFO: Epoch[118] Iteration[80/111] Loss: 7.411, Acc: 0.995,Acc1: 0.987,Acc2: 0.961, Base Lr: 8.79e-04,biloss:0.001,icloss:0.555,loss1:1.084, loss2:4.552, loss3:1.098, ploss:0.000,palign:0.000,total_loss:7.290,fceloss:0.0000
2026-06-11 15:25:09,873 transreid.image_train INFO: Epoch[118] Iteration[100/111] Loss: 7.381, Acc: 0.993,Acc1: 0.986,Acc2: 0.958, Base Lr: 8.79e-04,biloss:0.000,icloss:0.535,loss1:1.023, loss2:4.408, loss3:1.029, ploss:0.000,palign:0.000,total_loss:6.995,fceloss:0.0000
2026-06-11 15:25:11,409 transreid.image_train INFO: Epoch 118 done. Time per batch: 45.873[s] Speed: 0.7[samples/s]
2026-06-11 15:25:21,041 transreid.image_train INFO: Validation Results - Epoch: 118
2026-06-11 15:25:21,041 transreid.image_train INFO: mAP: 63.2%
2026-06-11 15:25:21,041 transreid.image_train INFO: CMC curve, Rank-1  :71.4%
2026-06-11 15:25:21,041 transreid.image_train INFO: CMC curve, Rank-5  :77.2%
2026-06-11 15:25:21,041 transreid.image_train INFO: CMC curve, Rank-10 :79.2%
2026-06-11 15:25:21,041 transreid.image_train INFO: Best mAP: 63.6%
2026-06-11 15:25:21,041 transreid.image_train INFO: Best Rank-1: 71.9%
2026-06-11 15:25:21,041 transreid.image_train INFO: Best Rank-5: 77.4%
2026-06-11 15:25:21,041 transreid.image_train INFO: Best Rank-10: 79.5%
2026-06-11 15:25:25,456 transreid.image_train INFO: Epoch[119] Iteration[20/111] Loss: 7.521, Acc: 0.989,Acc1: 0.983,Acc2: 0.958, Base Lr: 8.28e-04,biloss:0.001,icloss:0.532,loss1:1.217, loss2:4.696, loss3:1.237, ploss:0.000,palign:0.000,total_loss:7.682,fceloss:0.0000
2026-06-11 15:25:28,684 transreid.image_train INFO: Epoch[119] Iteration[40/111] Loss: 7.449, Acc: 0.993,Acc1: 0.988,Acc2: 0.964, Base Lr: 8.28e-04,biloss:0.000,icloss:0.527,loss1:1.039, loss2:4.509, loss3:1.050, ploss:0.000,palign:0.000,total_loss:7.126,fceloss:0.0000
2026-06-11 15:25:31,960 transreid.image_train INFO: Epoch[119] Iteration[60/111] Loss: 7.414, Acc: 0.993,Acc1: 0.990,Acc2: 0.966, Base Lr: 8.28e-04,biloss:0.001,icloss:0.526,loss1:1.055, loss2:4.555, loss3:1.152, ploss:0.000,palign:0.000,total_loss:7.289,fceloss:0.0000
2026-06-11 15:25:35,272 transreid.image_train INFO: Epoch[119] Iteration[80/111] Loss: 7.398, Acc: 0.993,Acc1: 0.986,Acc2: 0.960, Base Lr: 8.28e-04,biloss:0.001,icloss:0.581,loss1:1.046, loss2:4.420, loss3:1.203, ploss:0.000,palign:0.000,total_loss:7.251,fceloss:0.0000
2026-06-11 15:25:38,542 transreid.image_train INFO: Epoch[119] Iteration[100/111] Loss: 7.363, Acc: 0.992,Acc1: 0.986,Acc2: 0.962, Base Lr: 8.28e-04,biloss:0.001,icloss:0.565,loss1:1.039, loss2:4.452, loss3:1.115, ploss:0.000,palign:0.000,total_loss:7.170,fceloss:0.0000
2026-06-11 15:25:40,295 transreid.image_train INFO: Epoch 119 done. Time per batch: 45.718[s] Speed: 0.7[samples/s]
2026-06-11 15:25:49,886 transreid.image_train INFO: Validation Results - Epoch: 119
2026-06-11 15:25:49,886 transreid.image_train INFO: mAP: 63.2%
2026-06-11 15:25:49,886 transreid.image_train INFO: CMC curve, Rank-1  :71.4%
2026-06-11 15:25:49,886 transreid.image_train INFO: CMC curve, Rank-5  :77.0%
2026-06-11 15:25:49,886 transreid.image_train INFO: CMC curve, Rank-10 :79.4%
2026-06-11 15:25:49,887 transreid.image_train INFO: Best mAP: 63.6%
2026-06-11 15:25:49,887 transreid.image_train INFO: Best Rank-1: 71.9%
2026-06-11 15:25:49,887 transreid.image_train INFO: Best Rank-5: 77.4%
2026-06-11 15:25:49,887 transreid.image_train INFO: Best Rank-10: 79.5%
2026-06-11 15:25:54,175 transreid.image_train INFO: Epoch[120] Iteration[20/111] Loss: 7.413, Acc: 0.991,Acc1: 0.988,Acc2: 0.969, Base Lr: 7.78e-04,biloss:0.000,icloss:0.537,loss1:1.094, loss2:4.623, loss3:1.125, ploss:0.000,palign:0.000,total_loss:7.378,fceloss:0.0000
2026-06-11 15:25:57,371 transreid.image_train INFO: Epoch[120] Iteration[40/111] Loss: 7.408, Acc: 0.990,Acc1: 0.990,Acc2: 0.964, Base Lr: 7.78e-04,biloss:0.001,icloss:0.525,loss1:1.063, loss2:4.567, loss3:1.079, ploss:0.000,palign:0.000,total_loss:7.235,fceloss:0.0000
2026-06-11 15:26:00,580 transreid.image_train INFO: Epoch[120] Iteration[60/111] Loss: 7.377, Acc: 0.991,Acc1: 0.986,Acc2: 0.969, Base Lr: 7.78e-04,biloss:0.000,icloss:0.538,loss1:1.191, loss2:4.643, loss3:1.193, ploss:0.000,palign:0.000,total_loss:7.566,fceloss:0.0000
2026-06-11 15:26:03,780 transreid.image_train INFO: Epoch[120] Iteration[80/111] Loss: 7.364, Acc: 0.990,Acc1: 0.987,Acc2: 0.967, Base Lr: 7.78e-04,biloss:0.001,icloss:0.578,loss1:1.149, loss2:4.529, loss3:1.170, ploss:0.000,palign:0.000,total_loss:7.427,fceloss:0.0000
2026-06-11 15:26:06,965 transreid.image_train INFO: Epoch[120] Iteration[100/111] Loss: 7.350, Acc: 0.991,Acc1: 0.987,Acc2: 0.962, Base Lr: 7.78e-04,biloss:0.000,icloss:0.545,loss1:1.134, loss2:4.530, loss3:1.104, ploss:0.000,palign:0.000,total_loss:7.314,fceloss:0.0000
2026-06-11 15:26:08,645 transreid.image_train INFO: Epoch 120 done. Time per batch: 45.976[s] Speed: 0.7[samples/s]
2026-06-11 15:26:18,225 transreid.image_train INFO: Validation Results - Epoch: 120
2026-06-11 15:26:18,226 transreid.image_train INFO: mAP: 63.2%
2026-06-11 15:26:18,226 transreid.image_train INFO: CMC curve, Rank-1  :71.4%
2026-06-11 15:26:18,226 transreid.image_train INFO: CMC curve, Rank-5  :77.2%
2026-06-11 15:26:18,226 transreid.image_train INFO: CMC curve, Rank-10 :79.2%
2026-06-11 15:26:18,226 transreid.image_train INFO: Best mAP: 63.6%
2026-06-11 15:26:18,226 transreid.image_train INFO: Best Rank-1: 71.9%
2026-06-11 15:26:18,226 transreid.image_train INFO: Best Rank-5: 77.4%
2026-06-11 15:26:18,226 transreid.image_train INFO: Best Rank-10: 79.5%
2026-06-11 15:26:22,539 transreid.image_train INFO: Epoch[121] Iteration[20/111] Loss: 7.403, Acc: 0.998,Acc1: 0.992,Acc2: 0.975, Base Lr: 7.30e-04,biloss:0.001,icloss:0.558,loss1:1.077, loss2:4.531, loss3:1.099, ploss:0.000,palign:0.000,total_loss:7.266,fceloss:0.0000
2026-06-11 15:26:25,727 transreid.image_train INFO: Epoch[121] Iteration[40/111] Loss: 7.406, Acc: 0.997,Acc1: 0.990,Acc2: 0.973, Base Lr: 7.30e-04,biloss:0.000,icloss:0.554,loss1:1.059, loss2:4.480, loss3:1.074, ploss:0.000,palign:0.000,total_loss:7.166,fceloss:0.0000
2026-06-11 15:26:28,940 transreid.image_train INFO: Epoch[121] Iteration[60/111] Loss: 7.381, Acc: 0.996,Acc1: 0.986,Acc2: 0.970, Base Lr: 7.30e-04,biloss:0.000,icloss:0.510,loss1:1.080, loss2:4.642, loss3:1.101, ploss:0.000,palign:0.000,total_loss:7.333,fceloss:0.0000
2026-06-11 15:26:32,144 transreid.image_train INFO: Epoch[121] Iteration[80/111] Loss: 7.380, Acc: 0.995,Acc1: 0.985,Acc2: 0.962, Base Lr: 7.30e-04,biloss:0.000,icloss:0.532,loss1:1.058, loss2:4.506, loss3:1.070, ploss:0.000,palign:0.000,total_loss:7.166,fceloss:0.0000
2026-06-11 15:26:35,337 transreid.image_train INFO: Epoch[121] Iteration[100/111] Loss: 7.344, Acc: 0.995,Acc1: 0.985,Acc2: 0.959, Base Lr: 7.30e-04,biloss:0.001,icloss:0.567,loss1:1.123, loss2:4.525, loss3:1.325, ploss:0.000,palign:0.000,total_loss:7.541,fceloss:0.0000
2026-06-11 15:26:36,940 transreid.image_train INFO: Epoch 121 done. Time per batch: 46.657[s] Speed: 0.7[samples/s]
2026-06-11 15:26:46,583 transreid.image_train INFO: Validation Results - Epoch: 121
2026-06-11 15:26:46,584 transreid.image_train INFO: mAP: 63.3%
2026-06-11 15:26:46,584 transreid.image_train INFO: CMC curve, Rank-1  :71.5%
2026-06-11 15:26:46,584 transreid.image_train INFO: CMC curve, Rank-5  :77.2%
2026-06-11 15:26:46,584 transreid.image_train INFO: CMC curve, Rank-10 :79.4%
2026-06-11 15:26:46,584 transreid.image_train INFO: Best mAP: 63.6%
2026-06-11 15:26:46,584 transreid.image_train INFO: Best Rank-1: 71.9%
2026-06-11 15:26:46,584 transreid.image_train INFO: Best Rank-5: 77.4%
2026-06-11 15:26:46,584 transreid.image_train INFO: Best Rank-10: 79.5%
2026-06-11 15:26:51,051 transreid.image_train INFO: Epoch[122] Iteration[20/111] Loss: 7.416, Acc: 0.995,Acc1: 0.995,Acc2: 0.963, Base Lr: 6.83e-04,biloss:0.001,icloss:0.554,loss1:1.149, loss2:4.603, loss3:1.293, ploss:0.000,palign:0.000,total_loss:7.600,fceloss:0.0000
2026-06-11 15:26:54,283 transreid.image_train INFO: Epoch[122] Iteration[40/111] Loss: 7.438, Acc: 0.994,Acc1: 0.987,Acc2: 0.964, Base Lr: 6.83e-04,biloss:0.001,icloss:0.528,loss1:1.097, loss2:4.624, loss3:1.096, ploss:0.000,palign:0.000,total_loss:7.346,fceloss:0.0000
2026-06-11 15:26:57,513 transreid.image_train INFO: Epoch[122] Iteration[60/111] Loss: 7.416, Acc: 0.995,Acc1: 0.989,Acc2: 0.964, Base Lr: 6.83e-04,biloss:0.001,icloss:0.510,loss1:1.093, loss2:4.671, loss3:1.276, ploss:0.000,palign:0.000,total_loss:7.551,fceloss:0.0000
2026-06-11 15:27:00,734 transreid.image_train INFO: Epoch[122] Iteration[80/111] Loss: 7.406, Acc: 0.993,Acc1: 0.986,Acc2: 0.957, Base Lr: 6.83e-04,biloss:0.001,icloss:0.521,loss1:1.066, loss2:4.563, loss3:1.076, ploss:0.000,palign:0.000,total_loss:7.225,fceloss:0.0000
2026-06-11 15:27:04,072 transreid.image_train INFO: Epoch[122] Iteration[100/111] Loss: 7.349, Acc: 0.993,Acc1: 0.987,Acc2: 0.958, Base Lr: 6.83e-04,biloss:0.000,icloss:0.565,loss1:1.037, loss2:4.411, loss3:1.046, ploss:0.000,palign:0.000,total_loss:7.060,fceloss:0.0000
2026-06-11 15:27:05,578 transreid.image_train INFO: Epoch 122 done. Time per batch: 46.920[s] Speed: 0.7[samples/s]
2026-06-11 15:27:15,198 transreid.image_train INFO: Validation Results - Epoch: 122
2026-06-11 15:27:15,199 transreid.image_train INFO: mAP: 63.2%
2026-06-11 15:27:15,199 transreid.image_train INFO: CMC curve, Rank-1  :71.5%
2026-06-11 15:27:15,199 transreid.image_train INFO: CMC curve, Rank-5  :77.0%
2026-06-11 15:27:15,199 transreid.image_train INFO: CMC curve, Rank-10 :79.4%
2026-06-11 15:27:15,199 transreid.image_train INFO: Best mAP: 63.6%
2026-06-11 15:27:15,199 transreid.image_train INFO: Best Rank-1: 71.9%
2026-06-11 15:27:15,199 transreid.image_train INFO: Best Rank-5: 77.4%
2026-06-11 15:27:15,199 transreid.image_train INFO: Best Rank-10: 79.5%
2026-06-11 15:27:19,712 transreid.image_train INFO: Epoch[123] Iteration[20/111] Loss: 7.457, Acc: 0.998,Acc1: 0.994,Acc2: 0.967, Base Lr: 6.37e-04,biloss:0.000,icloss:0.557,loss1:1.054, loss2:4.507, loss3:1.075, ploss:0.000,palign:0.000,total_loss:7.194,fceloss:0.0000
2026-06-11 15:27:22,962 transreid.image_train INFO: Epoch[123] Iteration[40/111] Loss: 7.419, Acc: 0.994,Acc1: 0.994,Acc2: 0.972, Base Lr: 6.37e-04,biloss:0.001,icloss:0.561,loss1:1.148, loss2:4.553, loss3:1.114, ploss:0.000,palign:0.000,total_loss:7.377,fceloss:0.0000
2026-06-11 15:27:26,232 transreid.image_train INFO: Epoch[123] Iteration[60/111] Loss: 7.400, Acc: 0.994,Acc1: 0.992,Acc2: 0.964, Base Lr: 6.37e-04,biloss:0.000,icloss:0.539,loss1:1.058, loss2:4.558, loss3:1.077, ploss:0.000,palign:0.000,total_loss:7.233,fceloss:0.0000
2026-06-11 15:27:29,471 transreid.image_train INFO: Epoch[123] Iteration[80/111] Loss: 7.384, Acc: 0.989,Acc1: 0.986,Acc2: 0.958, Base Lr: 6.37e-04,biloss:0.001,icloss:0.563,loss1:1.149, loss2:4.574, loss3:1.334, ploss:0.000,palign:0.000,total_loss:7.621,fceloss:0.0000
2026-06-11 15:27:32,686 transreid.image_train INFO: Epoch[123] Iteration[100/111] Loss: 7.347, Acc: 0.991,Acc1: 0.987,Acc2: 0.961, Base Lr: 6.37e-04,biloss:0.001,icloss:0.533,loss1:1.030, loss2:4.419, loss3:1.039, ploss:0.000,palign:0.000,total_loss:7.021,fceloss:0.0000
2026-06-11 15:27:34,190 transreid.image_train INFO: Epoch 123 done. Time per batch: 47.183[s] Speed: 0.7[samples/s]
2026-06-11 15:27:44,036 transreid.image_train INFO: Validation Results - Epoch: 123
2026-06-11 15:27:44,036 transreid.image_train INFO: mAP: 63.5%
2026-06-11 15:27:44,036 transreid.image_train INFO: CMC curve, Rank-1  :71.7%
2026-06-11 15:27:44,036 transreid.image_train INFO: CMC curve, Rank-5  :77.0%
2026-06-11 15:27:44,036 transreid.image_train INFO: CMC curve, Rank-10 :79.4%
2026-06-11 15:27:44,036 transreid.image_train INFO: Best mAP: 63.6%
2026-06-11 15:27:44,036 transreid.image_train INFO: Best Rank-1: 71.9%
2026-06-11 15:27:44,036 transreid.image_train INFO: Best Rank-5: 77.4%
2026-06-11 15:27:44,036 transreid.image_train INFO: Best Rank-10: 79.5%
2026-06-11 15:27:48,356 transreid.image_train INFO: Epoch[124] Iteration[20/111] Loss: 7.448, Acc: 0.992,Acc1: 0.984,Acc2: 0.959, Base Lr: 5.93e-04,biloss:0.001,icloss:0.567,loss1:1.090, loss2:4.543, loss3:1.102, ploss:0.000,palign:0.000,total_loss:7.302,fceloss:0.0000
2026-06-11 15:27:51,553 transreid.image_train INFO: Epoch[124] Iteration[40/111] Loss: 7.424, Acc: 0.995,Acc1: 0.984,Acc2: 0.959, Base Lr: 5.93e-04,biloss:0.001,icloss:0.541,loss1:1.077, loss2:4.589, loss3:1.156, ploss:0.000,palign:0.000,total_loss:7.364,fceloss:0.0000
2026-06-11 15:27:54,761 transreid.image_train INFO: Epoch[124] Iteration[60/111] Loss: 7.413, Acc: 0.993,Acc1: 0.983,Acc2: 0.957, Base Lr: 5.93e-04,biloss:0.000,icloss:0.558,loss1:1.112, loss2:4.706, loss3:1.367, ploss:0.000,palign:0.000,total_loss:7.743,fceloss:0.0000
2026-06-11 15:27:57,942 transreid.image_train INFO: Epoch[124] Iteration[80/111] Loss: 7.400, Acc: 0.992,Acc1: 0.982,Acc2: 0.957, Base Lr: 5.93e-04,biloss:0.001,icloss:0.578,loss1:1.175, loss2:4.519, loss3:1.470, ploss:0.000,palign:0.000,total_loss:7.742,fceloss:0.0000
2026-06-11 15:28:01,162 transreid.image_train INFO: Epoch[124] Iteration[100/111] Loss: 7.356, Acc: 0.993,Acc1: 0.986,Acc2: 0.958, Base Lr: 5.93e-04,biloss:0.000,icloss:0.570,loss1:1.032, loss2:4.343, loss3:1.037, ploss:0.000,palign:0.000,total_loss:6.982,fceloss:0.0000
2026-06-11 15:28:02,538 transreid.image_train INFO: Epoch 124 done. Time per batch: 47.882[s] Speed: 0.7[samples/s]
2026-06-11 15:28:12,362 transreid.image_train INFO: Validation Results - Epoch: 124
2026-06-11 15:28:12,363 transreid.image_train INFO: mAP: 63.3%
2026-06-11 15:28:12,363 transreid.image_train INFO: CMC curve, Rank-1  :71.4%
2026-06-11 15:28:12,363 transreid.image_train INFO: CMC curve, Rank-5  :77.6%
2026-06-11 15:28:12,363 transreid.image_train INFO: CMC curve, Rank-10 :79.4%
2026-06-11 15:28:12,363 transreid.image_train INFO: Best mAP: 63.6%
2026-06-11 15:28:12,363 transreid.image_train INFO: Best Rank-1: 71.9%
2026-06-11 15:28:12,363 transreid.image_train INFO: Best Rank-5: 77.4%
2026-06-11 15:28:12,363 transreid.image_train INFO: Best Rank-10: 79.5%
2026-06-11 15:28:16,752 transreid.image_train INFO: Epoch[125] Iteration[20/111] Loss: 7.493, Acc: 0.997,Acc1: 0.972,Acc2: 0.953, Base Lr: 5.51e-04,biloss:0.000,icloss:0.540,loss1:1.104, loss2:4.609, loss3:1.112, ploss:0.000,palign:0.000,total_loss:7.366,fceloss:0.0000
2026-06-11 15:28:19,976 transreid.image_train INFO: Epoch[125] Iteration[40/111] Loss: 7.471, Acc: 0.995,Acc1: 0.978,Acc2: 0.954, Base Lr: 5.51e-04,biloss:0.001,icloss:0.527,loss1:1.087, loss2:4.582, loss3:1.087, ploss:0.000,palign:0.000,total_loss:7.284,fceloss:0.0000
2026-06-11 15:28:23,184 transreid.image_train INFO: Epoch[125] Iteration[60/111] Loss: 7.428, Acc: 0.995,Acc1: 0.984,Acc2: 0.963, Base Lr: 5.51e-04,biloss:0.001,icloss:0.597,loss1:1.058, loss2:4.435, loss3:1.077, ploss:0.000,palign:0.000,total_loss:7.167,fceloss:0.0000
2026-06-11 15:28:26,377 transreid.image_train INFO: Epoch[125] Iteration[80/111] Loss: 7.386, Acc: 0.995,Acc1: 0.986,Acc2: 0.964, Base Lr: 5.51e-04,biloss:0.000,icloss:0.519,loss1:1.062, loss2:4.553, loss3:1.067, ploss:0.000,palign:0.000,total_loss:7.201,fceloss:0.0000
2026-06-11 15:28:29,584 transreid.image_train INFO: Epoch[125] Iteration[100/111] Loss: 7.353, Acc: 0.994,Acc1: 0.986,Acc2: 0.962, Base Lr: 5.51e-04,biloss:0.000,icloss:0.554,loss1:1.071, loss2:4.501, loss3:1.162, ploss:0.000,palign:0.000,total_loss:7.287,fceloss:0.0000
2026-06-11 15:28:31,136 transreid.image_train INFO: Epoch 125 done. Time per batch: 47.705[s] Speed: 0.7[samples/s]
2026-06-11 15:28:40,756 transreid.image_train INFO: Validation Results - Epoch: 125
2026-06-11 15:28:40,756 transreid.image_train INFO: mAP: 63.1%
2026-06-11 15:28:40,756 transreid.image_train INFO: CMC curve, Rank-1  :71.2%
2026-06-11 15:28:40,757 transreid.image_train INFO: CMC curve, Rank-5  :77.4%
2026-06-11 15:28:40,757 transreid.image_train INFO: CMC curve, Rank-10 :79.4%
2026-06-11 15:28:40,757 transreid.image_train INFO: Best mAP: 63.6%
2026-06-11 15:28:40,757 transreid.image_train INFO: Best Rank-1: 71.9%
2026-06-11 15:28:40,757 transreid.image_train INFO: Best Rank-5: 77.4%
2026-06-11 15:28:40,757 transreid.image_train INFO: Best Rank-10: 79.5%
2026-06-11 15:28:44,998 transreid.image_train INFO: Epoch[126] Iteration[20/111] Loss: 7.397, Acc: 0.992,Acc1: 0.983,Acc2: 0.981, Base Lr: 5.10e-04,biloss:0.001,icloss:0.536,loss1:1.120, loss2:4.638, loss3:1.142, ploss:0.000,palign:0.000,total_loss:7.437,fceloss:0.0000
2026-06-11 15:28:48,232 transreid.image_train INFO: Epoch[126] Iteration[40/111] Loss: 7.381, Acc: 0.991,Acc1: 0.984,Acc2: 0.970, Base Lr: 5.10e-04,biloss:0.000,icloss:0.521,loss1:1.053, loss2:4.522, loss3:1.059, ploss:0.000,palign:0.000,total_loss:7.155,fceloss:0.0000
2026-06-11 15:28:51,472 transreid.image_train INFO: Epoch[126] Iteration[60/111] Loss: 7.370, Acc: 0.993,Acc1: 0.988,Acc2: 0.972, Base Lr: 5.10e-04,biloss:0.001,icloss:0.568,loss1:1.095, loss2:4.536, loss3:1.102, ploss:0.000,palign:0.000,total_loss:7.303,fceloss:0.0000
2026-06-11 15:28:54,673 transreid.image_train INFO: Epoch[126] Iteration[80/111] Loss: 7.356, Acc: 0.992,Acc1: 0.987,Acc2: 0.967, Base Lr: 5.10e-04,biloss:0.000,icloss:0.550,loss1:1.064, loss2:4.521, loss3:1.072, ploss:0.000,palign:0.000,total_loss:7.208,fceloss:0.0000
2026-06-11 15:28:57,918 transreid.image_train INFO: Epoch[126] Iteration[100/111] Loss: 7.336, Acc: 0.992,Acc1: 0.987,Acc2: 0.966, Base Lr: 5.10e-04,biloss:0.000,icloss:0.523,loss1:1.034, loss2:4.476, loss3:1.046, ploss:0.000,palign:0.000,total_loss:7.080,fceloss:0.0000
2026-06-11 15:28:59,461 transreid.image_train INFO: Epoch 126 done. Time per batch: 47.965[s] Speed: 0.7[samples/s]
2026-06-11 15:29:09,098 transreid.image_train INFO: Validation Results - Epoch: 126
2026-06-11 15:29:09,098 transreid.image_train INFO: mAP: 63.4%
2026-06-11 15:29:09,098 transreid.image_train INFO: CMC curve, Rank-1  :71.7%
2026-06-11 15:29:09,098 transreid.image_train INFO: CMC curve, Rank-5  :77.2%
2026-06-11 15:29:09,099 transreid.image_train INFO: CMC curve, Rank-10 :79.0%
2026-06-11 15:29:09,099 transreid.image_train INFO: Best mAP: 63.6%
2026-06-11 15:29:09,099 transreid.image_train INFO: Best Rank-1: 71.9%
2026-06-11 15:29:09,099 transreid.image_train INFO: Best Rank-5: 77.4%
2026-06-11 15:29:09,099 transreid.image_train INFO: Best Rank-10: 79.5%
2026-06-11 15:29:13,488 transreid.image_train INFO: Epoch[127] Iteration[20/111] Loss: 7.474, Acc: 0.984,Acc1: 0.983,Acc2: 0.945, Base Lr: 4.70e-04,biloss:0.000,icloss:0.553,loss1:1.077, loss2:4.527, loss3:1.091, ploss:0.000,palign:0.000,total_loss:7.248,fceloss:0.0000
2026-06-11 15:29:16,701 transreid.image_train INFO: Epoch[127] Iteration[40/111] Loss: 7.443, Acc: 0.985,Acc1: 0.982,Acc2: 0.959, Base Lr: 4.70e-04,biloss:0.000,icloss:0.546,loss1:1.107, loss2:4.605, loss3:1.110, ploss:0.000,palign:0.000,total_loss:7.369,fceloss:0.0000
2026-06-11 15:29:19,963 transreid.image_train INFO: Epoch[127] Iteration[60/111] Loss: 7.398, Acc: 0.990,Acc1: 0.987,Acc2: 0.962, Base Lr: 4.70e-04,biloss:0.001,icloss:0.530,loss1:1.066, loss2:4.556, loss3:1.187, ploss:0.000,palign:0.000,total_loss:7.340,fceloss:0.0000
2026-06-11 15:29:23,202 transreid.image_train INFO: Epoch[127] Iteration[80/111] Loss: 7.384, Acc: 0.990,Acc1: 0.985,Acc2: 0.958, Base Lr: 4.70e-04,biloss:0.001,icloss:0.544,loss1:1.092, loss2:4.605, loss3:1.176, ploss:0.000,palign:0.000,total_loss:7.418,fceloss:0.0000
2026-06-11 15:29:26,413 transreid.image_train INFO: Epoch[127] Iteration[100/111] Loss: 7.337, Acc: 0.991,Acc1: 0.987,Acc2: 0.961, Base Lr: 4.70e-04,biloss:0.000,icloss:0.531,loss1:1.025, loss2:4.404, loss3:1.031, ploss:0.000,palign:0.000,total_loss:6.991,fceloss:0.0000
2026-06-11 15:29:27,929 transreid.image_train INFO: Epoch 127 done. Time per batch: 48.226[s] Speed: 0.7[samples/s]
2026-06-11 15:29:37,581 transreid.image_train INFO: Validation Results - Epoch: 127
2026-06-11 15:29:37,581 transreid.image_train INFO: mAP: 63.4%
2026-06-11 15:29:37,581 transreid.image_train INFO: CMC curve, Rank-1  :71.5%
2026-06-11 15:29:37,581 transreid.image_train INFO: CMC curve, Rank-5  :77.0%
2026-06-11 15:29:37,581 transreid.image_train INFO: CMC curve, Rank-10 :79.4%
2026-06-11 15:29:37,581 transreid.image_train INFO: Best mAP: 63.6%
2026-06-11 15:29:37,582 transreid.image_train INFO: Best Rank-1: 71.9%
2026-06-11 15:29:37,582 transreid.image_train INFO: Best Rank-5: 77.4%
2026-06-11 15:29:37,582 transreid.image_train INFO: Best Rank-10: 79.5%
2026-06-11 15:29:41,879 transreid.image_train INFO: Epoch[128] Iteration[20/111] Loss: 7.375, Acc: 0.997,Acc1: 0.991,Acc2: 0.978, Base Lr: 4.32e-04,biloss:0.001,icloss:0.549,loss1:1.144, loss2:4.629, loss3:1.139, ploss:0.000,palign:0.000,total_loss:7.463,fceloss:0.0000
2026-06-11 15:29:45,104 transreid.image_train INFO: Epoch[128] Iteration[40/111] Loss: 7.401, Acc: 0.996,Acc1: 0.986,Acc2: 0.963, Base Lr: 4.32e-04,biloss:0.001,icloss:0.557,loss1:1.115, loss2:4.653, loss3:1.364, ploss:0.000,palign:0.000,total_loss:7.690,fceloss:0.0000
2026-06-11 15:29:48,303 transreid.image_train INFO: Epoch[128] Iteration[60/111] Loss: 7.403, Acc: 0.994,Acc1: 0.985,Acc2: 0.961, Base Lr: 4.32e-04,biloss:0.001,icloss:0.579,loss1:1.144, loss2:4.599, loss3:1.400, ploss:0.000,palign:0.000,total_loss:7.724,fceloss:0.0000
2026-06-11 15:29:51,501 transreid.image_train INFO: Epoch[128] Iteration[80/111] Loss: 7.363, Acc: 0.995,Acc1: 0.987,Acc2: 0.967, Base Lr: 4.32e-04,biloss:0.000,icloss:0.562,loss1:1.127, loss2:4.545, loss3:1.142, ploss:0.000,palign:0.000,total_loss:7.377,fceloss:0.0000
2026-06-11 15:29:54,700 transreid.image_train INFO: Epoch[128] Iteration[100/111] Loss: 7.346, Acc: 0.992,Acc1: 0.987,Acc2: 0.963, Base Lr: 4.32e-04,biloss:0.001,icloss:0.544,loss1:1.027, loss2:4.433, loss3:1.220, ploss:0.000,palign:0.000,total_loss:7.225,fceloss:0.0000
2026-06-11 15:29:56,290 transreid.image_train INFO: Epoch 128 done. Time per batch: 48.486[s] Speed: 0.7[samples/s]
2026-06-11 15:30:05,891 transreid.image_train INFO: Validation Results - Epoch: 128
2026-06-11 15:30:05,892 transreid.image_train INFO: mAP: 63.4%
2026-06-11 15:30:05,892 transreid.image_train INFO: CMC curve, Rank-1  :71.5%
2026-06-11 15:30:05,892 transreid.image_train INFO: CMC curve, Rank-5  :77.2%
2026-06-11 15:30:05,892 transreid.image_train INFO: CMC curve, Rank-10 :79.2%
2026-06-11 15:30:05,892 transreid.image_train INFO: Best mAP: 63.6%
2026-06-11 15:30:05,892 transreid.image_train INFO: Best Rank-1: 71.9%
2026-06-11 15:30:05,892 transreid.image_train INFO: Best Rank-5: 77.4%
2026-06-11 15:30:05,892 transreid.image_train INFO: Best Rank-10: 79.5%
2026-06-11 15:30:10,444 transreid.image_train INFO: Epoch[129] Iteration[20/111] Loss: 7.455, Acc: 0.991,Acc1: 0.969,Acc2: 0.956, Base Lr: 3.96e-04,biloss:0.001,icloss:0.553,loss1:1.082, loss2:4.568, loss3:1.106, ploss:0.000,palign:0.000,total_loss:7.309,fceloss:0.0000
2026-06-11 15:30:13,710 transreid.image_train INFO: Epoch[129] Iteration[40/111] Loss: 7.432, Acc: 0.988,Acc1: 0.977,Acc2: 0.962, Base Lr: 3.96e-04,biloss:0.000,icloss:0.546,loss1:1.047, loss2:4.453, loss3:1.053, ploss:0.000,palign:0.000,total_loss:7.099,fceloss:0.0000
2026-06-11 15:30:17,004 transreid.image_train INFO: Epoch[129] Iteration[60/111] Loss: 7.383, Acc: 0.992,Acc1: 0.981,Acc2: 0.965, Base Lr: 3.96e-04,biloss:0.001,icloss:0.541,loss1:1.046, loss2:4.557, loss3:1.197, ploss:0.000,palign:0.000,total_loss:7.341,fceloss:0.0000
2026-06-11 15:30:20,269 transreid.image_train INFO: Epoch[129] Iteration[80/111] Loss: 7.370, Acc: 0.993,Acc1: 0.983,Acc2: 0.965, Base Lr: 3.96e-04,biloss:0.001,icloss:0.537,loss1:1.047, loss2:4.518, loss3:1.229, ploss:0.000,palign:0.000,total_loss:7.332,fceloss:0.0000
2026-06-11 15:30:23,536 transreid.image_train INFO: Epoch[129] Iteration[100/111] Loss: 7.329, Acc: 0.994,Acc1: 0.986,Acc2: 0.966, Base Lr: 3.96e-04,biloss:0.000,icloss:0.535,loss1:1.021, loss2:4.382, loss3:1.023, ploss:0.000,palign:0.000,total_loss:6.961,fceloss:0.0000
2026-06-11 15:30:25,057 transreid.image_train INFO: Epoch 129 done. Time per batch: 48.750[s] Speed: 0.7[samples/s]
2026-06-11 15:30:34,642 transreid.image_train INFO: Validation Results - Epoch: 129
2026-06-11 15:30:34,642 transreid.image_train INFO: mAP: 63.1%
2026-06-11 15:30:34,642 transreid.image_train INFO: CMC curve, Rank-1  :71.0%
2026-06-11 15:30:34,642 transreid.image_train INFO: CMC curve, Rank-5  :77.4%
2026-06-11 15:30:34,642 transreid.image_train INFO: CMC curve, Rank-10 :79.2%
2026-06-11 15:30:34,642 transreid.image_train INFO: Best mAP: 63.6%
2026-06-11 15:30:34,642 transreid.image_train INFO: Best Rank-1: 71.9%
2026-06-11 15:30:34,642 transreid.image_train INFO: Best Rank-5: 77.4%
2026-06-11 15:30:34,642 transreid.image_train INFO: Best Rank-10: 79.5%
2026-06-11 15:30:39,122 transreid.image_train INFO: Epoch[130] Iteration[20/111] Loss: 7.441, Acc: 0.986,Acc1: 0.980,Acc2: 0.945, Base Lr: 3.61e-04,biloss:0.001,icloss:0.544,loss1:1.063, loss2:4.521, loss3:1.072, ploss:0.000,palign:0.000,total_loss:7.200,fceloss:0.0000
2026-06-11 15:30:42,380 transreid.image_train INFO: Epoch[130] Iteration[40/111] Loss: 7.415, Acc: 0.992,Acc1: 0.985,Acc2: 0.953, Base Lr: 3.61e-04,biloss:0.001,icloss:0.545,loss1:1.125, loss2:4.641, loss3:1.140, ploss:0.000,palign:0.000,total_loss:7.452,fceloss:0.0000
2026-06-11 15:30:45,598 transreid.image_train INFO: Epoch[130] Iteration[60/111] Loss: 7.402, Acc: 0.991,Acc1: 0.981,Acc2: 0.958, Base Lr: 3.61e-04,biloss:0.001,icloss:0.589,loss1:1.066, loss2:4.505, loss3:1.205, ploss:0.000,palign:0.000,total_loss:7.365,fceloss:0.0000
2026-06-11 15:30:48,856 transreid.image_train INFO: Epoch[130] Iteration[80/111] Loss: 7.359, Acc: 0.993,Acc1: 0.986,Acc2: 0.963, Base Lr: 3.61e-04,biloss:0.001,icloss:0.536,loss1:1.028, loss2:4.388, loss3:1.036, ploss:0.000,palign:0.000,total_loss:6.989,fceloss:0.0000
2026-06-11 15:30:52,077 transreid.image_train INFO: Epoch[130] Iteration[100/111] Loss: 7.336, Acc: 0.993,Acc1: 0.987,Acc2: 0.961, Base Lr: 3.61e-04,biloss:0.001,icloss:0.579,loss1:1.072, loss2:4.422, loss3:1.104, ploss:0.000,palign:0.000,total_loss:7.177,fceloss:0.0000
2026-06-11 15:30:53,611 transreid.image_train INFO: Epoch 130 done. Time per batch: 49.012[s] Speed: 0.7[samples/s]
2026-06-11 15:31:03,132 transreid.image_train INFO: Validation Results - Epoch: 130
2026-06-11 15:31:03,133 transreid.image_train INFO: mAP: 63.3%
2026-06-11 15:31:03,133 transreid.image_train INFO: CMC curve, Rank-1  :71.4%
2026-06-11 15:31:03,133 transreid.image_train INFO: CMC curve, Rank-5  :77.2%
2026-06-11 15:31:03,133 transreid.image_train INFO: CMC curve, Rank-10 :79.4%
2026-06-11 15:31:03,133 transreid.image_train INFO: Best mAP: 63.6%
2026-06-11 15:31:03,133 transreid.image_train INFO: Best Rank-1: 71.9%
2026-06-11 15:31:03,133 transreid.image_train INFO: Best Rank-5: 77.4%
2026-06-11 15:31:03,133 transreid.image_train INFO: Best Rank-10: 79.5%
2026-06-11 15:31:07,537 transreid.image_train INFO: Epoch[131] Iteration[20/111] Loss: 7.381, Acc: 0.992,Acc1: 0.991,Acc2: 0.966, Base Lr: 3.28e-04,biloss:0.001,icloss:0.522,loss1:1.078, loss2:4.592, loss3:1.143, ploss:0.000,palign:0.000,total_loss:7.336,fceloss:0.0000
2026-06-11 15:31:10,760 transreid.image_train INFO: Epoch[131] Iteration[40/111] Loss: 7.416, Acc: 0.991,Acc1: 0.989,Acc2: 0.956, Base Lr: 3.28e-04,biloss:0.001,icloss:0.535,loss1:1.073, loss2:4.562, loss3:1.093, ploss:0.000,palign:0.000,total_loss:7.263,fceloss:0.0000
2026-06-11 15:31:14,025 transreid.image_train INFO: Epoch[131] Iteration[60/111] Loss: 7.380, Acc: 0.993,Acc1: 0.989,Acc2: 0.968, Base Lr: 3.28e-04,biloss:0.001,icloss:0.564,loss1:1.035, loss2:4.443, loss3:1.046, ploss:0.000,palign:0.000,total_loss:7.089,fceloss:0.0000
2026-06-11 15:31:17,245 transreid.image_train INFO: Epoch[131] Iteration[80/111] Loss: 7.370, Acc: 0.993,Acc1: 0.988,Acc2: 0.962, Base Lr: 3.28e-04,biloss:0.001,icloss:0.570,loss1:1.078, loss2:4.458, loss3:1.130, ploss:0.000,palign:0.000,total_loss:7.237,fceloss:0.0000
2026-06-11 15:31:20,461 transreid.image_train INFO: Epoch[131] Iteration[100/111] Loss: 7.332, Acc: 0.993,Acc1: 0.986,Acc2: 0.962, Base Lr: 3.28e-04,biloss:0.001,icloss:0.571,loss1:1.104, loss2:4.409, loss3:1.203, ploss:0.000,palign:0.000,total_loss:7.289,fceloss:0.0000
2026-06-11 15:31:21,997 transreid.image_train INFO: Epoch 131 done. Time per batch: 49.273[s] Speed: 0.6[samples/s]
2026-06-11 15:31:31,598 transreid.image_train INFO: Validation Results - Epoch: 131
2026-06-11 15:31:31,598 transreid.image_train INFO: mAP: 63.3%
2026-06-11 15:31:31,598 transreid.image_train INFO: CMC curve, Rank-1  :71.2%
2026-06-11 15:31:31,598 transreid.image_train INFO: CMC curve, Rank-5  :77.2%
2026-06-11 15:31:31,599 transreid.image_train INFO: CMC curve, Rank-10 :79.4%
2026-06-11 15:31:31,599 transreid.image_train INFO: Best mAP: 63.6%
2026-06-11 15:31:31,599 transreid.image_train INFO: Best Rank-1: 71.9%
2026-06-11 15:31:31,599 transreid.image_train INFO: Best Rank-5: 77.4%
2026-06-11 15:31:31,599 transreid.image_train INFO: Best Rank-10: 79.5%
2026-06-11 15:31:35,925 transreid.image_train INFO: Epoch[132] Iteration[20/111] Loss: 7.327, Acc: 1.000,Acc1: 0.994,Acc2: 0.977, Base Lr: 2.96e-04,biloss:0.000,icloss:0.563,loss1:1.050, loss2:4.463, loss3:1.053, ploss:0.000,palign:0.000,total_loss:7.129,fceloss:0.0000
2026-06-11 15:31:39,122 transreid.image_train INFO: Epoch[132] Iteration[40/111] Loss: 7.336, Acc: 0.996,Acc1: 0.989,Acc2: 0.973, Base Lr: 2.96e-04,biloss:0.000,icloss:0.533,loss1:1.047, loss2:4.545, loss3:1.059, ploss:0.000,palign:0.000,total_loss:7.185,fceloss:0.0000
2026-06-11 15:31:42,335 transreid.image_train INFO: Epoch[132] Iteration[60/111] Loss: 7.335, Acc: 0.996,Acc1: 0.990,Acc2: 0.969, Base Lr: 2.96e-04,biloss:0.000,icloss:0.536,loss1:1.070, loss2:4.528, loss3:1.072, ploss:0.000,palign:0.000,total_loss:7.206,fceloss:0.0000
2026-06-11 15:31:45,584 transreid.image_train INFO: Epoch[132] Iteration[80/111] Loss: 7.336, Acc: 0.995,Acc1: 0.988,Acc2: 0.962, Base Lr: 2.96e-04,biloss:0.000,icloss:0.544,loss1:1.142, loss2:4.579, loss3:1.142, ploss:0.000,palign:0.000,total_loss:7.408,fceloss:0.0000
2026-06-11 15:31:48,797 transreid.image_train INFO: Epoch[132] Iteration[100/111] Loss: 7.323, Acc: 0.993,Acc1: 0.985,Acc2: 0.960, Base Lr: 2.96e-04,biloss:0.001,icloss:0.560,loss1:1.152, loss2:4.578, loss3:1.323, ploss:0.000,palign:0.000,total_loss:7.613,fceloss:0.0000
2026-06-11 15:31:50,363 transreid.image_train INFO: Epoch 132 done. Time per batch: 49.533[s] Speed: 0.6[samples/s]
2026-06-11 15:32:00,059 transreid.image_train INFO: Validation Results - Epoch: 132
2026-06-11 15:32:00,059 transreid.image_train INFO: mAP: 63.2%
2026-06-11 15:32:00,059 transreid.image_train INFO: CMC curve, Rank-1  :70.8%
2026-06-11 15:32:00,059 transreid.image_train INFO: CMC curve, Rank-5  :77.0%
2026-06-11 15:32:00,059 transreid.image_train INFO: CMC curve, Rank-10 :79.4%
2026-06-11 15:32:00,059 transreid.image_train INFO: Best mAP: 63.6%
2026-06-11 15:32:00,059 transreid.image_train INFO: Best Rank-1: 71.9%
2026-06-11 15:32:00,059 transreid.image_train INFO: Best Rank-5: 77.4%
2026-06-11 15:32:00,059 transreid.image_train INFO: Best Rank-10: 79.5%
2026-06-11 15:32:04,324 transreid.image_train INFO: Epoch[133] Iteration[20/111] Loss: 7.395, Acc: 0.989,Acc1: 0.978,Acc2: 0.969, Base Lr: 2.66e-04,biloss:0.000,icloss:0.568,loss1:1.060, loss2:4.510, loss3:1.072, ploss:0.000,palign:0.000,total_loss:7.210,fceloss:0.0000
2026-06-11 15:32:07,529 transreid.image_train INFO: Epoch[133] Iteration[40/111] Loss: 7.359, Acc: 0.995,Acc1: 0.989,Acc2: 0.980, Base Lr: 2.66e-04,biloss:0.001,icloss:0.552,loss1:1.065, loss2:4.519, loss3:1.085, ploss:0.000,palign:0.000,total_loss:7.222,fceloss:0.0000
2026-06-11 15:32:10,758 transreid.image_train INFO: Epoch[133] Iteration[60/111] Loss: 7.344, Acc: 0.994,Acc1: 0.988,Acc2: 0.973, Base Lr: 2.66e-04,biloss:0.001,icloss:0.564,loss1:1.107, loss2:4.555, loss3:1.275, ploss:0.000,palign:0.000,total_loss:7.501,fceloss:0.0000
2026-06-11 15:32:13,988 transreid.image_train INFO: Epoch[133] Iteration[80/111] Loss: 7.357, Acc: 0.993,Acc1: 0.988,Acc2: 0.964, Base Lr: 2.66e-04,biloss:0.001,icloss:0.520,loss1:1.061, loss2:4.614, loss3:1.155, ploss:0.000,palign:0.000,total_loss:7.350,fceloss:0.0000
2026-06-11 15:32:17,186 transreid.image_train INFO: Epoch[133] Iteration[100/111] Loss: 7.321, Acc: 0.993,Acc1: 0.987,Acc2: 0.964, Base Lr: 2.66e-04,biloss:0.000,icloss:0.574,loss1:1.082, loss2:4.510, loss3:1.391, ploss:0.000,palign:0.000,total_loss:7.557,fceloss:0.0000
2026-06-11 15:32:18,681 transreid.image_train INFO: Epoch 133 done. Time per batch: 49.793[s] Speed: 0.6[samples/s]
2026-06-11 15:32:28,083 transreid.image_train INFO: Validation Results - Epoch: 133
2026-06-11 15:32:28,083 transreid.image_train INFO: mAP: 63.2%
2026-06-11 15:32:28,083 transreid.image_train INFO: CMC curve, Rank-1  :71.4%
2026-06-11 15:32:28,083 transreid.image_train INFO: CMC curve, Rank-5  :77.2%
2026-06-11 15:32:28,083 transreid.image_train INFO: CMC curve, Rank-10 :79.4%
2026-06-11 15:32:28,083 transreid.image_train INFO: Best mAP: 63.6%
2026-06-11 15:32:28,083 transreid.image_train INFO: Best Rank-1: 71.9%
2026-06-11 15:32:28,083 transreid.image_train INFO: Best Rank-5: 77.4%
2026-06-11 15:32:28,083 transreid.image_train INFO: Best Rank-10: 79.5%
2026-06-11 15:32:32,516 transreid.image_train INFO: Epoch[134] Iteration[20/111] Loss: 7.411, Acc: 0.992,Acc1: 0.986,Acc2: 0.981, Base Lr: 2.38e-04,biloss:0.000,icloss:0.556,loss1:1.112, loss2:4.621, loss3:1.211, ploss:0.000,palign:0.000,total_loss:7.501,fceloss:0.0000
2026-06-11 15:32:35,733 transreid.image_train INFO: Epoch[134] Iteration[40/111] Loss: 7.409, Acc: 0.994,Acc1: 0.981,Acc2: 0.962, Base Lr: 2.38e-04,biloss:0.000,icloss:0.562,loss1:1.093, loss2:4.548, loss3:1.094, ploss:0.000,palign:0.000,total_loss:7.297,fceloss:0.0000
2026-06-11 15:32:38,932 transreid.image_train INFO: Epoch[134] Iteration[60/111] Loss: 7.385, Acc: 0.992,Acc1: 0.984,Acc2: 0.960, Base Lr: 2.38e-04,biloss:0.001,icloss:0.537,loss1:1.076, loss2:4.665, loss3:1.307, ploss:0.000,palign:0.000,total_loss:7.586,fceloss:0.0000
2026-06-11 15:32:42,131 transreid.image_train INFO: Epoch[134] Iteration[80/111] Loss: 7.373, Acc: 0.991,Acc1: 0.984,Acc2: 0.955, Base Lr: 2.38e-04,biloss:0.000,icloss:0.558,loss1:1.038, loss2:4.451, loss3:1.049, ploss:0.000,palign:0.000,total_loss:7.095,fceloss:0.0000
2026-06-11 15:32:45,320 transreid.image_train INFO: Epoch[134] Iteration[100/111] Loss: 7.330, Acc: 0.992,Acc1: 0.987,Acc2: 0.959, Base Lr: 2.38e-04,biloss:0.000,icloss:0.544,loss1:1.030, loss2:4.326, loss3:1.033, ploss:0.000,palign:0.000,total_loss:6.933,fceloss:0.0000
2026-06-11 15:32:46,960 transreid.image_train INFO: Epoch 134 done. Time per batch: 49.597[s] Speed: 0.6[samples/s]
2026-06-11 15:32:56,572 transreid.image_train INFO: Validation Results - Epoch: 134
2026-06-11 15:32:56,572 transreid.image_train INFO: mAP: 63.3%
2026-06-11 15:32:56,572 transreid.image_train INFO: CMC curve, Rank-1  :71.5%
2026-06-11 15:32:56,572 transreid.image_train INFO: CMC curve, Rank-5  :77.4%
2026-06-11 15:32:56,572 transreid.image_train INFO: CMC curve, Rank-10 :79.4%
2026-06-11 15:32:56,572 transreid.image_train INFO: Best mAP: 63.6%
2026-06-11 15:32:56,572 transreid.image_train INFO: Best Rank-1: 71.9%
2026-06-11 15:32:56,572 transreid.image_train INFO: Best Rank-5: 77.4%
2026-06-11 15:32:56,572 transreid.image_train INFO: Best Rank-10: 79.5%
2026-06-11 15:33:00,957 transreid.image_train INFO: Epoch[135] Iteration[20/111] Loss: 7.377, Acc: 0.997,Acc1: 0.991,Acc2: 0.964, Base Lr: 2.11e-04,biloss:0.001,icloss:0.542,loss1:1.093, loss2:4.578, loss3:1.258, ploss:0.000,palign:0.000,total_loss:7.472,fceloss:0.0000
2026-06-11 15:33:04,205 transreid.image_train INFO: Epoch[135] Iteration[40/111] Loss: 7.366, Acc: 0.991,Acc1: 0.986,Acc2: 0.965, Base Lr: 2.11e-04,biloss:0.001,icloss:0.547,loss1:1.051, loss2:4.489, loss3:1.070, ploss:0.000,palign:0.000,total_loss:7.157,fceloss:0.0000
2026-06-11 15:33:07,556 transreid.image_train INFO: Epoch[135] Iteration[60/111] Loss: 7.364, Acc: 0.992,Acc1: 0.987,Acc2: 0.972, Base Lr: 2.11e-04,biloss:0.000,icloss:0.549,loss1:1.133, loss2:4.577, loss3:1.146, ploss:0.000,palign:0.000,total_loss:7.406,fceloss:0.0000
2026-06-11 15:33:10,771 transreid.image_train INFO: Epoch[135] Iteration[80/111] Loss: 7.350, Acc: 0.993,Acc1: 0.986,Acc2: 0.965, Base Lr: 2.11e-04,biloss:0.001,icloss:0.576,loss1:1.051, loss2:4.442, loss3:1.068, ploss:0.000,palign:0.000,total_loss:7.137,fceloss:0.0000
2026-06-11 15:33:13,980 transreid.image_train INFO: Epoch[135] Iteration[100/111] Loss: 7.325, Acc: 0.993,Acc1: 0.987,Acc2: 0.962, Base Lr: 2.11e-04,biloss:0.001,icloss:0.558,loss1:1.029, loss2:4.361, loss3:1.202, ploss:0.000,palign:0.000,total_loss:7.150,fceloss:0.0000
2026-06-11 15:33:15,546 transreid.image_train INFO: Epoch 135 done. Time per batch: 50.314[s] Speed: 0.6[samples/s]
2026-06-11 15:33:25,089 transreid.image_train INFO: Validation Results - Epoch: 135
2026-06-11 15:33:25,089 transreid.image_train INFO: mAP: 63.2%
2026-06-11 15:33:25,089 transreid.image_train INFO: CMC curve, Rank-1  :70.8%
2026-06-11 15:33:25,090 transreid.image_train INFO: CMC curve, Rank-5  :77.4%
2026-06-11 15:33:25,090 transreid.image_train INFO: CMC curve, Rank-10 :79.4%
2026-06-11 15:33:25,090 transreid.image_train INFO: Best mAP: 63.6%
2026-06-11 15:33:25,090 transreid.image_train INFO: Best Rank-1: 71.9%
2026-06-11 15:33:25,090 transreid.image_train INFO: Best Rank-5: 77.4%
2026-06-11 15:33:25,090 transreid.image_train INFO: Best Rank-10: 79.5%
2026-06-11 15:33:29,476 transreid.image_train INFO: Epoch[136] Iteration[20/111] Loss: 7.439, Acc: 0.991,Acc1: 0.980,Acc2: 0.947, Base Lr: 1.86e-04,biloss:0.001,icloss:0.557,loss1:1.073, loss2:4.625, loss3:1.422, ploss:0.000,palign:0.000,total_loss:7.678,fceloss:0.0000
2026-06-11 15:33:32,676 transreid.image_train INFO: Epoch[136] Iteration[40/111] Loss: 7.392, Acc: 0.995,Acc1: 0.985,Acc2: 0.965, Base Lr: 1.86e-04,biloss:0.001,icloss:0.536,loss1:1.097, loss2:4.603, loss3:1.100, ploss:0.000,palign:0.000,total_loss:7.336,fceloss:0.0000
2026-06-11 15:33:35,877 transreid.image_train INFO: Epoch[136] Iteration[60/111] Loss: 7.367, Acc: 0.994,Acc1: 0.985,Acc2: 0.961, Base Lr: 1.86e-04,biloss:0.001,icloss:0.527,loss1:1.157, loss2:4.616, loss3:1.215, ploss:0.000,palign:0.000,total_loss:7.516,fceloss:0.0000
2026-06-11 15:33:39,063 transreid.image_train INFO: Epoch[136] Iteration[80/111] Loss: 7.343, Acc: 0.995,Acc1: 0.988,Acc2: 0.958, Base Lr: 1.86e-04,biloss:0.000,icloss:0.551,loss1:1.036, loss2:4.440, loss3:1.048, ploss:0.000,palign:0.000,total_loss:7.074,fceloss:0.0000
2026-06-11 15:33:42,231 transreid.image_train INFO: Epoch[136] Iteration[100/111] Loss: 7.315, Acc: 0.995,Acc1: 0.988,Acc2: 0.958, Base Lr: 1.86e-04,biloss:0.000,icloss:0.546,loss1:1.049, loss2:4.482, loss3:1.058, ploss:0.000,palign:0.000,total_loss:7.136,fceloss:0.0000
2026-06-11 15:33:43,733 transreid.image_train INFO: Epoch 136 done. Time per batch: 50.573[s] Speed: 0.6[samples/s]
2026-06-11 15:33:53,290 transreid.image_train INFO: Validation Results - Epoch: 136
2026-06-11 15:33:53,290 transreid.image_train INFO: mAP: 63.4%
2026-06-11 15:33:53,290 transreid.image_train INFO: CMC curve, Rank-1  :71.4%
2026-06-11 15:33:53,291 transreid.image_train INFO: CMC curve, Rank-5  :77.4%
2026-06-11 15:33:53,291 transreid.image_train INFO: CMC curve, Rank-10 :79.5%
2026-06-11 15:33:53,291 transreid.image_train INFO: Best mAP: 63.6%
2026-06-11 15:33:53,291 transreid.image_train INFO: Best Rank-1: 71.9%
2026-06-11 15:33:53,291 transreid.image_train INFO: Best Rank-5: 77.4%
2026-06-11 15:33:53,291 transreid.image_train INFO: Best Rank-10: 79.5%
2026-06-11 15:33:57,689 transreid.image_train INFO: Epoch[137] Iteration[20/111] Loss: 7.396, Acc: 0.994,Acc1: 0.988,Acc2: 0.970, Base Lr: 1.63e-04,biloss:0.000,icloss:0.522,loss1:1.061, loss2:4.600, loss3:1.081, ploss:0.000,palign:0.000,total_loss:7.264,fceloss:0.0000
2026-06-11 15:34:00,910 transreid.image_train INFO: Epoch[137] Iteration[40/111] Loss: 7.381, Acc: 0.993,Acc1: 0.986,Acc2: 0.974, Base Lr: 1.63e-04,biloss:0.001,icloss:0.524,loss1:1.111, loss2:4.674, loss3:1.221, ploss:0.000,palign:0.000,total_loss:7.530,fceloss:0.0000
2026-06-11 15:34:04,130 transreid.image_train INFO: Epoch[137] Iteration[60/111] Loss: 7.361, Acc: 0.994,Acc1: 0.985,Acc2: 0.971, Base Lr: 1.63e-04,biloss:0.001,icloss:0.549,loss1:1.154, loss2:4.659, loss3:1.173, ploss:0.000,palign:0.000,total_loss:7.535,fceloss:0.0000
2026-06-11 15:34:07,343 transreid.image_train INFO: Epoch[137] Iteration[80/111] Loss: 7.356, Acc: 0.993,Acc1: 0.985,Acc2: 0.967, Base Lr: 1.63e-04,biloss:0.001,icloss:0.567,loss1:1.079, loss2:4.524, loss3:1.100, ploss:0.000,palign:0.000,total_loss:7.271,fceloss:0.0000
2026-06-11 15:34:10,554 transreid.image_train INFO: Epoch[137] Iteration[100/111] Loss: 7.328, Acc: 0.994,Acc1: 0.987,Acc2: 0.963, Base Lr: 1.63e-04,biloss:0.000,icloss:0.539,loss1:1.016, loss2:4.353, loss3:1.023, ploss:0.000,palign:0.000,total_loss:6.932,fceloss:0.0000
2026-06-11 15:34:12,122 transreid.image_train INFO: Epoch 137 done. Time per batch: 50.833[s] Speed: 0.6[samples/s]
2026-06-11 15:34:21,765 transreid.image_train INFO: Validation Results - Epoch: 137
2026-06-11 15:34:21,765 transreid.image_train INFO: mAP: 63.2%
2026-06-11 15:34:21,766 transreid.image_train INFO: CMC curve, Rank-1  :71.0%
2026-06-11 15:34:21,766 transreid.image_train INFO: CMC curve, Rank-5  :77.4%
2026-06-11 15:34:21,766 transreid.image_train INFO: CMC curve, Rank-10 :79.2%
2026-06-11 15:34:21,766 transreid.image_train INFO: Best mAP: 63.6%
2026-06-11 15:34:21,766 transreid.image_train INFO: Best Rank-1: 71.9%
2026-06-11 15:34:21,766 transreid.image_train INFO: Best Rank-5: 77.4%
2026-06-11 15:34:21,766 transreid.image_train INFO: Best Rank-10: 79.5%
2026-06-11 15:34:25,849 transreid.image_train INFO: Epoch[138] Iteration[20/111] Loss: 7.337, Acc: 0.994,Acc1: 0.988,Acc2: 0.973, Base Lr: 1.41e-04,biloss:0.000,icloss:0.567,loss1:1.064, loss2:4.515, loss3:1.088, ploss:0.000,palign:0.000,total_loss:7.235,fceloss:0.0000
2026-06-11 15:34:29,028 transreid.image_train INFO: Epoch[138] Iteration[40/111] Loss: 7.364, Acc: 0.991,Acc1: 0.984,Acc2: 0.963, Base Lr: 1.41e-04,biloss:0.001,icloss:0.575,loss1:1.186, loss2:4.607, loss3:1.274, ploss:0.000,palign:0.000,total_loss:7.643,fceloss:0.0000
2026-06-11 15:34:32,249 transreid.image_train INFO: Epoch[138] Iteration[60/111] Loss: 7.348, Acc: 0.993,Acc1: 0.985,Acc2: 0.966, Base Lr: 1.41e-04,biloss:0.001,icloss:0.550,loss1:1.103, loss2:4.563, loss3:1.240, ploss:0.000,palign:0.000,total_loss:7.456,fceloss:0.0000
2026-06-11 15:34:35,451 transreid.image_train INFO: Epoch[138] Iteration[80/111] Loss: 7.335, Acc: 0.992,Acc1: 0.987,Acc2: 0.963, Base Lr: 1.41e-04,biloss:0.001,icloss:0.553,loss1:1.041, loss2:4.460, loss3:1.203, ploss:0.000,palign:0.000,total_loss:7.257,fceloss:0.0000
2026-06-11 15:34:38,612 transreid.image_train INFO: Epoch[138] Iteration[100/111] Loss: 7.312, Acc: 0.993,Acc1: 0.988,Acc2: 0.964, Base Lr: 1.41e-04,biloss:0.001,icloss:0.552,loss1:1.030, loss2:4.376, loss3:1.110, ploss:0.000,palign:0.000,total_loss:7.069,fceloss:0.0000
2026-06-11 15:34:40,134 transreid.image_train INFO: Epoch 138 done. Time per batch: 51.090[s] Speed: 0.6[samples/s]
2026-06-11 15:34:49,862 transreid.image_train INFO: Validation Results - Epoch: 138
2026-06-11 15:34:49,863 transreid.image_train INFO: mAP: 63.3%
2026-06-11 15:34:49,863 transreid.image_train INFO: CMC curve, Rank-1  :71.4%
2026-06-11 15:34:49,863 transreid.image_train INFO: CMC curve, Rank-5  :77.2%
2026-06-11 15:34:49,863 transreid.image_train INFO: CMC curve, Rank-10 :79.4%
2026-06-11 15:34:49,863 transreid.image_train INFO: Best mAP: 63.6%
2026-06-11 15:34:49,863 transreid.image_train INFO: Best Rank-1: 71.9%
2026-06-11 15:34:49,863 transreid.image_train INFO: Best Rank-5: 77.4%
2026-06-11 15:34:49,863 transreid.image_train INFO: Best Rank-10: 79.5%
2026-06-11 15:34:54,290 transreid.image_train INFO: Epoch[139] Iteration[20/111] Loss: 7.378, Acc: 0.994,Acc1: 0.995,Acc2: 0.955, Base Lr: 1.21e-04,biloss:0.000,icloss:0.517,loss1:1.074, loss2:4.608, loss3:1.092, ploss:0.000,palign:0.000,total_loss:7.292,fceloss:0.0000
2026-06-11 15:34:57,546 transreid.image_train INFO: Epoch[139] Iteration[40/111] Loss: 7.383, Acc: 0.987,Acc1: 0.987,Acc2: 0.954, Base Lr: 1.21e-04,biloss:0.001,icloss:0.529,loss1:1.126, loss2:4.667, loss3:1.146, ploss:0.000,palign:0.000,total_loss:7.468,fceloss:0.0000
2026-06-11 15:35:00,787 transreid.image_train INFO: Epoch[139] Iteration[60/111] Loss: 7.360, Acc: 0.989,Acc1: 0.988,Acc2: 0.951, Base Lr: 1.21e-04,biloss:0.001,icloss:0.564,loss1:1.078, loss2:4.545, loss3:1.092, ploss:0.000,palign:0.000,total_loss:7.280,fceloss:0.0000
2026-06-11 15:35:04,066 transreid.image_train INFO: Epoch[139] Iteration[80/111] Loss: 7.360, Acc: 0.991,Acc1: 0.986,Acc2: 0.954, Base Lr: 1.21e-04,biloss:0.000,icloss:0.535,loss1:1.061, loss2:4.532, loss3:1.069, ploss:0.000,palign:0.000,total_loss:7.198,fceloss:0.0000
2026-06-11 15:35:07,268 transreid.image_train INFO: Epoch[139] Iteration[100/111] Loss: 7.318, Acc: 0.993,Acc1: 0.988,Acc2: 0.959, Base Lr: 1.21e-04,biloss:0.000,icloss:0.551,loss1:1.024, loss2:4.387, loss3:1.032, ploss:0.000,palign:0.000,total_loss:6.995,fceloss:0.0000
2026-06-11 15:35:08,798 transreid.image_train INFO: Epoch 139 done. Time per batch: 51.353[s] Speed: 0.6[samples/s]
2026-06-11 15:35:18,377 transreid.image_train INFO: Validation Results - Epoch: 139
2026-06-11 15:35:18,377 transreid.image_train INFO: mAP: 63.3%
2026-06-11 15:35:18,377 transreid.image_train INFO: CMC curve, Rank-1  :71.4%
2026-06-11 15:35:18,377 transreid.image_train INFO: CMC curve, Rank-5  :77.0%
2026-06-11 15:35:18,377 transreid.image_train INFO: CMC curve, Rank-10 :79.4%
2026-06-11 15:35:18,377 transreid.image_train INFO: Best mAP: 63.6%
2026-06-11 15:35:18,377 transreid.image_train INFO: Best Rank-1: 71.9%
2026-06-11 15:35:18,377 transreid.image_train INFO: Best Rank-5: 77.4%
2026-06-11 15:35:18,377 transreid.image_train INFO: Best Rank-10: 79.5%
2026-06-11 15:35:22,932 transreid.image_train INFO: Epoch[140] Iteration[20/111] Loss: 7.371, Acc: 1.000,Acc1: 0.998,Acc2: 0.981, Base Lr: 1.03e-04,biloss:0.001,icloss:0.538,loss1:1.136, loss2:4.663, loss3:1.150, ploss:0.000,palign:0.000,total_loss:7.487,fceloss:0.0000
2026-06-11 15:35:26,204 transreid.image_train INFO: Epoch[140] Iteration[40/111] Loss: 7.384, Acc: 0.997,Acc1: 0.992,Acc2: 0.972, Base Lr: 1.03e-04,biloss:0.001,icloss:0.567,loss1:1.054, loss2:4.415, loss3:1.066, ploss:0.000,palign:0.000,total_loss:7.102,fceloss:0.0000
2026-06-11 15:35:29,455 transreid.image_train INFO: Epoch[140] Iteration[60/111] Loss: 7.358, Acc: 0.997,Acc1: 0.994,Acc2: 0.970, Base Lr: 1.03e-04,biloss:0.001,icloss:0.572,loss1:1.062, loss2:4.492, loss3:1.084, ploss:0.000,palign:0.000,total_loss:7.211,fceloss:0.0000
2026-06-11 15:35:32,688 transreid.image_train INFO: Epoch[140] Iteration[80/111] Loss: 7.333, Acc: 0.997,Acc1: 0.994,Acc2: 0.967, Base Lr: 1.03e-04,biloss:0.000,icloss:0.563,loss1:1.029, loss2:4.401, loss3:1.045, ploss:0.000,palign:0.000,total_loss:7.039,fceloss:0.0000
2026-06-11 15:35:35,917 transreid.image_train INFO: Epoch[140] Iteration[100/111] Loss: 7.323, Acc: 0.994,Acc1: 0.990,Acc2: 0.961, Base Lr: 1.03e-04,biloss:0.001,icloss:0.543,loss1:1.039, loss2:4.465, loss3:1.063, ploss:0.000,palign:0.000,total_loss:7.110,fceloss:0.0000
2026-06-11 15:35:37,475 transreid.image_train INFO: Epoch 140 done. Time per batch: 51.616[s] Speed: 0.6[samples/s]
2026-06-11 15:35:47,073 transreid.image_train INFO: Validation Results - Epoch: 140
2026-06-11 15:35:47,073 transreid.image_train INFO: mAP: 63.3%
2026-06-11 15:35:47,073 transreid.image_train INFO: CMC curve, Rank-1  :71.2%
2026-06-11 15:35:47,074 transreid.image_train INFO: CMC curve, Rank-5  :77.2%
2026-06-11 15:35:47,074 transreid.image_train INFO: CMC curve, Rank-10 :79.4%
2026-06-11 15:35:47,074 transreid.image_train INFO: Best mAP: 63.6%
2026-06-11 15:35:47,074 transreid.image_train INFO: Best Rank-1: 71.9%
2026-06-11 15:35:47,074 transreid.image_train INFO: Best Rank-5: 77.4%
2026-06-11 15:35:47,074 transreid.image_train INFO: Best Rank-10: 79.5%
2026-06-11 15:35:51,406 transreid.image_train INFO: Epoch[141] Iteration[20/111] Loss: 7.463, Acc: 0.988,Acc1: 0.978,Acc2: 0.948, Base Lr: 8.67e-05,biloss:0.001,icloss:0.528,loss1:1.051, loss2:4.571, loss3:1.223, ploss:0.000,palign:0.000,total_loss:7.374,fceloss:0.0000
2026-06-11 15:35:54,592 transreid.image_train INFO: Epoch[141] Iteration[40/111] Loss: 7.423, Acc: 0.990,Acc1: 0.987,Acc2: 0.956, Base Lr: 8.67e-05,biloss:0.000,icloss:0.589,loss1:1.072, loss2:4.466, loss3:1.089, ploss:0.000,palign:0.000,total_loss:7.216,fceloss:0.0000
2026-06-11 15:35:57,772 transreid.image_train INFO: Epoch[141] Iteration[60/111] Loss: 7.373, Acc: 0.990,Acc1: 0.986,Acc2: 0.959, Base Lr: 8.67e-05,biloss:0.000,icloss:0.520,loss1:1.048, loss2:4.522, loss3:1.057, ploss:0.000,palign:0.000,total_loss:7.147,fceloss:0.0000
2026-06-11 15:36:01,104 transreid.image_train INFO: Epoch[141] Iteration[80/111] Loss: 7.352, Acc: 0.991,Acc1: 0.988,Acc2: 0.961, Base Lr: 8.67e-05,biloss:0.001,icloss:0.523,loss1:1.047, loss2:4.514, loss3:1.119, ploss:0.000,palign:0.000,total_loss:7.203,fceloss:0.0000
2026-06-11 15:36:04,272 transreid.image_train INFO: Epoch[141] Iteration[100/111] Loss: 7.318, Acc: 0.991,Acc1: 0.987,Acc2: 0.962, Base Lr: 8.67e-05,biloss:0.000,icloss:0.540,loss1:1.042, loss2:4.427, loss3:1.041, ploss:0.000,palign:0.000,total_loss:7.050,fceloss:0.0000
2026-06-11 15:36:05,805 transreid.image_train INFO: Epoch 141 done. Time per batch: 51.876[s] Speed: 0.6[samples/s]
2026-06-11 15:36:15,448 transreid.image_train INFO: Validation Results - Epoch: 141
2026-06-11 15:36:15,448 transreid.image_train INFO: mAP: 63.4%
2026-06-11 15:36:15,448 transreid.image_train INFO: CMC curve, Rank-1  :71.4%
2026-06-11 15:36:15,448 transreid.image_train INFO: CMC curve, Rank-5  :77.2%
2026-06-11 15:36:15,448 transreid.image_train INFO: CMC curve, Rank-10 :79.4%
2026-06-11 15:36:15,448 transreid.image_train INFO: Best mAP: 63.6%
2026-06-11 15:36:15,448 transreid.image_train INFO: Best Rank-1: 71.9%
2026-06-11 15:36:15,448 transreid.image_train INFO: Best Rank-5: 77.4%
2026-06-11 15:36:15,448 transreid.image_train INFO: Best Rank-10: 79.5%
2026-06-11 15:36:19,845 transreid.image_train INFO: Epoch[142] Iteration[20/111] Loss: 7.408, Acc: 0.989,Acc1: 0.991,Acc2: 0.956, Base Lr: 7.19e-05,biloss:0.001,icloss:0.535,loss1:1.111, loss2:4.652, loss3:1.352, ploss:0.000,palign:0.000,total_loss:7.651,fceloss:0.0000
2026-06-11 15:36:23,061 transreid.image_train INFO: Epoch[142] Iteration[40/111] Loss: 7.379, Acc: 0.994,Acc1: 0.992,Acc2: 0.969, Base Lr: 7.19e-05,biloss:0.000,icloss:0.542,loss1:1.221, loss2:4.704, loss3:1.220, ploss:0.000,palign:0.000,total_loss:7.687,fceloss:0.0000
2026-06-11 15:36:26,287 transreid.image_train INFO: Epoch[142] Iteration[60/111] Loss: 7.398, Acc: 0.993,Acc1: 0.987,Acc2: 0.963, Base Lr: 7.19e-05,biloss:0.001,icloss:0.538,loss1:1.140, loss2:4.678, loss3:1.208, ploss:0.000,palign:0.000,total_loss:7.564,fceloss:0.0000
2026-06-11 15:36:29,460 transreid.image_train INFO: Epoch[142] Iteration[80/111] Loss: 7.370, Acc: 0.994,Acc1: 0.988,Acc2: 0.963, Base Lr: 7.19e-05,biloss:0.001,icloss:0.562,loss1:1.065, loss2:4.438, loss3:1.067, ploss:0.000,palign:0.000,total_loss:7.132,fceloss:0.0000
2026-06-11 15:36:32,637 transreid.image_train INFO: Epoch[142] Iteration[100/111] Loss: 7.328, Acc: 0.993,Acc1: 0.987,Acc2: 0.961, Base Lr: 7.19e-05,biloss:0.000,icloss:0.550,loss1:1.026, loss2:4.338, loss3:1.027, ploss:0.000,palign:0.000,total_loss:6.941,fceloss:0.0000
2026-06-11 15:36:34,180 transreid.image_train INFO: Epoch 142 done. Time per batch: 52.137[s] Speed: 0.6[samples/s]
2026-06-11 15:36:43,650 transreid.image_train INFO: Validation Results - Epoch: 142
2026-06-11 15:36:43,651 transreid.image_train INFO: mAP: 63.4%
2026-06-11 15:36:43,651 transreid.image_train INFO: CMC curve, Rank-1  :71.4%
2026-06-11 15:36:43,651 transreid.image_train INFO: CMC curve, Rank-5  :77.2%
2026-06-11 15:36:43,651 transreid.image_train INFO: CMC curve, Rank-10 :79.4%
2026-06-11 15:36:43,651 transreid.image_train INFO: Best mAP: 63.6%
2026-06-11 15:36:43,651 transreid.image_train INFO: Best Rank-1: 71.9%
2026-06-11 15:36:43,651 transreid.image_train INFO: Best Rank-5: 77.4%
2026-06-11 15:36:43,651 transreid.image_train INFO: Best Rank-10: 79.5%
2026-06-11 15:36:48,066 transreid.image_train INFO: Epoch[143] Iteration[20/111] Loss: 7.523, Acc: 0.983,Acc1: 0.966,Acc2: 0.925, Base Lr: 5.88e-05,biloss:0.001,icloss:0.543,loss1:1.282, loss2:4.685, loss3:1.435, ploss:0.000,palign:0.000,total_loss:7.945,fceloss:0.0000
2026-06-11 15:36:51,292 transreid.image_train INFO: Epoch[143] Iteration[40/111] Loss: 7.432, Acc: 0.988,Acc1: 0.977,Acc2: 0.955, Base Lr: 5.88e-05,biloss:0.000,icloss:0.528,loss1:1.057, loss2:4.545, loss3:1.071, ploss:0.000,palign:0.000,total_loss:7.202,fceloss:0.0000
2026-06-11 15:36:54,475 transreid.image_train INFO: Epoch[143] Iteration[60/111] Loss: 7.387, Acc: 0.989,Acc1: 0.982,Acc2: 0.964, Base Lr: 5.88e-05,biloss:0.000,icloss:0.535,loss1:1.029, loss2:4.446, loss3:1.039, ploss:0.000,palign:0.000,total_loss:7.050,fceloss:0.0000
2026-06-11 15:36:57,668 transreid.image_train INFO: Epoch[143] Iteration[80/111] Loss: 7.345, Acc: 0.991,Acc1: 0.986,Acc2: 0.965, Base Lr: 5.88e-05,biloss:0.000,icloss:0.549,loss1:1.071, loss2:4.506, loss3:1.060, ploss:0.000,palign:0.000,total_loss:7.187,fceloss:0.0000
2026-06-11 15:37:00,858 transreid.image_train INFO: Epoch[143] Iteration[100/111] Loss: 7.307, Acc: 0.993,Acc1: 0.989,Acc2: 0.967, Base Lr: 5.88e-05,biloss:0.000,icloss:0.563,loss1:1.044, loss2:4.439, loss3:1.065, ploss:0.000,palign:0.000,total_loss:7.111,fceloss:0.0000
2026-06-11 15:37:02,417 transreid.image_train INFO: Epoch 143 done. Time per batch: 52.396[s] Speed: 0.6[samples/s]
2026-06-11 15:37:12,052 transreid.image_train INFO: Validation Results - Epoch: 143
2026-06-11 15:37:12,053 transreid.image_train INFO: mAP: 63.3%
2026-06-11 15:37:12,053 transreid.image_train INFO: CMC curve, Rank-1  :71.4%
2026-06-11 15:37:12,053 transreid.image_train INFO: CMC curve, Rank-5  :77.4%
2026-06-11 15:37:12,053 transreid.image_train INFO: CMC curve, Rank-10 :79.4%
2026-06-11 15:37:12,053 transreid.image_train INFO: Best mAP: 63.6%
2026-06-11 15:37:12,053 transreid.image_train INFO: Best Rank-1: 71.9%
2026-06-11 15:37:12,053 transreid.image_train INFO: Best Rank-5: 77.4%
2026-06-11 15:37:12,053 transreid.image_train INFO: Best Rank-10: 79.5%
2026-06-11 15:37:16,305 transreid.image_train INFO: Epoch[144] Iteration[20/111] Loss: 7.367, Acc: 0.992,Acc1: 0.989,Acc2: 0.972, Base Lr: 4.75e-05,biloss:0.001,icloss:0.535,loss1:1.122, loss2:4.660, loss3:1.209, ploss:0.000,palign:0.000,total_loss:7.527,fceloss:0.0000
2026-06-11 15:37:19,567 transreid.image_train INFO: Epoch[144] Iteration[40/111] Loss: 7.402, Acc: 0.988,Acc1: 0.980,Acc2: 0.963, Base Lr: 4.75e-05,biloss:0.000,icloss:0.526,loss1:1.128, loss2:4.686, loss3:1.148, ploss:0.000,palign:0.000,total_loss:7.488,fceloss:0.0000
2026-06-11 15:37:22,830 transreid.image_train INFO: Epoch[144] Iteration[60/111] Loss: 7.393, Acc: 0.991,Acc1: 0.985,Acc2: 0.965, Base Lr: 4.75e-05,biloss:0.000,icloss:0.550,loss1:1.047, loss2:4.467, loss3:1.042, ploss:0.000,palign:0.000,total_loss:7.106,fceloss:0.0000
2026-06-11 15:37:26,051 transreid.image_train INFO: Epoch[144] Iteration[80/111] Loss: 7.361, Acc: 0.992,Acc1: 0.987,Acc2: 0.965, Base Lr: 4.75e-05,biloss:0.001,icloss:0.558,loss1:1.081, loss2:4.555, loss3:1.178, ploss:0.000,palign:0.000,total_loss:7.372,fceloss:0.0000
2026-06-11 15:37:29,290 transreid.image_train INFO: Epoch[144] Iteration[100/111] Loss: 7.324, Acc: 0.992,Acc1: 0.987,Acc2: 0.964, Base Lr: 4.75e-05,biloss:0.000,icloss:0.576,loss1:1.032, loss2:4.390, loss3:1.041, ploss:0.000,palign:0.000,total_loss:7.040,fceloss:0.0000
2026-06-11 15:37:30,645 transreid.image_train INFO: Epoch 144 done. Time per batch: 53.142[s] Speed: 0.6[samples/s]
2026-06-11 15:37:40,237 transreid.image_train INFO: Validation Results - Epoch: 144
2026-06-11 15:37:40,237 transreid.image_train INFO: mAP: 63.3%
2026-06-11 15:37:40,237 transreid.image_train INFO: CMC curve, Rank-1  :71.2%
2026-06-11 15:37:40,237 transreid.image_train INFO: CMC curve, Rank-5  :77.2%
2026-06-11 15:37:40,237 transreid.image_train INFO: CMC curve, Rank-10 :79.4%
2026-06-11 15:37:40,237 transreid.image_train INFO: Best mAP: 63.6%
2026-06-11 15:37:40,237 transreid.image_train INFO: Best Rank-1: 71.9%
2026-06-11 15:37:40,237 transreid.image_train INFO: Best Rank-5: 77.4%
2026-06-11 15:37:40,237 transreid.image_train INFO: Best Rank-10: 79.5%
2026-06-11 15:37:45,154 transreid.image_train INFO: Epoch[145] Iteration[20/111] Loss: 7.439, Acc: 0.991,Acc1: 0.984,Acc2: 0.950, Base Lr: 3.79e-05,biloss:0.001,icloss:0.542,loss1:1.132, loss2:4.569, loss3:1.255, ploss:0.000,palign:0.000,total_loss:7.499,fceloss:0.0000
2026-06-11 15:37:48,438 transreid.image_train INFO: Epoch[145] Iteration[40/111] Loss: 7.401, Acc: 0.995,Acc1: 0.988,Acc2: 0.969, Base Lr: 3.79e-05,biloss:0.000,icloss:0.542,loss1:1.061, loss2:4.554, loss3:1.081, ploss:0.000,palign:0.000,total_loss:7.239,fceloss:0.0000
2026-06-11 15:37:51,713 transreid.image_train INFO: Epoch[145] Iteration[60/111] Loss: 7.385, Acc: 0.995,Acc1: 0.986,Acc2: 0.967, Base Lr: 3.79e-05,biloss:0.000,icloss:0.548,loss1:1.061, loss2:4.546, loss3:1.087, ploss:0.000,palign:0.000,total_loss:7.242,fceloss:0.0000
2026-06-11 15:37:54,947 transreid.image_train INFO: Epoch[145] Iteration[80/111] Loss: 7.351, Acc: 0.995,Acc1: 0.986,Acc2: 0.963, Base Lr: 3.79e-05,biloss:0.001,icloss:0.563,loss1:1.033, loss2:4.403, loss3:1.211, ploss:0.000,palign:0.000,total_loss:7.210,fceloss:0.0000
2026-06-11 15:37:58,174 transreid.image_train INFO: Epoch[145] Iteration[100/111] Loss: 7.311, Acc: 0.995,Acc1: 0.987,Acc2: 0.964, Base Lr: 3.79e-05,biloss:0.001,icloss:0.538,loss1:1.037, loss2:4.489, loss3:1.227, ploss:0.000,palign:0.000,total_loss:7.291,fceloss:0.0000
2026-06-11 15:37:59,587 transreid.image_train INFO: Epoch 145 done. Time per batch: 53.410[s] Speed: 0.6[samples/s]
2026-06-11 15:38:09,053 transreid.image_train INFO: Validation Results - Epoch: 145
2026-06-11 15:38:09,053 transreid.image_train INFO: mAP: 63.3%
2026-06-11 15:38:09,053 transreid.image_train INFO: CMC curve, Rank-1  :71.4%
2026-06-11 15:38:09,053 transreid.image_train INFO: CMC curve, Rank-5  :77.2%
2026-06-11 15:38:09,053 transreid.image_train INFO: CMC curve, Rank-10 :79.4%
2026-06-11 15:38:09,053 transreid.image_train INFO: Best mAP: 63.6%
2026-06-11 15:38:09,053 transreid.image_train INFO: Best Rank-1: 71.9%
2026-06-11 15:38:09,053 transreid.image_train INFO: Best Rank-5: 77.4%
2026-06-11 15:38:09,053 transreid.image_train INFO: Best Rank-10: 79.5%
2026-06-11 15:38:13,455 transreid.image_train INFO: Epoch[146] Iteration[20/111] Loss: 7.488, Acc: 0.986,Acc1: 0.978,Acc2: 0.956, Base Lr: 3.00e-05,biloss:0.000,icloss:0.538,loss1:1.086, loss2:4.592, loss3:1.099, ploss:0.000,palign:0.000,total_loss:7.316,fceloss:0.0000
2026-06-11 15:38:16,700 transreid.image_train INFO: Epoch[146] Iteration[40/111] Loss: 7.392, Acc: 0.993,Acc1: 0.983,Acc2: 0.964, Base Lr: 3.00e-05,biloss:0.001,icloss:0.550,loss1:1.077, loss2:4.573, loss3:1.184, ploss:0.000,palign:0.000,total_loss:7.385,fceloss:0.0000
2026-06-11 15:38:19,935 transreid.image_train INFO: Epoch[146] Iteration[60/111] Loss: 7.379, Acc: 0.992,Acc1: 0.986,Acc2: 0.967, Base Lr: 3.00e-05,biloss:0.001,icloss:0.551,loss1:1.236, loss2:4.663, loss3:1.262, ploss:0.000,palign:0.000,total_loss:7.712,fceloss:0.0000
2026-06-11 15:38:23,165 transreid.image_train INFO: Epoch[146] Iteration[80/111] Loss: 7.355, Acc: 0.992,Acc1: 0.988,Acc2: 0.963, Base Lr: 3.00e-05,biloss:0.001,icloss:0.543,loss1:1.132, loss2:4.629, loss3:1.418, ploss:0.000,palign:0.000,total_loss:7.722,fceloss:0.0000
2026-06-11 15:38:26,392 transreid.image_train INFO: Epoch[146] Iteration[100/111] Loss: 7.312, Acc: 0.993,Acc1: 0.990,Acc2: 0.963, Base Lr: 3.00e-05,biloss:0.001,icloss:0.580,loss1:1.022, loss2:4.338, loss3:1.028, ploss:0.000,palign:0.000,total_loss:6.968,fceloss:0.0000
2026-06-11 15:38:27,955 transreid.image_train INFO: Epoch 146 done. Time per batch: 53.180[s] Speed: 0.6[samples/s]
2026-06-11 15:38:37,534 transreid.image_train INFO: Validation Results - Epoch: 146
2026-06-11 15:38:37,535 transreid.image_train INFO: mAP: 63.3%
2026-06-11 15:38:37,535 transreid.image_train INFO: CMC curve, Rank-1  :71.2%
2026-06-11 15:38:37,535 transreid.image_train INFO: CMC curve, Rank-5  :77.4%
2026-06-11 15:38:37,535 transreid.image_train INFO: CMC curve, Rank-10 :79.4%
2026-06-11 15:38:37,535 transreid.image_train INFO: Best mAP: 63.6%
2026-06-11 15:38:37,535 transreid.image_train INFO: Best Rank-1: 71.9%
2026-06-11 15:38:37,535 transreid.image_train INFO: Best Rank-5: 77.4%
2026-06-11 15:38:37,535 transreid.image_train INFO: Best Rank-10: 79.5%
2026-06-11 15:38:41,848 transreid.image_train INFO: Epoch[147] Iteration[20/111] Loss: 7.361, Acc: 1.000,Acc1: 0.992,Acc2: 0.966, Base Lr: 2.39e-05,biloss:0.001,icloss:0.540,loss1:1.092, loss2:4.624, loss3:1.194, ploss:0.000,palign:0.000,total_loss:7.450,fceloss:0.0000
2026-06-11 15:38:45,083 transreid.image_train INFO: Epoch[147] Iteration[40/111] Loss: 7.347, Acc: 0.995,Acc1: 0.992,Acc2: 0.966, Base Lr: 2.39e-05,biloss:0.001,icloss:0.556,loss1:1.038, loss2:4.466, loss3:1.125, ploss:0.000,palign:0.000,total_loss:7.185,fceloss:0.0000
2026-06-11 15:38:48,298 transreid.image_train INFO: Epoch[147] Iteration[60/111] Loss: 7.358, Acc: 0.993,Acc1: 0.988,Acc2: 0.959, Base Lr: 2.39e-05,biloss:0.001,icloss:0.530,loss1:1.094, loss2:4.610, loss3:1.159, ploss:0.000,palign:0.000,total_loss:7.393,fceloss:0.0000
2026-06-11 15:38:51,546 transreid.image_train INFO: Epoch[147] Iteration[80/111] Loss: 7.336, Acc: 0.993,Acc1: 0.989,Acc2: 0.963, Base Lr: 2.39e-05,biloss:0.001,icloss:0.544,loss1:1.130, loss2:4.510, loss3:1.184, ploss:0.000,palign:0.000,total_loss:7.368,fceloss:0.0000
2026-06-11 15:38:54,900 transreid.image_train INFO: Epoch[147] Iteration[100/111] Loss: 7.310, Acc: 0.994,Acc1: 0.989,Acc2: 0.962, Base Lr: 2.39e-05,biloss:0.001,icloss:0.563,loss1:1.031, loss2:4.395, loss3:1.117, ploss:0.000,palign:0.000,total_loss:7.106,fceloss:0.0000
2026-06-11 15:38:56,333 transreid.image_train INFO: Epoch 147 done. Time per batch: 53.936[s] Speed: 0.6[samples/s]
2026-06-11 15:39:05,848 transreid.image_train INFO: Validation Results - Epoch: 147
2026-06-11 15:39:05,848 transreid.image_train INFO: mAP: 63.2%
2026-06-11 15:39:05,848 transreid.image_train INFO: CMC curve, Rank-1  :71.2%
2026-06-11 15:39:05,848 transreid.image_train INFO: CMC curve, Rank-5  :77.4%
2026-06-11 15:39:05,849 transreid.image_train INFO: CMC curve, Rank-10 :79.5%
2026-06-11 15:39:05,849 transreid.image_train INFO: Best mAP: 63.6%
2026-06-11 15:39:05,849 transreid.image_train INFO: Best Rank-1: 71.9%
2026-06-11 15:39:05,849 transreid.image_train INFO: Best Rank-5: 77.4%
2026-06-11 15:39:05,849 transreid.image_train INFO: Best Rank-10: 79.5%
2026-06-11 15:39:10,372 transreid.image_train INFO: Epoch[148] Iteration[20/111] Loss: 7.412, Acc: 0.998,Acc1: 0.988,Acc2: 0.966, Base Lr: 1.95e-05,biloss:0.000,icloss:0.561,loss1:1.134, loss2:4.588, loss3:1.130, ploss:0.000,palign:0.000,total_loss:7.413,fceloss:0.0000
2026-06-11 15:39:13,594 transreid.image_train INFO: Epoch[148] Iteration[40/111] Loss: 7.393, Acc: 0.990,Acc1: 0.986,Acc2: 0.966, Base Lr: 1.95e-05,biloss:0.001,icloss:0.523,loss1:1.100, loss2:4.652, loss3:1.153, ploss:0.000,palign:0.000,total_loss:7.429,fceloss:0.0000
2026-06-11 15:39:16,800 transreid.image_train INFO: Epoch[148] Iteration[60/111] Loss: 7.380, Acc: 0.991,Acc1: 0.989,Acc2: 0.968, Base Lr: 1.95e-05,biloss:0.001,icloss:0.526,loss1:1.157, loss2:4.688, loss3:1.527, ploss:0.000,palign:0.000,total_loss:7.898,fceloss:0.0000
2026-06-11 15:39:19,999 transreid.image_train INFO: Epoch[148] Iteration[80/111] Loss: 7.351, Acc: 0.993,Acc1: 0.989,Acc2: 0.968, Base Lr: 1.95e-05,biloss:0.001,icloss:0.582,loss1:1.048, loss2:4.489, loss3:1.312, ploss:0.000,palign:0.000,total_loss:7.432,fceloss:0.0000
2026-06-11 15:39:23,273 transreid.image_train INFO: Epoch[148] Iteration[100/111] Loss: 7.310, Acc: 0.993,Acc1: 0.989,Acc2: 0.969, Base Lr: 1.95e-05,biloss:0.000,icloss:0.573,loss1:1.031, loss2:4.358, loss3:1.043, ploss:0.000,palign:0.000,total_loss:7.005,fceloss:0.0000
2026-06-11 15:39:25,099 transreid.image_train INFO: Epoch 148 done. Time per batch: 53.705[s] Speed: 0.6[samples/s]
2026-06-11 15:39:34,846 transreid.image_train INFO: Validation Results - Epoch: 148
2026-06-11 15:39:34,846 transreid.image_train INFO: mAP: 63.3%
2026-06-11 15:39:34,846 transreid.image_train INFO: CMC curve, Rank-1  :71.0%
2026-06-11 15:39:34,846 transreid.image_train INFO: CMC curve, Rank-5  :77.2%
2026-06-11 15:39:34,846 transreid.image_train INFO: CMC curve, Rank-10 :79.4%
2026-06-11 15:39:34,846 transreid.image_train INFO: Best mAP: 63.6%
2026-06-11 15:39:34,846 transreid.image_train INFO: Best Rank-1: 71.9%
2026-06-11 15:39:34,846 transreid.image_train INFO: Best Rank-5: 77.4%
2026-06-11 15:39:34,846 transreid.image_train INFO: Best Rank-10: 79.5%
2026-06-11 15:39:39,268 transreid.image_train INFO: Epoch[149] Iteration[20/111] Loss: 7.390, Acc: 0.983,Acc1: 0.981,Acc2: 0.972, Base Lr: 1.69e-05,biloss:0.001,icloss:0.550,loss1:1.093, loss2:4.619, loss3:1.110, ploss:0.000,palign:0.000,total_loss:7.373,fceloss:0.0000
2026-06-11 15:39:42,498 transreid.image_train INFO: Epoch[149] Iteration[40/111] Loss: 7.361, Acc: 0.990,Acc1: 0.990,Acc2: 0.974, Base Lr: 1.69e-05,biloss:0.000,icloss:0.552,loss1:1.105, loss2:4.581, loss3:1.107, ploss:0.000,palign:0.000,total_loss:7.346,fceloss:0.0000
2026-06-11 15:39:45,707 transreid.image_train INFO: Epoch[149] Iteration[60/111] Loss: 7.357, Acc: 0.990,Acc1: 0.990,Acc2: 0.968, Base Lr: 1.69e-05,biloss:0.000,icloss:0.547,loss1:1.037, loss2:4.475, loss3:1.045, ploss:0.000,palign:0.000,total_loss:7.104,fceloss:0.0000
2026-06-11 15:39:48,927 transreid.image_train INFO: Epoch[149] Iteration[80/111] Loss: 7.349, Acc: 0.991,Acc1: 0.988,Acc2: 0.961, Base Lr: 1.69e-05,biloss:0.000,icloss:0.552,loss1:1.048, loss2:4.493, loss3:1.092, ploss:0.000,palign:0.000,total_loss:7.185,fceloss:0.0000
2026-06-11 15:39:52,101 transreid.image_train INFO: Epoch[149] Iteration[100/111] Loss: 7.312, Acc: 0.992,Acc1: 0.989,Acc2: 0.961, Base Lr: 1.69e-05,biloss:0.000,icloss:0.555,loss1:1.047, loss2:4.462, loss3:1.053, ploss:0.000,palign:0.000,total_loss:7.117,fceloss:0.0000
2026-06-11 15:39:53,666 transreid.image_train INFO: Epoch 149 done. Time per batch: 53.967[s] Speed: 0.6[samples/s]
2026-06-11 15:40:03,315 transreid.image_train INFO: Validation Results - Epoch: 149
2026-06-11 15:40:03,315 transreid.image_train INFO: mAP: 63.5%
2026-06-11 15:40:03,315 transreid.image_train INFO: CMC curve, Rank-1  :71.4%
2026-06-11 15:40:03,316 transreid.image_train INFO: CMC curve, Rank-5  :77.2%
2026-06-11 15:40:03,316 transreid.image_train INFO: CMC curve, Rank-10 :79.5%
2026-06-11 15:40:03,316 transreid.image_train INFO: Best mAP: 63.6%
2026-06-11 15:40:03,316 transreid.image_train INFO: Best Rank-1: 71.9%
2026-06-11 15:40:03,316 transreid.image_train INFO: Best Rank-5: 77.4%
2026-06-11 15:40:03,316 transreid.image_train INFO: Best Rank-10: 79.5%
2026-06-11 15:40:07,617 transreid.image_train INFO: Epoch[150] Iteration[20/111] Loss: 7.417, Acc: 0.991,Acc1: 0.984,Acc2: 0.956, Base Lr: 1.60e-05,biloss:0.001,icloss:0.510,loss1:1.076, loss2:4.629, loss3:1.165, ploss:0.000,palign:0.000,total_loss:7.381,fceloss:0.0000
2026-06-11 15:40:10,868 transreid.image_train INFO: Epoch[150] Iteration[40/111] Loss: 7.345, Acc: 0.995,Acc1: 0.989,Acc2: 0.972, Base Lr: 1.60e-05,biloss:0.000,icloss:0.543,loss1:1.108, loss2:4.607, loss3:1.126, ploss:0.000,palign:0.000,total_loss:7.385,fceloss:0.0000
2026-06-11 15:40:14,095 transreid.image_train INFO: Epoch[150] Iteration[60/111] Loss: 7.334, Acc: 0.996,Acc1: 0.990,Acc2: 0.970, Base Lr: 1.60e-05,biloss:0.001,icloss:0.538,loss1:1.071, loss2:4.579, loss3:1.150, ploss:0.000,palign:0.000,total_loss:7.339,fceloss:0.0000
2026-06-11 15:40:17,338 transreid.image_train INFO: Epoch[150] Iteration[80/111] Loss: 7.317, Acc: 0.995,Acc1: 0.990,Acc2: 0.966, Base Lr: 1.60e-05,biloss:0.001,icloss:0.555,loss1:1.063, loss2:4.512, loss3:1.078, ploss:0.000,palign:0.000,total_loss:7.208,fceloss:0.0000
2026-06-11 15:40:20,581 transreid.image_train INFO: Epoch[150] Iteration[100/111] Loss: 7.299, Acc: 0.994,Acc1: 0.989,Acc2: 0.960, Base Lr: 1.60e-05,biloss:0.001,icloss:0.582,loss1:1.028, loss2:4.402, loss3:1.200, ploss:0.000,palign:0.000,total_loss:7.213,fceloss:0.0000
2026-06-11 15:40:22,133 transreid.image_train INFO: Epoch 150 done. Time per batch: 54.228[s] Speed: 0.6[samples/s]
2026-06-11 15:40:31,680 transreid.image_train INFO: Validation Results - Epoch: 150
2026-06-11 15:40:31,680 transreid.image_train INFO: mAP: 63.2%
2026-06-11 15:40:31,680 transreid.image_train INFO: CMC curve, Rank-1  :71.0%
2026-06-11 15:40:31,680 transreid.image_train INFO: CMC curve, Rank-5  :77.4%
2026-06-11 15:40:31,680 transreid.image_train INFO: CMC curve, Rank-10 :79.4%
2026-06-11 15:40:31,681 transreid.image_train INFO: Best mAP: 63.6%
2026-06-11 15:40:31,681 transreid.image_train INFO: Best Rank-1: 71.9%
2026-06-11 15:40:31,681 transreid.image_train INFO: Best Rank-5: 77.4%
2026-06-11 15:40:31,681 transreid.image_train INFO: Best Rank-10: 79.5%
