2026-06-11 15:42:56,568 transreid.image_train INFO: Experiment F: v2 + CoEN-lite quality gate
2026-06-11 15:42:56,568 transreid.image_train INFO: Flare sampler: False, Modality dropout: 0.0, CoEN-lite: True
2026-06-11 15:43:09,459 transreid.image_train INFO: Epoch[1] Iteration[20/111] CoEN(qR=0.45,qN=0.41) Loss: 16.647, Acc: 0.002,Acc1: 0.003,Acc2: 0.002, Base Lr: 1.66e-03,biloss:0.006,icloss:0.015,loss1:4.627, loss2:4.418, loss3:7.526, ploss:0.000,palign:0.000,total_loss:16.591,fceloss:0.0000
2026-06-11 15:43:12,679 transreid.image_train INFO: Epoch[1] Iteration[40/111] CoEN(qR=0.44,qN=0.41) Loss: 16.839, Acc: 0.002,Acc1: 0.002,Acc2: 0.002, Base Lr: 1.66e-03,biloss:0.006,icloss:0.015,loss1:4.639, loss2:4.463, loss3:7.608, ploss:0.000,palign:0.000,total_loss:16.730,fceloss:0.0000
2026-06-11 15:43:16,084 transreid.image_train INFO: Epoch[1] Iteration[60/111] CoEN(qR=0.50,qN=0.44) Loss: 17.076, Acc: 0.002,Acc1: 0.003,Acc2: 0.001, Base Lr: 1.66e-03,biloss:0.006,icloss:0.015,loss1:5.017, loss2:4.473, loss3:7.266, ploss:0.000,palign:0.000,total_loss:16.777,fceloss:0.0000
2026-06-11 15:43:19,488 transreid.image_train INFO: Epoch[1] Iteration[80/111] CoEN(qR=0.48,qN=0.44) Loss: 16.854, Acc: 0.002,Acc1: 0.004,Acc2: 0.001, Base Lr: 1.66e-03,biloss:0.006,icloss:0.015,loss1:4.534, loss2:4.349, loss3:7.411, ploss:0.000,palign:0.000,total_loss:16.316,fceloss:0.0000
2026-06-11 15:43:23,117 transreid.image_train INFO: Epoch[1] Iteration[100/111] CoEN(qR=0.44,qN=0.42) Loss: 16.715, Acc: 0.002,Acc1: 0.003,Acc2: 0.001, Base Lr: 1.66e-03,biloss:0.006,icloss:0.015,loss1:4.364, loss2:4.272, loss3:7.210, ploss:0.000,palign:0.000,total_loss:15.866,fceloss:0.0000
2026-06-11 15:43:24,716 transreid.image_train INFO: Epoch 1 done. Time per batch: 0.187[s] Speed: 170.7[samples/s]
2026-06-11 15:43:34,352 transreid.image_train INFO: Validation Results - Epoch: 1
2026-06-11 15:43:34,352 transreid.image_train INFO: mAP: 26.4%
2026-06-11 15:43:34,352 transreid.image_train INFO: CMC curve, Rank-1  :29.5%
2026-06-11 15:43:34,352 transreid.image_train INFO: CMC curve, Rank-5  :41.5%
2026-06-11 15:43:34,352 transreid.image_train INFO: CMC curve, Rank-10 :48.9%
2026-06-11 15:43:35,146 transreid.image_train INFO: Best mAP: 26.4%
2026-06-11 15:43:35,146 transreid.image_train INFO: Best Rank-1: 29.5%
2026-06-11 15:43:35,146 transreid.image_train INFO: Best Rank-5: 41.5%
2026-06-11 15:43:35,146 transreid.image_train INFO: Best Rank-10: 48.9%
2026-06-11 15:43:39,606 transreid.image_train INFO: Epoch[2] Iteration[20/111] CoEN(qR=0.46,qN=0.42) Loss: 15.979, Acc: 0.000,Acc1: 0.005,Acc2: 0.000, Base Lr: 3.25e-03,biloss:0.006,icloss:0.015,loss1:4.326, loss2:4.201, loss3:7.700, ploss:0.000,palign:0.000,total_loss:16.247,fceloss:0.0000
2026-06-11 15:43:42,920 transreid.image_train INFO: Epoch[2] Iteration[40/111] CoEN(qR=0.46,qN=0.43) Loss: 15.962, Acc: 0.002,Acc1: 0.004,Acc2: 0.002, Base Lr: 3.25e-03,biloss:0.006,icloss:0.015,loss1:4.409, loss2:4.273, loss3:7.139, ploss:0.000,palign:0.000,total_loss:15.842,fceloss:0.0000
2026-06-11 15:43:46,192 transreid.image_train INFO: Epoch[2] Iteration[60/111] CoEN(qR=0.41,qN=0.38) Loss: 15.921, Acc: 0.003,Acc1: 0.003,Acc2: 0.002, Base Lr: 3.25e-03,biloss:0.006,icloss:0.013,loss1:4.175, loss2:4.029, loss3:7.126, ploss:0.000,palign:0.000,total_loss:15.349,fceloss:0.0000
2026-06-11 15:43:49,495 transreid.image_train INFO: Epoch[2] Iteration[80/111] CoEN(qR=0.42,qN=0.39) Loss: 15.879, Acc: 0.004,Acc1: 0.002,Acc2: 0.001, Base Lr: 3.25e-03,biloss:0.005,icloss:0.014,loss1:4.195, loss2:4.104, loss3:7.113, ploss:0.000,palign:0.000,total_loss:15.431,fceloss:0.0000
2026-06-11 15:43:52,790 transreid.image_train INFO: Epoch[2] Iteration[100/111] CoEN(qR=0.47,qN=0.41) Loss: 15.857, Acc: 0.004,Acc1: 0.003,Acc2: 0.005, Base Lr: 3.25e-03,biloss:0.006,icloss:0.014,loss1:4.488, loss2:4.219, loss3:7.128, ploss:0.000,palign:0.000,total_loss:15.855,fceloss:0.0000
2026-06-11 15:43:54,520 transreid.image_train INFO: Epoch 2 done. Time per batch: 0.457[s] Speed: 70.1[samples/s]
2026-06-11 15:44:04,165 transreid.image_train INFO: Validation Results - Epoch: 2
2026-06-11 15:44:04,165 transreid.image_train INFO: mAP: 29.1%
2026-06-11 15:44:04,165 transreid.image_train INFO: CMC curve, Rank-1  :31.5%
2026-06-11 15:44:04,165 transreid.image_train INFO: CMC curve, Rank-5  :44.5%
2026-06-11 15:44:04,165 transreid.image_train INFO: CMC curve, Rank-10 :52.1%
2026-06-11 15:44:06,121 transreid.image_train INFO: Best mAP: 29.1%
2026-06-11 15:44:06,121 transreid.image_train INFO: Best Rank-1: 31.5%
2026-06-11 15:44:06,121 transreid.image_train INFO: Best Rank-5: 44.5%
2026-06-11 15:44:06,121 transreid.image_train INFO: Best Rank-10: 52.1%
2026-06-11 15:44:10,755 transreid.image_train INFO: Epoch[3] Iteration[20/111] CoEN(qR=0.43,qN=0.41) Loss: 15.871, Acc: 0.020,Acc1: 0.009,Acc2: 0.036, Base Lr: 4.83e-03,biloss:0.005,icloss:0.014,loss1:4.277, loss2:4.177, loss3:7.107, ploss:0.000,palign:0.000,total_loss:15.580,fceloss:0.0000
2026-06-11 15:44:13,984 transreid.image_train INFO: Epoch[3] Iteration[40/111] CoEN(qR=0.43,qN=0.41) Loss: 15.790, Acc: 0.024,Acc1: 0.014,Acc2: 0.027, Base Lr: 4.83e-03,biloss:0.005,icloss:0.014,loss1:4.395, loss2:4.200, loss3:7.262, ploss:0.000,palign:0.000,total_loss:15.876,fceloss:0.0000
2026-06-11 15:44:17,229 transreid.image_train INFO: Epoch[3] Iteration[60/111] CoEN(qR=0.38,qN=0.37) Loss: 15.715, Acc: 0.023,Acc1: 0.015,Acc2: 0.024, Base Lr: 4.83e-03,biloss:0.005,icloss:0.014,loss1:3.997, loss2:3.976, loss3:7.034, ploss:0.000,palign:0.000,total_loss:15.025,fceloss:0.0000
2026-06-11 15:44:20,508 transreid.image_train INFO: Epoch[3] Iteration[80/111] CoEN(qR=0.47,qN=0.42) Loss: 15.683, Acc: 0.027,Acc1: 0.018,Acc2: 0.023, Base Lr: 4.83e-03,biloss:0.005,icloss:0.015,loss1:4.462, loss2:4.240, loss3:7.058, ploss:0.000,palign:0.000,total_loss:15.780,fceloss:0.0000
2026-06-11 15:44:23,756 transreid.image_train INFO: Epoch[3] Iteration[100/111] CoEN(qR=0.43,qN=0.40) Loss: 15.670, Acc: 0.029,Acc1: 0.021,Acc2: 0.023, Base Lr: 4.83e-03,biloss:0.005,icloss:0.016,loss1:4.270, loss2:4.115, loss3:7.085, ploss:0.000,palign:0.000,total_loss:15.491,fceloss:0.0000
2026-06-11 15:44:25,193 transreid.image_train INFO: Epoch 3 done. Time per batch: 0.749[s] Speed: 42.7[samples/s]
2026-06-11 15:44:34,848 transreid.image_train INFO: Validation Results - Epoch: 3
2026-06-11 15:44:34,849 transreid.image_train INFO: mAP: 29.0%
2026-06-11 15:44:34,849 transreid.image_train INFO: CMC curve, Rank-1  :31.5%
2026-06-11 15:44:34,849 transreid.image_train INFO: CMC curve, Rank-5  :44.7%
2026-06-11 15:44:34,849 transreid.image_train INFO: CMC curve, Rank-10 :52.3%
2026-06-11 15:44:34,849 transreid.image_train INFO: Best mAP: 29.1%
2026-06-11 15:44:34,849 transreid.image_train INFO: Best Rank-1: 31.5%
2026-06-11 15:44:34,849 transreid.image_train INFO: Best Rank-5: 44.5%
2026-06-11 15:44:34,849 transreid.image_train INFO: Best Rank-10: 52.1%
2026-06-11 15:44:39,222 transreid.image_train INFO: Epoch[4] Iteration[20/111] CoEN(qR=0.51,qN=0.45) Loss: 15.645, Acc: 0.022,Acc1: 0.030,Acc2: 0.027, Base Lr: 6.42e-03,biloss:0.005,icloss:0.020,loss1:4.496, loss2:4.308, loss3:6.925, ploss:0.000,palign:0.000,total_loss:15.754,fceloss:0.0000
2026-06-11 15:44:42,499 transreid.image_train INFO: Epoch[4] Iteration[40/111] CoEN(qR=0.43,qN=0.43) Loss: 15.556, Acc: 0.028,Acc1: 0.032,Acc2: 0.021, Base Lr: 6.42e-03,biloss:0.004,icloss:0.021,loss1:4.249, loss2:4.245, loss3:7.066, ploss:0.000,palign:0.000,total_loss:15.586,fceloss:0.0000
2026-06-11 15:44:45,777 transreid.image_train INFO: Epoch[4] Iteration[60/111] CoEN(qR=0.39,qN=0.37) Loss: 15.591, Acc: 0.030,Acc1: 0.044,Acc2: 0.026, Base Lr: 6.42e-03,biloss:0.004,icloss:0.023,loss1:4.308, loss2:3.897, loss3:6.895, ploss:0.000,palign:0.000,total_loss:15.126,fceloss:0.0000
2026-06-11 15:44:49,061 transreid.image_train INFO: Epoch[4] Iteration[80/111] CoEN(qR=0.44,qN=0.41) Loss: 15.561, Acc: 0.040,Acc1: 0.052,Acc2: 0.025, Base Lr: 6.42e-03,biloss:0.004,icloss:0.023,loss1:4.293, loss2:4.141, loss3:6.974, ploss:0.000,palign:0.000,total_loss:15.435,fceloss:0.0000
2026-06-11 15:44:52,343 transreid.image_train INFO: Epoch[4] Iteration[100/111] CoEN(qR=0.46,qN=0.43) Loss: 15.486, Acc: 0.051,Acc1: 0.060,Acc2: 0.035, Base Lr: 6.42e-03,biloss:0.004,icloss:0.023,loss1:4.411, loss2:4.250, loss3:7.059, ploss:0.000,palign:0.000,total_loss:15.748,fceloss:0.0000
2026-06-11 15:44:53,911 transreid.image_train INFO: Epoch 4 done. Time per batch: 1.006[s] Speed: 31.8[samples/s]
2026-06-11 15:45:03,549 transreid.image_train INFO: Validation Results - Epoch: 4
2026-06-11 15:45:03,550 transreid.image_train INFO: mAP: 41.4%
2026-06-11 15:45:03,550 transreid.image_train INFO: CMC curve, Rank-1  :45.6%
2026-06-11 15:45:03,550 transreid.image_train INFO: CMC curve, Rank-5  :61.7%
2026-06-11 15:45:03,550 transreid.image_train INFO: CMC curve, Rank-10 :68.1%
2026-06-11 15:45:05,435 transreid.image_train INFO: Best mAP: 41.4%
2026-06-11 15:45:05,435 transreid.image_train INFO: Best Rank-1: 45.6%
2026-06-11 15:45:05,435 transreid.image_train INFO: Best Rank-5: 61.7%
2026-06-11 15:45:05,435 transreid.image_train INFO: Best Rank-10: 68.1%
2026-06-11 15:45:09,888 transreid.image_train INFO: Epoch[5] Iteration[20/111] CoEN(qR=0.42,qN=0.39) Loss: 15.174, Acc: 0.030,Acc1: 0.070,Acc2: 0.036, Base Lr: 7.98e-03,biloss:0.003,icloss:0.027,loss1:4.127, loss2:4.016, loss3:6.940, ploss:0.000,palign:0.000,total_loss:15.114,fceloss:0.0000
2026-06-11 15:45:13,149 transreid.image_train INFO: Epoch[5] Iteration[40/111] CoEN(qR=0.42,qN=0.40) Loss: 15.217, Acc: 0.029,Acc1: 0.057,Acc2: 0.032, Base Lr: 7.98e-03,biloss:0.003,icloss:0.029,loss1:4.096, loss2:4.045, loss3:6.907, ploss:0.000,palign:0.000,total_loss:15.081,fceloss:0.0000
2026-06-11 15:45:16,418 transreid.image_train INFO: Epoch[5] Iteration[60/111] CoEN(qR=0.42,qN=0.40) Loss: 15.186, Acc: 0.033,Acc1: 0.076,Acc2: 0.029, Base Lr: 7.98e-03,biloss:0.004,icloss:0.028,loss1:4.094, loss2:4.113, loss3:6.815, ploss:0.000,palign:0.000,total_loss:15.053,fceloss:0.0000
2026-06-11 15:45:19,665 transreid.image_train INFO: Epoch[5] Iteration[80/111] CoEN(qR=0.43,qN=0.41) Loss: 15.083, Acc: 0.040,Acc1: 0.086,Acc2: 0.038, Base Lr: 7.98e-03,biloss:0.003,icloss:0.030,loss1:4.107, loss2:4.052, loss3:6.368, ploss:0.000,palign:0.000,total_loss:14.561,fceloss:0.0000
2026-06-11 15:45:22,905 transreid.image_train INFO: Epoch[5] Iteration[100/111] CoEN(qR=0.44,qN=0.42) Loss: 15.083, Acc: 0.050,Acc1: 0.092,Acc2: 0.044, Base Lr: 7.98e-03,biloss:0.003,icloss:0.030,loss1:4.096, loss2:4.137, loss3:6.828, ploss:0.000,palign:0.000,total_loss:15.095,fceloss:0.0000
2026-06-11 15:45:24,444 transreid.image_train INFO: Epoch 5 done. Time per batch: 1.286[s] Speed: 24.9[samples/s]
2026-06-11 15:45:34,148 transreid.image_train INFO: Validation Results - Epoch: 5
2026-06-11 15:45:34,148 transreid.image_train INFO: mAP: 39.8%
2026-06-11 15:45:34,148 transreid.image_train INFO: CMC curve, Rank-1  :44.5%
2026-06-11 15:45:34,148 transreid.image_train INFO: CMC curve, Rank-5  :60.1%
2026-06-11 15:45:34,148 transreid.image_train INFO: CMC curve, Rank-10 :66.7%
2026-06-11 15:45:34,148 transreid.image_train INFO: Best mAP: 41.4%
2026-06-11 15:45:34,149 transreid.image_train INFO: Best Rank-1: 45.6%
2026-06-11 15:45:34,149 transreid.image_train INFO: Best Rank-5: 61.7%
2026-06-11 15:45:34,149 transreid.image_train INFO: Best Rank-10: 68.1%
2026-06-11 15:45:38,539 transreid.image_train INFO: Epoch[6] Iteration[20/111] CoEN(qR=0.46,qN=0.43) Loss: 14.895, Acc: 0.041,Acc1: 0.116,Acc2: 0.041, Base Lr: 7.97e-03,biloss:0.003,icloss:0.038,loss1:4.171, loss2:4.144, loss3:6.579, ploss:0.000,palign:0.000,total_loss:14.935,fceloss:0.0000
2026-06-11 15:45:41,857 transreid.image_train INFO: Epoch[6] Iteration[40/111] CoEN(qR=0.45,qN=0.42) Loss: 14.782, Acc: 0.058,Acc1: 0.133,Acc2: 0.050, Base Lr: 7.97e-03,biloss:0.003,icloss:0.033,loss1:4.204, loss2:4.160, loss3:6.887, ploss:0.000,palign:0.000,total_loss:15.288,fceloss:0.0000
2026-06-11 15:45:45,192 transreid.image_train INFO: Epoch[6] Iteration[60/111] CoEN(qR=0.46,qN=0.42) Loss: 14.763, Acc: 0.047,Acc1: 0.123,Acc2: 0.043, Base Lr: 7.97e-03,biloss:0.003,icloss:0.034,loss1:4.309, loss2:4.131, loss3:6.517, ploss:0.000,palign:0.000,total_loss:14.995,fceloss:0.0000
2026-06-11 15:45:48,522 transreid.image_train INFO: Epoch[6] Iteration[80/111] CoEN(qR=0.51,qN=0.46) Loss: 14.776, Acc: 0.052,Acc1: 0.117,Acc2: 0.040, Base Lr: 7.97e-03,biloss:0.003,icloss:0.037,loss1:4.236, loss2:4.292, loss3:6.637, ploss:0.000,palign:0.000,total_loss:15.206,fceloss:0.0000
2026-06-11 15:45:51,847 transreid.image_train INFO: Epoch[6] Iteration[100/111] CoEN(qR=0.46,qN=0.41) Loss: 14.707, Acc: 0.064,Acc1: 0.138,Acc2: 0.054, Base Lr: 7.97e-03,biloss:0.003,icloss:0.035,loss1:4.235, loss2:4.144, loss3:6.474, ploss:0.000,palign:0.000,total_loss:14.891,fceloss:0.0000
2026-06-11 15:45:53,621 transreid.image_train INFO: Epoch 6 done. Time per batch: 1.539[s] Speed: 20.8[samples/s]
2026-06-11 15:46:03,336 transreid.image_train INFO: Validation Results - Epoch: 6
2026-06-11 15:46:03,337 transreid.image_train INFO: mAP: 46.9%
2026-06-11 15:46:03,337 transreid.image_train INFO: CMC curve, Rank-1  :50.5%
2026-06-11 15:46:03,337 transreid.image_train INFO: CMC curve, Rank-5  :65.5%
2026-06-11 15:46:03,337 transreid.image_train INFO: CMC curve, Rank-10 :74.0%
2026-06-11 15:46:05,083 transreid.image_train INFO: Best mAP: 46.9%
2026-06-11 15:46:05,084 transreid.image_train INFO: Best Rank-1: 50.5%
2026-06-11 15:46:05,084 transreid.image_train INFO: Best Rank-5: 65.5%
2026-06-11 15:46:05,084 transreid.image_train INFO: Best Rank-10: 74.0%
2026-06-11 15:46:09,453 transreid.image_train INFO: Epoch[7] Iteration[20/111] CoEN(qR=0.50,qN=0.46) Loss: 14.582, Acc: 0.025,Acc1: 0.164,Acc2: 0.030, Base Lr: 7.96e-03,biloss:0.003,icloss:0.048,loss1:4.344, loss2:4.235, loss3:6.399, ploss:0.000,palign:0.000,total_loss:15.029,fceloss:0.0000
2026-06-11 15:46:12,717 transreid.image_train INFO: Epoch[7] Iteration[40/111] CoEN(qR=0.38,qN=0.38) Loss: 14.444, Acc: 0.032,Acc1: 0.156,Acc2: 0.030, Base Lr: 7.96e-03,biloss:0.003,icloss:0.038,loss1:3.619, loss2:3.864, loss3:6.334, ploss:0.000,palign:0.000,total_loss:13.857,fceloss:0.0000
2026-06-11 15:46:15,987 transreid.image_train INFO: Epoch[7] Iteration[60/111] CoEN(qR=0.40,qN=0.39) Loss: 14.426, Acc: 0.043,Acc1: 0.146,Acc2: 0.035, Base Lr: 7.96e-03,biloss:0.003,icloss:0.039,loss1:3.760, loss2:4.031, loss3:6.660, ploss:0.000,palign:0.000,total_loss:14.492,fceloss:0.0000
2026-06-11 15:46:19,242 transreid.image_train INFO: Epoch[7] Iteration[80/111] CoEN(qR=0.44,qN=0.41) Loss: 14.345, Acc: 0.052,Acc1: 0.157,Acc2: 0.041, Base Lr: 7.96e-03,biloss:0.003,icloss:0.039,loss1:3.819, loss2:4.068, loss3:6.317, ploss:0.000,palign:0.000,total_loss:14.246,fceloss:0.0000
2026-06-11 15:46:22,492 transreid.image_train INFO: Epoch[7] Iteration[100/111] CoEN(qR=0.43,qN=0.42) Loss: 14.312, Acc: 0.067,Acc1: 0.173,Acc2: 0.058, Base Lr: 7.96e-03,biloss:0.003,icloss:0.044,loss1:4.014, loss2:4.163, loss3:6.117, ploss:0.000,palign:0.000,total_loss:14.339,fceloss:0.0000
2026-06-11 15:46:24,038 transreid.image_train INFO: Epoch 7 done. Time per batch: 1.833[s] Speed: 17.5[samples/s]
2026-06-11 15:46:33,702 transreid.image_train INFO: Validation Results - Epoch: 7
2026-06-11 15:46:33,702 transreid.image_train INFO: mAP: 48.3%
2026-06-11 15:46:33,702 transreid.image_train INFO: CMC curve, Rank-1  :52.5%
2026-06-11 15:46:33,702 transreid.image_train INFO: CMC curve, Rank-5  :66.2%
2026-06-11 15:46:33,702 transreid.image_train INFO: CMC curve, Rank-10 :74.2%
2026-06-11 15:46:35,445 transreid.image_train INFO: Best mAP: 48.3%
2026-06-11 15:46:35,446 transreid.image_train INFO: Best Rank-1: 52.5%
2026-06-11 15:46:35,446 transreid.image_train INFO: Best Rank-5: 66.2%
2026-06-11 15:46:35,446 transreid.image_train INFO: Best Rank-10: 74.2%
2026-06-11 15:46:39,779 transreid.image_train INFO: Epoch[8] Iteration[20/111] CoEN(qR=0.44,qN=0.40) Loss: 14.322, Acc: 0.059,Acc1: 0.181,Acc2: 0.053, Base Lr: 7.94e-03,biloss:0.002,icloss:0.047,loss1:3.580, loss2:3.767, loss3:5.828, ploss:0.000,palign:0.000,total_loss:13.225,fceloss:0.0000
2026-06-11 15:46:43,083 transreid.image_train INFO: Epoch[8] Iteration[40/111] CoEN(qR=0.48,qN=0.44) Loss: 14.246, Acc: 0.068,Acc1: 0.177,Acc2: 0.044, Base Lr: 7.94e-03,biloss:0.003,icloss:0.044,loss1:4.206, loss2:4.071, loss3:6.670, ploss:0.000,palign:0.000,total_loss:14.993,fceloss:0.0000
2026-06-11 15:46:46,369 transreid.image_train INFO: Epoch[8] Iteration[60/111] CoEN(qR=0.43,qN=0.42) Loss: 14.238, Acc: 0.065,Acc1: 0.164,Acc2: 0.046, Base Lr: 7.94e-03,biloss:0.003,icloss:0.042,loss1:3.665, loss2:3.990, loss3:6.406, ploss:0.000,palign:0.000,total_loss:14.105,fceloss:0.0000
2026-06-11 15:46:49,680 transreid.image_train INFO: Epoch[8] Iteration[80/111] CoEN(qR=0.45,qN=0.42) Loss: 14.187, Acc: 0.069,Acc1: 0.174,Acc2: 0.052, Base Lr: 7.94e-03,biloss:0.002,icloss:0.043,loss1:3.891, loss2:3.945, loss3:6.259, ploss:0.000,palign:0.000,total_loss:14.141,fceloss:0.0000
2026-06-11 15:46:53,139 transreid.image_train INFO: Epoch[8] Iteration[100/111] CoEN(qR=0.45,qN=0.42) Loss: 14.087, Acc: 0.091,Acc1: 0.201,Acc2: 0.071, Base Lr: 7.94e-03,biloss:0.002,icloss:0.048,loss1:3.769, loss2:4.037, loss3:6.150, ploss:0.000,palign:0.000,total_loss:14.006,fceloss:0.0000
2026-06-11 15:46:54,563 transreid.image_train INFO: Epoch 8 done. Time per batch: 2.132[s] Speed: 15.0[samples/s]
2026-06-11 15:47:04,252 transreid.image_train INFO: Validation Results - Epoch: 8
2026-06-11 15:47:04,252 transreid.image_train INFO: mAP: 54.2%
2026-06-11 15:47:04,252 transreid.image_train INFO: CMC curve, Rank-1  :59.4%
2026-06-11 15:47:04,252 transreid.image_train INFO: CMC curve, Rank-5  :72.2%
2026-06-11 15:47:04,252 transreid.image_train INFO: CMC curve, Rank-10 :77.4%
2026-06-11 15:47:06,156 transreid.image_train INFO: Best mAP: 54.2%
2026-06-11 15:47:06,156 transreid.image_train INFO: Best Rank-1: 59.4%
2026-06-11 15:47:06,156 transreid.image_train INFO: Best Rank-5: 72.2%
2026-06-11 15:47:06,156 transreid.image_train INFO: Best Rank-10: 77.4%
2026-06-11 15:47:10,712 transreid.image_train INFO: Epoch[9] Iteration[20/111] CoEN(qR=0.45,qN=0.43) Loss: 13.816, Acc: 0.067,Acc1: 0.241,Acc2: 0.073, Base Lr: 7.93e-03,biloss:0.002,icloss:0.049,loss1:3.648, loss2:3.867, loss3:5.881, ploss:0.000,palign:0.000,total_loss:13.447,fceloss:0.0000
2026-06-11 15:47:14,072 transreid.image_train INFO: Epoch[9] Iteration[40/111] CoEN(qR=0.45,qN=0.41) Loss: 13.817, Acc: 0.066,Acc1: 0.242,Acc2: 0.053, Base Lr: 7.93e-03,biloss:0.002,icloss:0.049,loss1:3.643, loss2:3.797, loss3:5.693, ploss:0.000,palign:0.000,total_loss:13.184,fceloss:0.0000
2026-06-11 15:47:17,433 transreid.image_train INFO: Epoch[9] Iteration[60/111] CoEN(qR=0.47,qN=0.43) Loss: 13.798, Acc: 0.067,Acc1: 0.220,Acc2: 0.053, Base Lr: 7.93e-03,biloss:0.002,icloss:0.049,loss1:3.915, loss2:4.026, loss3:6.059, ploss:0.000,palign:0.000,total_loss:14.050,fceloss:0.0000
2026-06-11 15:47:20,771 transreid.image_train INFO: Epoch[9] Iteration[80/111] CoEN(qR=0.42,qN=0.40) Loss: 13.763, Acc: 0.086,Acc1: 0.230,Acc2: 0.065, Base Lr: 7.93e-03,biloss:0.002,icloss:0.048,loss1:3.351, loss2:3.845, loss3:5.887, ploss:0.000,palign:0.000,total_loss:13.134,fceloss:0.0000
2026-06-11 15:47:24,070 transreid.image_train INFO: Epoch[9] Iteration[100/111] CoEN(qR=0.45,qN=0.40) Loss: 13.717, Acc: 0.101,Acc1: 0.239,Acc2: 0.072, Base Lr: 7.93e-03,biloss:0.002,icloss:0.054,loss1:3.457, loss2:3.770, loss3:5.594, ploss:0.000,palign:0.000,total_loss:12.877,fceloss:0.0000
2026-06-11 15:47:25,663 transreid.image_train INFO: Epoch 9 done. Time per batch: 2.398[s] Speed: 13.3[samples/s]
2026-06-11 15:47:35,301 transreid.image_train INFO: Validation Results - Epoch: 9
2026-06-11 15:47:35,302 transreid.image_train INFO: mAP: 54.2%
2026-06-11 15:47:35,302 transreid.image_train INFO: CMC curve, Rank-1  :60.1%
2026-06-11 15:47:35,302 transreid.image_train INFO: CMC curve, Rank-5  :71.5%
2026-06-11 15:47:35,302 transreid.image_train INFO: CMC curve, Rank-10 :77.9%
2026-06-11 15:47:35,302 transreid.image_train INFO: Best mAP: 54.2%
2026-06-11 15:47:35,302 transreid.image_train INFO: Best Rank-1: 59.4%
2026-06-11 15:47:35,302 transreid.image_train INFO: Best Rank-5: 72.2%
2026-06-11 15:47:35,302 transreid.image_train INFO: Best Rank-10: 77.4%
2026-06-11 15:47:39,684 transreid.image_train INFO: Epoch[10] Iteration[20/111] CoEN(qR=0.50,qN=0.44) Loss: 13.877, Acc: 0.034,Acc1: 0.228,Acc2: 0.047, Base Lr: 7.91e-03,biloss:0.002,icloss:0.054,loss1:3.985, loss2:3.993, loss3:6.164, ploss:0.000,palign:0.000,total_loss:14.198,fceloss:0.0000
2026-06-11 15:47:43,027 transreid.image_train INFO: Epoch[10] Iteration[40/111] CoEN(qR=0.44,qN=0.40) Loss: 13.780, Acc: 0.054,Acc1: 0.237,Acc2: 0.067, Base Lr: 7.91e-03,biloss:0.002,icloss:0.049,loss1:3.877, loss2:3.842, loss3:5.965, ploss:0.000,palign:0.000,total_loss:13.736,fceloss:0.0000
2026-06-11 15:47:46,397 transreid.image_train INFO: Epoch[10] Iteration[60/111] CoEN(qR=0.42,qN=0.40) Loss: 13.661, Acc: 0.066,Acc1: 0.228,Acc2: 0.074, Base Lr: 7.91e-03,biloss:0.002,icloss:0.051,loss1:3.375, loss2:3.885, loss3:5.458, ploss:0.000,palign:0.000,total_loss:12.771,fceloss:0.0000
2026-06-11 15:47:49,765 transreid.image_train INFO: Epoch[10] Iteration[80/111] CoEN(qR=0.46,qN=0.44) Loss: 13.604, Acc: 0.075,Acc1: 0.236,Acc2: 0.073, Base Lr: 7.91e-03,biloss:0.002,icloss:0.052,loss1:3.712, loss2:4.080, loss3:6.163, ploss:0.000,palign:0.000,total_loss:14.009,fceloss:0.0000
2026-06-11 15:47:53,085 transreid.image_train INFO: Epoch[10] Iteration[100/111] CoEN(qR=0.44,qN=0.40) Loss: 13.594, Acc: 0.095,Acc1: 0.252,Acc2: 0.087, Base Lr: 7.91e-03,biloss:0.002,icloss:0.053,loss1:3.280, loss2:3.744, loss3:5.336, ploss:0.000,palign:0.000,total_loss:12.416,fceloss:0.0000
2026-06-11 15:47:54,648 transreid.image_train INFO: Epoch 10 done. Time per batch: 2.664[s] Speed: 12.0[samples/s]
2026-06-11 15:48:04,406 transreid.image_train INFO: Validation Results - Epoch: 10
2026-06-11 15:48:04,407 transreid.image_train INFO: mAP: 55.6%
2026-06-11 15:48:04,407 transreid.image_train INFO: CMC curve, Rank-1  :60.0%
2026-06-11 15:48:04,407 transreid.image_train INFO: CMC curve, Rank-5  :73.3%
2026-06-11 15:48:04,407 transreid.image_train INFO: CMC curve, Rank-10 :78.8%
2026-06-11 15:48:06,297 transreid.image_train INFO: Best mAP: 55.6%
2026-06-11 15:48:06,297 transreid.image_train INFO: Best Rank-1: 60.0%
2026-06-11 15:48:06,297 transreid.image_train INFO: Best Rank-5: 73.3%
2026-06-11 15:48:06,297 transreid.image_train INFO: Best Rank-10: 78.8%
2026-06-11 15:48:10,707 transreid.image_train INFO: Epoch[11] Iteration[20/111] CoEN(qR=0.43,qN=0.42) Loss: 13.689, Acc: 0.061,Acc1: 0.236,Acc2: 0.072, Base Lr: 7.89e-03,biloss:0.002,icloss:0.056,loss1:3.699, loss2:4.040, loss3:5.840, ploss:0.000,palign:0.000,total_loss:13.638,fceloss:0.0000
2026-06-11 15:48:14,046 transreid.image_train INFO: Epoch[11] Iteration[40/111] CoEN(qR=0.42,qN=0.43) Loss: 13.580, Acc: 0.070,Acc1: 0.270,Acc2: 0.069, Base Lr: 7.89e-03,biloss:0.002,icloss:0.053,loss1:3.726, loss2:4.148, loss3:6.649, ploss:0.000,palign:0.000,total_loss:14.578,fceloss:0.0000
2026-06-11 15:48:17,423 transreid.image_train INFO: Epoch[11] Iteration[60/111] CoEN(qR=0.40,qN=0.36) Loss: 13.451, Acc: 0.084,Acc1: 0.276,Acc2: 0.089, Base Lr: 7.89e-03,biloss:0.002,icloss:0.054,loss1:3.316, loss2:3.631, loss3:5.626, ploss:0.000,palign:0.000,total_loss:12.629,fceloss:0.0000
2026-06-11 15:48:20,756 transreid.image_train INFO: Epoch[11] Iteration[80/111] CoEN(qR=0.48,qN=0.41) Loss: 13.420, Acc: 0.090,Acc1: 0.275,Acc2: 0.092, Base Lr: 7.89e-03,biloss:0.002,icloss:0.062,loss1:3.462, loss2:3.820, loss3:5.188, ploss:0.000,palign:0.000,total_loss:12.535,fceloss:0.0000
2026-06-11 15:48:24,079 transreid.image_train INFO: Epoch[11] Iteration[100/111] CoEN(qR=0.45,qN=0.40) Loss: 13.313, Acc: 0.118,Acc1: 0.303,Acc2: 0.108, Base Lr: 7.89e-03,biloss:0.002,icloss:0.057,loss1:3.371, loss2:4.098, loss3:5.865, ploss:0.000,palign:0.000,total_loss:13.392,fceloss:0.0000
2026-06-11 15:48:25,858 transreid.image_train INFO: Epoch 11 done. Time per batch: 2.923[s] Speed: 10.9[samples/s]
2026-06-11 15:48:35,398 transreid.image_train INFO: Validation Results - Epoch: 11
2026-06-11 15:48:35,398 transreid.image_train INFO: mAP: 54.1%
2026-06-11 15:48:35,399 transreid.image_train INFO: CMC curve, Rank-1  :60.9%
2026-06-11 15:48:35,399 transreid.image_train INFO: CMC curve, Rank-5  :72.2%
2026-06-11 15:48:35,399 transreid.image_train INFO: CMC curve, Rank-10 :76.7%
2026-06-11 15:48:35,399 transreid.image_train INFO: Best mAP: 55.6%
2026-06-11 15:48:35,399 transreid.image_train INFO: Best Rank-1: 60.0%
2026-06-11 15:48:35,399 transreid.image_train INFO: Best Rank-5: 73.3%
2026-06-11 15:48:35,399 transreid.image_train INFO: Best Rank-10: 78.8%
2026-06-11 15:48:39,564 transreid.image_train INFO: Epoch[12] Iteration[20/111] CoEN(qR=0.50,qN=0.46) Loss: 13.299, Acc: 0.075,Acc1: 0.277,Acc2: 0.100, Base Lr: 7.87e-03,biloss:0.002,icloss:0.060,loss1:4.009, loss2:4.111, loss3:6.141, ploss:0.000,palign:0.000,total_loss:14.323,fceloss:0.0000
2026-06-11 15:48:42,774 transreid.image_train INFO: Epoch[12] Iteration[40/111] CoEN(qR=0.45,qN=0.40) Loss: 13.218, Acc: 0.097,Acc1: 0.311,Acc2: 0.088, Base Lr: 7.87e-03,biloss:0.002,icloss:0.057,loss1:3.421, loss2:3.646, loss3:5.453, ploss:0.000,palign:0.000,total_loss:12.579,fceloss:0.0000
2026-06-11 15:48:45,959 transreid.image_train INFO: Epoch[12] Iteration[60/111] CoEN(qR=0.43,qN=0.40) Loss: 13.147, Acc: 0.094,Acc1: 0.308,Acc2: 0.090, Base Lr: 7.87e-03,biloss:0.002,icloss:0.052,loss1:3.549, loss2:3.714, loss3:5.785, ploss:0.000,palign:0.000,total_loss:13.103,fceloss:0.0000
2026-06-11 15:48:49,180 transreid.image_train INFO: Epoch[12] Iteration[80/111] CoEN(qR=0.46,qN=0.41) Loss: 13.067, Acc: 0.113,Acc1: 0.318,Acc2: 0.097, Base Lr: 7.87e-03,biloss:0.002,icloss:0.058,loss1:3.660, loss2:3.730, loss3:5.756, ploss:0.000,palign:0.000,total_loss:13.206,fceloss:0.0000
2026-06-11 15:48:52,396 transreid.image_train INFO: Epoch[12] Iteration[100/111] CoEN(qR=0.43,qN=0.40) Loss: 13.099, Acc: 0.121,Acc1: 0.325,Acc2: 0.106, Base Lr: 7.87e-03,biloss:0.002,icloss:0.061,loss1:3.556, loss2:3.921, loss3:5.567, ploss:0.000,palign:0.000,total_loss:13.106,fceloss:0.0000
2026-06-11 15:48:53,952 transreid.image_train INFO: Epoch 12 done. Time per batch: 3.208[s] Speed: 10.0[samples/s]
2026-06-11 15:49:03,750 transreid.image_train INFO: Validation Results - Epoch: 12
2026-06-11 15:49:03,750 transreid.image_train INFO: mAP: 59.1%
2026-06-11 15:49:03,750 transreid.image_train INFO: CMC curve, Rank-1  :64.8%
2026-06-11 15:49:03,750 transreid.image_train INFO: CMC curve, Rank-5  :76.0%
2026-06-11 15:49:03,750 transreid.image_train INFO: CMC curve, Rank-10 :79.4%
2026-06-11 15:49:05,659 transreid.image_train INFO: Best mAP: 59.1%
2026-06-11 15:49:05,659 transreid.image_train INFO: Best Rank-1: 64.8%
2026-06-11 15:49:05,659 transreid.image_train INFO: Best Rank-5: 76.0%
2026-06-11 15:49:05,659 transreid.image_train INFO: Best Rank-10: 79.4%
2026-06-11 15:49:10,190 transreid.image_train INFO: Epoch[13] Iteration[20/111] CoEN(qR=0.41,qN=0.37) Loss: 13.137, Acc: 0.078,Acc1: 0.348,Acc2: 0.078, Base Lr: 7.85e-03,biloss:0.002,icloss:0.055,loss1:3.420, loss2:3.588, loss3:5.765, ploss:0.000,palign:0.000,total_loss:12.828,fceloss:0.0000
2026-06-11 15:49:13,549 transreid.image_train INFO: Epoch[13] Iteration[40/111] CoEN(qR=0.45,qN=0.41) Loss: 13.138, Acc: 0.095,Acc1: 0.354,Acc2: 0.088, Base Lr: 7.85e-03,biloss:0.002,icloss:0.060,loss1:3.586, loss2:3.880, loss3:6.182, ploss:0.000,palign:0.000,total_loss:13.710,fceloss:0.0000
2026-06-11 15:49:16,895 transreid.image_train INFO: Epoch[13] Iteration[60/111] CoEN(qR=0.45,qN=0.42) Loss: 13.015, Acc: 0.098,Acc1: 0.349,Acc2: 0.096, Base Lr: 7.85e-03,biloss:0.002,icloss:0.069,loss1:3.258, loss2:3.814, loss3:5.392, ploss:0.000,palign:0.000,total_loss:12.535,fceloss:0.0000
2026-06-11 15:49:20,267 transreid.image_train INFO: Epoch[13] Iteration[80/111] CoEN(qR=0.41,qN=0.41) Loss: 12.907, Acc: 0.122,Acc1: 0.361,Acc2: 0.106, Base Lr: 7.85e-03,biloss:0.002,icloss:0.066,loss1:3.096, loss2:3.671, loss3:5.106, ploss:0.000,palign:0.000,total_loss:11.940,fceloss:0.0000
2026-06-11 15:49:23,609 transreid.image_train INFO: Epoch[13] Iteration[100/111] CoEN(qR=0.46,qN=0.42) Loss: 12.826, Acc: 0.145,Acc1: 0.379,Acc2: 0.127, Base Lr: 7.85e-03,biloss:0.002,icloss:0.067,loss1:3.366, loss2:3.677, loss3:5.415, ploss:0.000,palign:0.000,total_loss:12.527,fceloss:0.0000
2026-06-11 15:49:25,194 transreid.image_train INFO: Epoch 13 done. Time per batch: 3.495[s] Speed: 9.2[samples/s]
2026-06-11 15:49:34,849 transreid.image_train INFO: Validation Results - Epoch: 13
2026-06-11 15:49:34,849 transreid.image_train INFO: mAP: 59.7%
2026-06-11 15:49:34,849 transreid.image_train INFO: CMC curve, Rank-1  :65.1%
2026-06-11 15:49:34,849 transreid.image_train INFO: CMC curve, Rank-5  :75.6%
2026-06-11 15:49:34,849 transreid.image_train INFO: CMC curve, Rank-10 :79.4%
2026-06-11 15:49:36,746 transreid.image_train INFO: Best mAP: 59.7%
2026-06-11 15:49:36,746 transreid.image_train INFO: Best Rank-1: 65.1%
2026-06-11 15:49:36,746 transreid.image_train INFO: Best Rank-5: 75.6%
2026-06-11 15:49:36,747 transreid.image_train INFO: Best Rank-10: 79.4%
2026-06-11 15:49:41,276 transreid.image_train INFO: Epoch[14] Iteration[20/111] CoEN(qR=0.47,qN=0.41) Loss: 12.771, Acc: 0.083,Acc1: 0.380,Acc2: 0.117, Base Lr: 7.83e-03,biloss:0.002,icloss:0.064,loss1:3.286, loss2:3.671, loss3:5.277, ploss:0.000,palign:0.000,total_loss:12.301,fceloss:0.0000
2026-06-11 15:49:44,667 transreid.image_train INFO: Epoch[14] Iteration[40/111] CoEN(qR=0.46,qN=0.43) Loss: 12.827, Acc: 0.110,Acc1: 0.351,Acc2: 0.105, Base Lr: 7.83e-03,biloss:0.002,icloss:0.071,loss1:3.412, loss2:3.729, loss3:5.680, ploss:0.000,palign:0.000,total_loss:12.893,fceloss:0.0000
2026-06-11 15:49:48,055 transreid.image_train INFO: Epoch[14] Iteration[60/111] CoEN(qR=0.46,qN=0.45) Loss: 12.732, Acc: 0.111,Acc1: 0.364,Acc2: 0.123, Base Lr: 7.83e-03,biloss:0.002,icloss:0.063,loss1:3.461, loss2:3.837, loss3:5.581, ploss:0.000,palign:0.000,total_loss:12.944,fceloss:0.0000
2026-06-11 15:49:51,441 transreid.image_train INFO: Epoch[14] Iteration[80/111] CoEN(qR=0.41,qN=0.38) Loss: 12.712, Acc: 0.129,Acc1: 0.370,Acc2: 0.133, Base Lr: 7.83e-03,biloss:0.002,icloss:0.059,loss1:3.060, loss2:3.635, loss3:5.458, ploss:0.000,palign:0.000,total_loss:12.213,fceloss:0.0000
2026-06-11 15:49:54,824 transreid.image_train INFO: Epoch[14] Iteration[100/111] CoEN(qR=0.45,qN=0.41) Loss: 12.627, Acc: 0.151,Acc1: 0.392,Acc2: 0.148, Base Lr: 7.83e-03,biloss:0.002,icloss:0.066,loss1:3.471, loss2:3.800, loss3:5.949, ploss:0.000,palign:0.000,total_loss:13.287,fceloss:0.0000
2026-06-11 15:49:56,422 transreid.image_train INFO: Epoch 14 done. Time per batch: 3.781[s] Speed: 8.5[samples/s]
2026-06-11 15:50:06,177 transreid.image_train INFO: Validation Results - Epoch: 14
2026-06-11 15:50:06,177 transreid.image_train INFO: mAP: 59.7%
2026-06-11 15:50:06,177 transreid.image_train INFO: CMC curve, Rank-1  :64.9%
2026-06-11 15:50:06,177 transreid.image_train INFO: CMC curve, Rank-5  :76.5%
2026-06-11 15:50:06,177 transreid.image_train INFO: CMC curve, Rank-10 :80.8%
2026-06-11 15:50:06,177 transreid.image_train INFO: Best mAP: 59.7%
2026-06-11 15:50:06,177 transreid.image_train INFO: Best Rank-1: 65.1%
2026-06-11 15:50:06,177 transreid.image_train INFO: Best Rank-5: 75.6%
2026-06-11 15:50:06,177 transreid.image_train INFO: Best Rank-10: 79.4%
2026-06-11 15:50:10,706 transreid.image_train INFO: Epoch[15] Iteration[20/111] CoEN(qR=0.39,qN=0.38) Loss: 12.665, Acc: 0.058,Acc1: 0.408,Acc2: 0.103, Base Lr: 7.80e-03,biloss:0.002,icloss:0.058,loss1:3.107, loss2:3.671, loss3:5.574, ploss:0.000,palign:0.000,total_loss:12.412,fceloss:0.0000
2026-06-11 15:50:14,072 transreid.image_train INFO: Epoch[15] Iteration[40/111] CoEN(qR=0.42,qN=0.40) Loss: 12.573, Acc: 0.091,Acc1: 0.390,Acc2: 0.126, Base Lr: 7.80e-03,biloss:0.002,icloss:0.064,loss1:2.868, loss2:3.563, loss3:4.602, ploss:0.000,palign:0.000,total_loss:11.099,fceloss:0.0000
2026-06-11 15:50:17,427 transreid.image_train INFO: Epoch[15] Iteration[60/111] CoEN(qR=0.44,qN=0.41) Loss: 12.640, Acc: 0.103,Acc1: 0.389,Acc2: 0.118, Base Lr: 7.80e-03,biloss:0.002,icloss:0.063,loss1:3.410, loss2:3.807, loss3:5.484, ploss:0.000,palign:0.000,total_loss:12.766,fceloss:0.0000
2026-06-11 15:50:20,789 transreid.image_train INFO: Epoch[15] Iteration[80/111] CoEN(qR=0.46,qN=0.44) Loss: 12.516, Acc: 0.144,Acc1: 0.398,Acc2: 0.135, Base Lr: 7.80e-03,biloss:0.002,icloss:0.084,loss1:3.245, loss2:3.705, loss3:4.671, ploss:0.000,palign:0.000,total_loss:11.706,fceloss:0.0000
2026-06-11 15:50:24,179 transreid.image_train INFO: Epoch[15] Iteration[100/111] CoEN(qR=0.39,qN=0.39) Loss: 12.440, Acc: 0.165,Acc1: 0.407,Acc2: 0.147, Base Lr: 7.80e-03,biloss:0.002,icloss:0.063,loss1:2.905, loss2:3.625, loss3:5.201, ploss:0.000,palign:0.000,total_loss:11.796,fceloss:0.0000
2026-06-11 15:50:25,800 transreid.image_train INFO: Epoch 15 done. Time per batch: 4.051[s] Speed: 7.9[samples/s]
2026-06-11 15:50:35,695 transreid.image_train INFO: Validation Results - Epoch: 15
2026-06-11 15:50:35,695 transreid.image_train INFO: mAP: 60.3%
2026-06-11 15:50:35,696 transreid.image_train INFO: CMC curve, Rank-1  :65.8%
2026-06-11 15:50:35,696 transreid.image_train INFO: CMC curve, Rank-5  :76.3%
2026-06-11 15:50:35,696 transreid.image_train INFO: CMC curve, Rank-10 :80.2%
2026-06-11 15:50:36,591 transreid.image_train INFO: Best mAP: 60.3%
2026-06-11 15:50:36,591 transreid.image_train INFO: Best Rank-1: 65.8%
2026-06-11 15:50:36,591 transreid.image_train INFO: Best Rank-5: 76.3%
2026-06-11 15:50:36,591 transreid.image_train INFO: Best Rank-10: 80.2%
2026-06-11 15:50:41,386 transreid.image_train INFO: Epoch[16] Iteration[20/111] CoEN(qR=0.41,qN=0.41) Loss: 12.743, Acc: 0.103,Acc1: 0.411,Acc2: 0.117, Base Lr: 7.78e-03,biloss:0.002,icloss:0.066,loss1:3.580, loss2:3.938, loss3:5.876, ploss:0.000,palign:0.000,total_loss:13.462,fceloss:0.0000
2026-06-11 15:50:44,675 transreid.image_train INFO: Epoch[16] Iteration[40/111] CoEN(qR=0.42,qN=0.40) Loss: 12.553, Acc: 0.123,Acc1: 0.436,Acc2: 0.127, Base Lr: 7.78e-03,biloss:0.002,icloss:0.074,loss1:2.996, loss2:3.526, loss3:4.648, ploss:0.000,palign:0.000,total_loss:11.245,fceloss:0.0000
2026-06-11 15:50:47,945 transreid.image_train INFO: Epoch[16] Iteration[60/111] CoEN(qR=0.47,qN=0.42) Loss: 12.485, Acc: 0.134,Acc1: 0.441,Acc2: 0.135, Base Lr: 7.78e-03,biloss:0.002,icloss:0.069,loss1:3.289, loss2:3.681, loss3:5.238, ploss:0.000,palign:0.000,total_loss:12.279,fceloss:0.0000
2026-06-11 15:50:51,188 transreid.image_train INFO: Epoch[16] Iteration[80/111] CoEN(qR=0.42,qN=0.40) Loss: 12.384, Acc: 0.152,Acc1: 0.440,Acc2: 0.148, Base Lr: 7.78e-03,biloss:0.002,icloss:0.074,loss1:2.728, loss2:3.566, loss3:4.600, ploss:0.000,palign:0.000,total_loss:10.969,fceloss:0.0000
2026-06-11 15:50:54,462 transreid.image_train INFO: Epoch[16] Iteration[100/111] CoEN(qR=0.44,qN=0.42) Loss: 12.265, Acc: 0.182,Acc1: 0.454,Acc2: 0.169, Base Lr: 7.78e-03,biloss:0.002,icloss:0.072,loss1:3.078, loss2:3.754, loss3:5.155, ploss:0.000,palign:0.000,total_loss:12.061,fceloss:0.0000
2026-06-11 15:50:56,072 transreid.image_train INFO: Epoch 16 done. Time per batch: 4.328[s] Speed: 7.4[samples/s]
2026-06-11 15:51:05,874 transreid.image_train INFO: Validation Results - Epoch: 16
2026-06-11 15:51:05,874 transreid.image_train INFO: mAP: 59.8%
2026-06-11 15:51:05,874 transreid.image_train INFO: CMC curve, Rank-1  :66.5%
2026-06-11 15:51:05,874 transreid.image_train INFO: CMC curve, Rank-5  :75.6%
2026-06-11 15:51:05,874 transreid.image_train INFO: CMC curve, Rank-10 :79.4%
2026-06-11 15:51:05,874 transreid.image_train INFO: Best mAP: 60.3%
2026-06-11 15:51:05,875 transreid.image_train INFO: Best Rank-1: 65.8%
2026-06-11 15:51:05,875 transreid.image_train INFO: Best Rank-5: 76.3%
2026-06-11 15:51:05,875 transreid.image_train INFO: Best Rank-10: 80.2%
2026-06-11 15:51:10,492 transreid.image_train INFO: Epoch[17] Iteration[20/111] CoEN(qR=0.42,qN=0.38) Loss: 12.324, Acc: 0.091,Acc1: 0.477,Acc2: 0.123, Base Lr: 7.75e-03,biloss:0.002,icloss:0.071,loss1:3.266, loss2:3.680, loss3:5.470, ploss:0.000,palign:0.000,total_loss:12.488,fceloss:0.0000
2026-06-11 15:51:13,836 transreid.image_train INFO: Epoch[17] Iteration[40/111] CoEN(qR=0.45,qN=0.42) Loss: 12.356, Acc: 0.108,Acc1: 0.446,Acc2: 0.137, Base Lr: 7.75e-03,biloss:0.002,icloss:0.067,loss1:3.431, loss2:3.675, loss3:5.349, ploss:0.000,palign:0.000,total_loss:12.525,fceloss:0.0000
2026-06-11 15:51:17,169 transreid.image_train INFO: Epoch[17] Iteration[60/111] CoEN(qR=0.47,qN=0.42) Loss: 12.302, Acc: 0.129,Acc1: 0.451,Acc2: 0.140, Base Lr: 7.75e-03,biloss:0.002,icloss:0.074,loss1:3.159, loss2:3.737, loss3:5.263, ploss:0.000,palign:0.000,total_loss:12.235,fceloss:0.0000
2026-06-11 15:51:20,498 transreid.image_train INFO: Epoch[17] Iteration[80/111] CoEN(qR=0.49,qN=0.44) Loss: 12.223, Acc: 0.152,Acc1: 0.467,Acc2: 0.146, Base Lr: 7.75e-03,biloss:0.002,icloss:0.082,loss1:3.261, loss2:3.830, loss3:5.507, ploss:0.000,palign:0.000,total_loss:12.682,fceloss:0.0000
2026-06-11 15:51:23,828 transreid.image_train INFO: Epoch[17] Iteration[100/111] CoEN(qR=0.43,qN=0.41) Loss: 12.099, Acc: 0.194,Acc1: 0.496,Acc2: 0.180, Base Lr: 7.75e-03,biloss:0.002,icloss:0.093,loss1:2.519, loss2:3.443, loss3:3.795, ploss:0.000,palign:0.000,total_loss:9.852,fceloss:0.0000
2026-06-11 15:51:25,265 transreid.image_train INFO: Epoch 17 done. Time per batch: 4.639[s] Speed: 6.9[samples/s]
2026-06-11 15:51:34,963 transreid.image_train INFO: Validation Results - Epoch: 17
2026-06-11 15:51:34,964 transreid.image_train INFO: mAP: 61.6%
2026-06-11 15:51:34,964 transreid.image_train INFO: CMC curve, Rank-1  :67.8%
2026-06-11 15:51:34,964 transreid.image_train INFO: CMC curve, Rank-5  :77.4%
2026-06-11 15:51:34,964 transreid.image_train INFO: CMC curve, Rank-10 :80.2%
2026-06-11 15:51:36,720 transreid.image_train INFO: Best mAP: 61.6%
2026-06-11 15:51:36,720 transreid.image_train INFO: Best Rank-1: 67.8%
2026-06-11 15:51:36,720 transreid.image_train INFO: Best Rank-5: 77.4%
2026-06-11 15:51:36,720 transreid.image_train INFO: Best Rank-10: 80.2%
2026-06-11 15:51:41,211 transreid.image_train INFO: Epoch[18] Iteration[20/111] CoEN(qR=0.51,qN=0.45) Loss: 12.193, Acc: 0.130,Acc1: 0.494,Acc2: 0.144, Base Lr: 7.72e-03,biloss:0.002,icloss:0.081,loss1:3.540, loss2:3.840, loss3:5.390, ploss:0.000,palign:0.000,total_loss:12.851,fceloss:0.0000
2026-06-11 15:51:44,557 transreid.image_train INFO: Epoch[18] Iteration[40/111] CoEN(qR=0.47,qN=0.44) Loss: 12.173, Acc: 0.148,Acc1: 0.491,Acc2: 0.155, Base Lr: 7.72e-03,biloss:0.002,icloss:0.077,loss1:3.521, loss2:3.739, loss3:5.563, ploss:0.000,palign:0.000,total_loss:12.902,fceloss:0.0000
2026-06-11 15:51:47,874 transreid.image_train INFO: Epoch[18] Iteration[60/111] CoEN(qR=0.43,qN=0.39) Loss: 12.062, Acc: 0.170,Acc1: 0.488,Acc2: 0.167, Base Lr: 7.72e-03,biloss:0.002,icloss:0.075,loss1:3.072, loss2:3.585, loss3:5.025, ploss:0.000,palign:0.000,total_loss:11.759,fceloss:0.0000
2026-06-11 15:51:51,204 transreid.image_train INFO: Epoch[18] Iteration[80/111] CoEN(qR=0.45,qN=0.40) Loss: 12.008, Acc: 0.173,Acc1: 0.483,Acc2: 0.157, Base Lr: 7.72e-03,biloss:0.002,icloss:0.077,loss1:3.136, loss2:3.599, loss3:5.088, ploss:0.000,palign:0.000,total_loss:11.902,fceloss:0.0000
2026-06-11 15:51:54,520 transreid.image_train INFO: Epoch[18] Iteration[100/111] CoEN(qR=0.45,qN=0.43) Loss: 11.882, Acc: 0.212,Acc1: 0.508,Acc2: 0.183, Base Lr: 7.72e-03,biloss:0.002,icloss:0.081,loss1:2.928, loss2:3.705, loss3:4.713, ploss:0.000,palign:0.000,total_loss:11.429,fceloss:0.0000
2026-06-11 15:51:56,083 transreid.image_train INFO: Epoch 18 done. Time per batch: 4.879[s] Speed: 6.6[samples/s]
2026-06-11 15:52:05,956 transreid.image_train INFO: Validation Results - Epoch: 18
2026-06-11 15:52:05,956 transreid.image_train INFO: mAP: 60.6%
2026-06-11 15:52:05,956 transreid.image_train INFO: CMC curve, Rank-1  :66.9%
2026-06-11 15:52:05,956 transreid.image_train INFO: CMC curve, Rank-5  :76.3%
2026-06-11 15:52:05,956 transreid.image_train INFO: CMC curve, Rank-10 :80.1%
2026-06-11 15:52:05,957 transreid.image_train INFO: Best mAP: 61.6%
2026-06-11 15:52:05,957 transreid.image_train INFO: Best Rank-1: 67.8%
2026-06-11 15:52:05,957 transreid.image_train INFO: Best Rank-5: 77.4%
2026-06-11 15:52:05,957 transreid.image_train INFO: Best Rank-10: 80.2%
2026-06-11 15:52:10,702 transreid.image_train INFO: Epoch[19] Iteration[20/111] CoEN(qR=0.42,qN=0.40) Loss: 11.904, Acc: 0.145,Acc1: 0.486,Acc2: 0.191, Base Lr: 7.69e-03,biloss:0.002,icloss:0.077,loss1:3.019, loss2:3.543, loss3:4.553, ploss:0.000,palign:0.000,total_loss:11.194,fceloss:0.0000
2026-06-11 15:52:13,972 transreid.image_train INFO: Epoch[19] Iteration[40/111] CoEN(qR=0.46,qN=0.43) Loss: 11.857, Acc: 0.141,Acc1: 0.488,Acc2: 0.172, Base Lr: 7.69e-03,biloss:0.002,icloss:0.082,loss1:3.197, loss2:3.667, loss3:4.827, ploss:0.000,palign:0.000,total_loss:11.776,fceloss:0.0000
2026-06-11 15:52:17,221 transreid.image_train INFO: Epoch[19] Iteration[60/111] CoEN(qR=0.40,qN=0.39) Loss: 11.749, Acc: 0.171,Acc1: 0.507,Acc2: 0.184, Base Lr: 7.69e-03,biloss:0.002,icloss:0.071,loss1:2.792, loss2:3.555, loss3:4.979, ploss:0.000,palign:0.000,total_loss:11.398,fceloss:0.0000
2026-06-11 15:52:20,488 transreid.image_train INFO: Epoch[19] Iteration[80/111] CoEN(qR=0.43,qN=0.40) Loss: 11.787, Acc: 0.182,Acc1: 0.507,Acc2: 0.190, Base Lr: 7.69e-03,biloss:0.002,icloss:0.082,loss1:2.997, loss2:3.535, loss3:4.386, ploss:0.000,palign:0.000,total_loss:11.002,fceloss:0.0000
2026-06-11 15:52:23,747 transreid.image_train INFO: Epoch[19] Iteration[100/111] CoEN(qR=0.44,qN=0.41) Loss: 11.687, Acc: 0.218,Acc1: 0.535,Acc2: 0.215, Base Lr: 7.69e-03,biloss:0.002,icloss:0.084,loss1:2.831, loss2:3.503, loss3:4.488, ploss:0.000,palign:0.000,total_loss:10.908,fceloss:0.0000
2026-06-11 15:52:25,287 transreid.image_train INFO: Epoch 19 done. Time per batch: 5.147[s] Speed: 6.2[samples/s]
2026-06-11 15:52:34,932 transreid.image_train INFO: Validation Results - Epoch: 19
2026-06-11 15:52:34,932 transreid.image_train INFO: mAP: 61.6%
2026-06-11 15:52:34,932 transreid.image_train INFO: CMC curve, Rank-1  :68.0%
2026-06-11 15:52:34,932 transreid.image_train INFO: CMC curve, Rank-5  :77.2%
2026-06-11 15:52:34,932 transreid.image_train INFO: CMC curve, Rank-10 :81.0%
2026-06-11 15:52:36,741 transreid.image_train INFO: Best mAP: 61.6%
2026-06-11 15:52:36,742 transreid.image_train INFO: Best Rank-1: 68.0%
2026-06-11 15:52:36,742 transreid.image_train INFO: Best Rank-5: 77.2%
2026-06-11 15:52:36,742 transreid.image_train INFO: Best Rank-10: 81.0%
2026-06-11 15:52:41,139 transreid.image_train INFO: Epoch[20] Iteration[20/111] CoEN(qR=0.44,qN=0.39) Loss: 12.159, Acc: 0.125,Acc1: 0.522,Acc2: 0.148, Base Lr: 7.65e-03,biloss:0.002,icloss:0.077,loss1:3.200, loss2:3.499, loss3:4.913, ploss:0.000,palign:0.000,total_loss:11.691,fceloss:0.0000
2026-06-11 15:52:44,483 transreid.image_train INFO: Epoch[20] Iteration[40/111] CoEN(qR=0.41,qN=0.38) Loss: 12.010, Acc: 0.129,Acc1: 0.510,Acc2: 0.159, Base Lr: 7.65e-03,biloss:0.002,icloss:0.073,loss1:3.018, loss2:3.421, loss3:4.748, ploss:0.000,palign:0.000,total_loss:11.263,fceloss:0.0000
2026-06-11 15:52:47,813 transreid.image_train INFO: Epoch[20] Iteration[60/111] CoEN(qR=0.42,qN=0.40) Loss: 11.884, Acc: 0.147,Acc1: 0.516,Acc2: 0.163, Base Lr: 7.65e-03,biloss:0.001,icloss:0.084,loss1:2.721, loss2:3.473, loss3:4.631, ploss:0.000,palign:0.000,total_loss:10.911,fceloss:0.0000
2026-06-11 15:52:51,153 transreid.image_train INFO: Epoch[20] Iteration[80/111] CoEN(qR=0.38,qN=0.36) Loss: 11.749, Acc: 0.184,Acc1: 0.532,Acc2: 0.195, Base Lr: 7.65e-03,biloss:0.002,icloss:0.075,loss1:2.583, loss2:3.466, loss3:4.012, ploss:0.000,palign:0.000,total_loss:10.138,fceloss:0.0000
2026-06-11 15:52:54,461 transreid.image_train INFO: Epoch[20] Iteration[100/111] CoEN(qR=0.45,qN=0.42) Loss: 11.563, Acc: 0.233,Acc1: 0.557,Acc2: 0.227, Base Lr: 7.65e-03,biloss:0.001,icloss:0.087,loss1:2.545, loss2:3.614, loss3:4.617, ploss:0.000,palign:0.000,total_loss:10.864,fceloss:0.0000
2026-06-11 15:52:56,076 transreid.image_train INFO: Epoch 20 done. Time per batch: 5.429[s] Speed: 5.9[samples/s]
2026-06-11 15:53:05,872 transreid.image_train INFO: Validation Results - Epoch: 20
2026-06-11 15:53:05,872 transreid.image_train INFO: mAP: 61.4%
2026-06-11 15:53:05,872 transreid.image_train INFO: CMC curve, Rank-1  :66.9%
2026-06-11 15:53:05,872 transreid.image_train INFO: CMC curve, Rank-5  :77.6%
2026-06-11 15:53:05,872 transreid.image_train INFO: CMC curve, Rank-10 :80.8%
2026-06-11 15:53:05,872 transreid.image_train INFO: Best mAP: 61.6%
2026-06-11 15:53:05,872 transreid.image_train INFO: Best Rank-1: 68.0%
2026-06-11 15:53:05,872 transreid.image_train INFO: Best Rank-5: 77.2%
2026-06-11 15:53:05,872 transreid.image_train INFO: Best Rank-10: 81.0%
2026-06-11 15:53:10,469 transreid.image_train INFO: Epoch[21] Iteration[20/111] CoEN(qR=0.40,qN=0.38) Loss: 11.730, Acc: 0.134,Acc1: 0.580,Acc2: 0.205, Base Lr: 7.62e-03,biloss:0.002,icloss:0.082,loss1:2.778, loss2:3.467, loss3:4.610, ploss:0.000,palign:0.000,total_loss:10.938,fceloss:0.0000
2026-06-11 15:53:13,825 transreid.image_train INFO: Epoch[21] Iteration[40/111] CoEN(qR=0.45,qN=0.43) Loss: 11.558, Acc: 0.173,Acc1: 0.571,Acc2: 0.203, Base Lr: 7.62e-03,biloss:0.002,icloss:0.089,loss1:3.118, loss2:3.681, loss3:5.054, ploss:0.000,palign:0.000,total_loss:11.944,fceloss:0.0000
2026-06-11 15:53:17,163 transreid.image_train INFO: Epoch[21] Iteration[60/111] CoEN(qR=0.41,qN=0.39) Loss: 11.551, Acc: 0.187,Acc1: 0.553,Acc2: 0.205, Base Lr: 7.62e-03,biloss:0.001,icloss:0.084,loss1:2.708, loss2:3.493, loss3:4.573, ploss:0.000,palign:0.000,total_loss:10.859,fceloss:0.0000
2026-06-11 15:53:20,526 transreid.image_train INFO: Epoch[21] Iteration[80/111] CoEN(qR=0.45,qN=0.41) Loss: 11.530, Acc: 0.201,Acc1: 0.546,Acc2: 0.214, Base Lr: 7.62e-03,biloss:0.002,icloss:0.103,loss1:3.123, loss2:3.591, loss3:5.086, ploss:0.000,palign:0.000,total_loss:11.905,fceloss:0.0000
2026-06-11 15:53:23,851 transreid.image_train INFO: Epoch[21] Iteration[100/111] CoEN(qR=0.49,qN=0.45) Loss: 11.323, Acc: 0.244,Acc1: 0.575,Acc2: 0.244, Base Lr: 7.62e-03,biloss:0.001,icloss:0.089,loss1:3.179, loss2:3.736, loss3:5.138, ploss:0.000,palign:0.000,total_loss:12.143,fceloss:0.0000
2026-06-11 15:53:25,442 transreid.image_train INFO: Epoch 21 done. Time per batch: 5.699[s] Speed: 5.6[samples/s]
2026-06-11 15:53:35,301 transreid.image_train INFO: Validation Results - Epoch: 21
2026-06-11 15:53:35,302 transreid.image_train INFO: mAP: 62.4%
2026-06-11 15:53:35,302 transreid.image_train INFO: CMC curve, Rank-1  :68.0%
2026-06-11 15:53:35,302 transreid.image_train INFO: CMC curve, Rank-5  :76.9%
2026-06-11 15:53:35,302 transreid.image_train INFO: CMC curve, Rank-10 :80.4%
2026-06-11 15:53:36,193 transreid.image_train INFO: Best mAP: 62.4%
2026-06-11 15:53:36,193 transreid.image_train INFO: Best Rank-1: 68.0%
2026-06-11 15:53:36,193 transreid.image_train INFO: Best Rank-5: 76.9%
2026-06-11 15:53:36,193 transreid.image_train INFO: Best Rank-10: 80.4%
2026-06-11 15:53:40,714 transreid.image_train INFO: Epoch[22] Iteration[20/111] CoEN(qR=0.43,qN=0.41) Loss: 11.474, Acc: 0.177,Acc1: 0.520,Acc2: 0.228, Base Lr: 7.58e-03,biloss:0.002,icloss:0.103,loss1:2.619, loss2:3.455, loss3:4.188, ploss:0.000,palign:0.000,total_loss:10.366,fceloss:0.0000
2026-06-11 15:53:44,047 transreid.image_train INFO: Epoch[22] Iteration[40/111] CoEN(qR=0.44,qN=0.42) Loss: 11.364, Acc: 0.202,Acc1: 0.559,Acc2: 0.236, Base Lr: 7.58e-03,biloss:0.002,icloss:0.085,loss1:3.027, loss2:3.577, loss3:4.767, ploss:0.000,palign:0.000,total_loss:11.457,fceloss:0.0000
2026-06-11 15:53:47,347 transreid.image_train INFO: Epoch[22] Iteration[60/111] CoEN(qR=0.47,qN=0.42) Loss: 11.244, Acc: 0.229,Acc1: 0.569,Acc2: 0.251, Base Lr: 7.58e-03,biloss:0.002,icloss:0.092,loss1:3.053, loss2:3.606, loss3:4.688, ploss:0.000,palign:0.000,total_loss:11.440,fceloss:0.0000
2026-06-11 15:53:50,689 transreid.image_train INFO: Epoch[22] Iteration[80/111] CoEN(qR=0.50,qN=0.46) Loss: 11.144, Acc: 0.256,Acc1: 0.584,Acc2: 0.259, Base Lr: 7.58e-03,biloss:0.002,icloss:0.093,loss1:2.730, loss2:3.809, loss3:4.514, ploss:0.000,palign:0.000,total_loss:11.148,fceloss:0.0000
2026-06-11 15:53:53,987 transreid.image_train INFO: Epoch[22] Iteration[100/111] CoEN(qR=0.41,qN=0.40) Loss: 11.089, Acc: 0.280,Acc1: 0.588,Acc2: 0.270, Base Lr: 7.58e-03,biloss:0.001,icloss:0.095,loss1:2.155, loss2:3.390, loss3:3.662, ploss:0.000,palign:0.000,total_loss:9.302,fceloss:0.0000
2026-06-11 15:53:55,405 transreid.image_train INFO: Epoch 22 done. Time per batch: 6.029[s] Speed: 5.3[samples/s]
2026-06-11 15:54:04,957 transreid.image_train INFO: Validation Results - Epoch: 22
2026-06-11 15:54:04,958 transreid.image_train INFO: mAP: 62.7%
2026-06-11 15:54:04,958 transreid.image_train INFO: CMC curve, Rank-1  :69.6%
2026-06-11 15:54:04,958 transreid.image_train INFO: CMC curve, Rank-5  :77.6%
2026-06-11 15:54:04,958 transreid.image_train INFO: CMC curve, Rank-10 :80.1%
2026-06-11 15:54:06,676 transreid.image_train INFO: Best mAP: 62.7%
2026-06-11 15:54:06,676 transreid.image_train INFO: Best Rank-1: 69.6%
2026-06-11 15:54:06,676 transreid.image_train INFO: Best Rank-5: 77.6%
2026-06-11 15:54:06,676 transreid.image_train INFO: Best Rank-10: 80.1%
2026-06-11 15:54:10,958 transreid.image_train INFO: Epoch[23] Iteration[20/111] CoEN(qR=0.46,qN=0.41) Loss: 11.386, Acc: 0.223,Acc1: 0.578,Acc2: 0.250, Base Lr: 7.55e-03,biloss:0.002,icloss:0.103,loss1:2.487, loss2:3.545, loss3:4.166, ploss:0.000,palign:0.000,total_loss:10.302,fceloss:0.0000
2026-06-11 15:54:14,509 transreid.image_train INFO: Epoch[23] Iteration[40/111] CoEN(qR=0.45,qN=0.39) Loss: 11.268, Acc: 0.221,Acc1: 0.588,Acc2: 0.248, Base Lr: 7.55e-03,biloss:0.002,icloss:0.096,loss1:2.977, loss2:3.490, loss3:4.929, ploss:0.000,palign:0.000,total_loss:11.492,fceloss:0.0000
2026-06-11 15:54:17,844 transreid.image_train INFO: Epoch[23] Iteration[60/111] CoEN(qR=0.43,qN=0.41) Loss: 11.124, Acc: 0.234,Acc1: 0.586,Acc2: 0.256, Base Lr: 7.55e-03,biloss:0.002,icloss:0.091,loss1:2.674, loss2:3.521, loss3:4.145, ploss:0.000,palign:0.000,total_loss:10.432,fceloss:0.0000
2026-06-11 15:54:21,210 transreid.image_train INFO: Epoch[23] Iteration[80/111] CoEN(qR=0.45,qN=0.41) Loss: 11.115, Acc: 0.254,Acc1: 0.588,Acc2: 0.261, Base Lr: 7.55e-03,biloss:0.002,icloss:0.093,loss1:2.789, loss2:3.517, loss3:4.361, ploss:0.000,palign:0.000,total_loss:10.762,fceloss:0.0000
2026-06-11 15:54:24,550 transreid.image_train INFO: Epoch[23] Iteration[100/111] CoEN(qR=0.40,qN=0.38) Loss: 10.992, Acc: 0.289,Acc1: 0.611,Acc2: 0.280, Base Lr: 7.55e-03,biloss:0.002,icloss:0.095,loss1:2.382, loss2:3.378, loss3:3.760, ploss:0.000,palign:0.000,total_loss:9.616,fceloss:0.0000
2026-06-11 15:54:26,170 transreid.image_train INFO: Epoch 23 done. Time per batch: 6.256[s] Speed: 5.1[samples/s]
2026-06-11 15:54:35,868 transreid.image_train INFO: Validation Results - Epoch: 23
2026-06-11 15:54:35,869 transreid.image_train INFO: mAP: 60.4%
2026-06-11 15:54:35,869 transreid.image_train INFO: CMC curve, Rank-1  :66.0%
2026-06-11 15:54:35,869 transreid.image_train INFO: CMC curve, Rank-5  :75.4%
2026-06-11 15:54:35,869 transreid.image_train INFO: CMC curve, Rank-10 :79.4%
2026-06-11 15:54:35,869 transreid.image_train INFO: Best mAP: 62.7%
2026-06-11 15:54:35,869 transreid.image_train INFO: Best Rank-1: 69.6%
2026-06-11 15:54:35,869 transreid.image_train INFO: Best Rank-5: 77.6%
2026-06-11 15:54:35,869 transreid.image_train INFO: Best Rank-10: 80.1%
2026-06-11 15:54:40,307 transreid.image_train INFO: Epoch[24] Iteration[20/111] CoEN(qR=0.45,qN=0.40) Loss: 11.318, Acc: 0.156,Acc1: 0.594,Acc2: 0.242, Base Lr: 7.51e-03,biloss:0.002,icloss:0.090,loss1:3.075, loss2:3.458, loss3:4.336, ploss:0.000,palign:0.000,total_loss:10.961,fceloss:0.0000
2026-06-11 15:54:43,669 transreid.image_train INFO: Epoch[24] Iteration[40/111] CoEN(qR=0.44,qN=0.41) Loss: 11.228, Acc: 0.190,Acc1: 0.632,Acc2: 0.252, Base Lr: 7.51e-03,biloss:0.002,icloss:0.089,loss1:2.935, loss2:3.518, loss3:4.470, ploss:0.000,palign:0.000,total_loss:11.014,fceloss:0.0000
2026-06-11 15:54:47,041 transreid.image_train INFO: Epoch[24] Iteration[60/111] CoEN(qR=0.45,qN=0.42) Loss: 11.110, Acc: 0.213,Acc1: 0.613,Acc2: 0.258, Base Lr: 7.51e-03,biloss:0.002,icloss:0.093,loss1:3.350, loss2:3.665, loss3:5.542, ploss:0.000,palign:0.000,total_loss:12.651,fceloss:0.0000
2026-06-11 15:54:50,394 transreid.image_train INFO: Epoch[24] Iteration[80/111] CoEN(qR=0.40,qN=0.38) Loss: 10.921, Acc: 0.259,Acc1: 0.623,Acc2: 0.287, Base Lr: 7.51e-03,biloss:0.001,icloss:0.092,loss1:2.535, loss2:3.357, loss3:3.986, ploss:0.000,palign:0.000,total_loss:9.973,fceloss:0.0000
2026-06-11 15:54:53,805 transreid.image_train INFO: Epoch[24] Iteration[100/111] CoEN(qR=0.42,qN=0.39) Loss: 10.709, Acc: 0.311,Acc1: 0.638,Acc2: 0.316, Base Lr: 7.51e-03,biloss:0.002,icloss:0.102,loss1:1.862, loss2:3.246, loss3:2.778, ploss:0.000,palign:0.000,total_loss:7.990,fceloss:0.0000
2026-06-11 15:54:56,170 transreid.image_train INFO: Epoch 24 done. Time per batch: 6.472[s] Speed: 4.9[samples/s]
2026-06-11 15:55:05,965 transreid.image_train INFO: Validation Results - Epoch: 24
2026-06-11 15:55:05,966 transreid.image_train INFO: mAP: 62.5%
2026-06-11 15:55:05,966 transreid.image_train INFO: CMC curve, Rank-1  :69.0%
2026-06-11 15:55:05,966 transreid.image_train INFO: CMC curve, Rank-5  :77.0%
2026-06-11 15:55:05,966 transreid.image_train INFO: CMC curve, Rank-10 :80.1%
2026-06-11 15:55:05,966 transreid.image_train INFO: Best mAP: 62.7%
2026-06-11 15:55:05,966 transreid.image_train INFO: Best Rank-1: 69.6%
2026-06-11 15:55:05,966 transreid.image_train INFO: Best Rank-5: 77.6%
2026-06-11 15:55:05,966 transreid.image_train INFO: Best Rank-10: 80.1%
2026-06-11 15:55:10,718 transreid.image_train INFO: Epoch[25] Iteration[20/111] CoEN(qR=0.47,qN=0.43) Loss: 11.192, Acc: 0.163,Acc1: 0.583,Acc2: 0.236, Base Lr: 7.47e-03,biloss:0.002,icloss:0.094,loss1:3.139, loss2:3.622, loss3:4.626, ploss:0.000,palign:0.000,total_loss:11.482,fceloss:0.0000
2026-06-11 15:55:14,098 transreid.image_train INFO: Epoch[25] Iteration[40/111] CoEN(qR=0.43,qN=0.40) Loss: 11.013, Acc: 0.209,Acc1: 0.610,Acc2: 0.265, Base Lr: 7.47e-03,biloss:0.001,icloss:0.105,loss1:2.538, loss2:3.524, loss3:4.429, ploss:0.000,palign:0.000,total_loss:10.597,fceloss:0.0000
2026-06-11 15:55:17,437 transreid.image_train INFO: Epoch[25] Iteration[60/111] CoEN(qR=0.42,qN=0.40) Loss: 10.945, Acc: 0.229,Acc1: 0.609,Acc2: 0.275, Base Lr: 7.47e-03,biloss:0.001,icloss:0.096,loss1:2.528, loss2:3.487, loss3:4.466, ploss:0.000,palign:0.000,total_loss:10.579,fceloss:0.0000
2026-06-11 15:55:20,681 transreid.image_train INFO: Epoch[25] Iteration[80/111] CoEN(qR=0.47,qN=0.42) Loss: 10.816, Acc: 0.266,Acc1: 0.627,Acc2: 0.299, Base Lr: 7.47e-03,biloss:0.002,icloss:0.103,loss1:2.731, loss2:3.555, loss3:4.099, ploss:0.000,palign:0.000,total_loss:10.489,fceloss:0.0000
2026-06-11 15:55:23,877 transreid.image_train INFO: Epoch[25] Iteration[100/111] CoEN(qR=0.41,qN=0.40) Loss: 10.600, Acc: 0.314,Acc1: 0.639,Acc2: 0.324, Base Lr: 7.47e-03,biloss:0.001,icloss:0.105,loss1:2.293, loss2:3.407, loss3:3.866, ploss:0.000,palign:0.000,total_loss:9.672,fceloss:0.0000
2026-06-11 15:55:25,471 transreid.image_train INFO: Epoch 25 done. Time per batch: 6.800[s] Speed: 4.7[samples/s]
2026-06-11 15:55:35,184 transreid.image_train INFO: Validation Results - Epoch: 25
2026-06-11 15:55:35,184 transreid.image_train INFO: mAP: 63.2%
2026-06-11 15:55:35,184 transreid.image_train INFO: CMC curve, Rank-1  :70.1%
2026-06-11 15:55:35,184 transreid.image_train INFO: CMC curve, Rank-5  :77.4%
2026-06-11 15:55:35,184 transreid.image_train INFO: CMC curve, Rank-10 :80.1%
2026-06-11 15:55:37,091 transreid.image_train INFO: Best mAP: 63.2%
2026-06-11 15:55:37,091 transreid.image_train INFO: Best Rank-1: 70.1%
2026-06-11 15:55:37,091 transreid.image_train INFO: Best Rank-5: 77.4%
2026-06-11 15:55:37,091 transreid.image_train INFO: Best Rank-10: 80.1%
2026-06-11 15:55:41,293 transreid.image_train INFO: Epoch[26] Iteration[20/111] CoEN(qR=0.45,qN=0.41) Loss: 10.993, Acc: 0.228,Acc1: 0.625,Acc2: 0.278, Base Lr: 7.42e-03,biloss:0.002,icloss:0.100,loss1:3.119, loss2:3.506, loss3:4.670, ploss:0.000,palign:0.000,total_loss:11.397,fceloss:0.0000
2026-06-11 15:55:44,631 transreid.image_train INFO: Epoch[26] Iteration[40/111] CoEN(qR=0.45,qN=0.41) Loss: 10.863, Acc: 0.264,Acc1: 0.634,Acc2: 0.291, Base Lr: 7.42e-03,biloss:0.001,icloss:0.102,loss1:2.630, loss2:3.514, loss3:4.747, ploss:0.000,palign:0.000,total_loss:10.995,fceloss:0.0000
2026-06-11 15:55:47,928 transreid.image_train INFO: Epoch[26] Iteration[60/111] CoEN(qR=0.45,qN=0.41) Loss: 10.686, Acc: 0.278,Acc1: 0.633,Acc2: 0.309, Base Lr: 7.42e-03,biloss:0.002,icloss:0.095,loss1:2.971, loss2:3.600, loss3:4.662, ploss:0.000,palign:0.000,total_loss:11.331,fceloss:0.0000
2026-06-11 15:55:51,244 transreid.image_train INFO: Epoch[26] Iteration[80/111] CoEN(qR=0.42,qN=0.39) Loss: 10.532, Acc: 0.308,Acc1: 0.646,Acc2: 0.328, Base Lr: 7.42e-03,biloss:0.001,icloss:0.115,loss1:2.537, loss2:3.432, loss3:4.247, ploss:0.000,palign:0.000,total_loss:10.333,fceloss:0.0000
2026-06-11 15:55:54,519 transreid.image_train INFO: Epoch[26] Iteration[100/111] CoEN(qR=0.42,qN=0.41) Loss: 10.394, Acc: 0.334,Acc1: 0.652,Acc2: 0.347, Base Lr: 7.42e-03,biloss:0.002,icloss:0.107,loss1:2.360, loss2:3.459, loss3:3.941, ploss:0.000,palign:0.000,total_loss:9.868,fceloss:0.0000
2026-06-11 15:55:56,118 transreid.image_train INFO: Epoch 26 done. Time per batch: 7.081[s] Speed: 4.5[samples/s]
2026-06-11 15:56:05,686 transreid.image_train INFO: Validation Results - Epoch: 26
2026-06-11 15:56:05,687 transreid.image_train INFO: mAP: 63.2%
2026-06-11 15:56:05,687 transreid.image_train INFO: CMC curve, Rank-1  :70.8%
2026-06-11 15:56:05,687 transreid.image_train INFO: CMC curve, Rank-5  :77.4%
2026-06-11 15:56:05,687 transreid.image_train INFO: CMC curve, Rank-10 :80.1%
2026-06-11 15:56:06,561 transreid.image_train INFO: Best mAP: 63.2%
2026-06-11 15:56:06,561 transreid.image_train INFO: Best Rank-1: 70.8%
2026-06-11 15:56:06,561 transreid.image_train INFO: Best Rank-5: 77.4%
2026-06-11 15:56:06,561 transreid.image_train INFO: Best Rank-10: 80.1%
2026-06-11 15:56:11,287 transreid.image_train INFO: Epoch[27] Iteration[20/111] CoEN(qR=0.46,qN=0.42) Loss: 10.963, Acc: 0.183,Acc1: 0.641,Acc2: 0.300, Base Lr: 7.38e-03,biloss:0.002,icloss:0.105,loss1:3.156, loss2:3.608, loss3:4.825, ploss:0.000,palign:0.000,total_loss:11.695,fceloss:0.0000
2026-06-11 15:56:14,597 transreid.image_train INFO: Epoch[27] Iteration[40/111] CoEN(qR=0.47,qN=0.43) Loss: 10.871, Acc: 0.226,Acc1: 0.641,Acc2: 0.294, Base Lr: 7.38e-03,biloss:0.002,icloss:0.109,loss1:2.880, loss2:3.574, loss3:4.612, ploss:0.000,palign:0.000,total_loss:11.176,fceloss:0.0000
2026-06-11 15:56:17,912 transreid.image_train INFO: Epoch[27] Iteration[60/111] CoEN(qR=0.44,qN=0.40) Loss: 10.719, Acc: 0.250,Acc1: 0.643,Acc2: 0.306, Base Lr: 7.38e-03,biloss:0.001,icloss:0.111,loss1:2.507, loss2:3.386, loss3:3.932, ploss:0.000,palign:0.000,total_loss:9.937,fceloss:0.0000
2026-06-11 15:56:21,224 transreid.image_train INFO: Epoch[27] Iteration[80/111] CoEN(qR=0.37,qN=0.35) Loss: 10.533, Acc: 0.289,Acc1: 0.658,Acc2: 0.334, Base Lr: 7.38e-03,biloss:0.001,icloss:0.110,loss1:2.108, loss2:3.184, loss3:3.374, ploss:0.000,palign:0.000,total_loss:8.777,fceloss:0.0000
2026-06-11 15:56:24,541 transreid.image_train INFO: Epoch[27] Iteration[100/111] CoEN(qR=0.42,qN=0.41) Loss: 10.282, Acc: 0.340,Acc1: 0.685,Acc2: 0.370, Base Lr: 7.38e-03,biloss:0.001,icloss:0.112,loss1:1.915, loss2:3.343, loss3:2.936, ploss:0.000,palign:0.000,total_loss:8.307,fceloss:0.0000
2026-06-11 15:56:26,140 transreid.image_train INFO: Epoch 27 done. Time per batch: 7.356[s] Speed: 4.3[samples/s]
2026-06-11 15:56:35,875 transreid.image_train INFO: Validation Results - Epoch: 27
2026-06-11 15:56:35,875 transreid.image_train INFO: mAP: 63.7%
2026-06-11 15:56:35,875 transreid.image_train INFO: CMC curve, Rank-1  :70.3%
2026-06-11 15:56:35,875 transreid.image_train INFO: CMC curve, Rank-5  :77.4%
2026-06-11 15:56:35,875 transreid.image_train INFO: CMC curve, Rank-10 :80.2%
2026-06-11 15:56:37,600 transreid.image_train INFO: Best mAP: 63.7%
2026-06-11 15:56:37,600 transreid.image_train INFO: Best Rank-1: 70.3%
2026-06-11 15:56:37,600 transreid.image_train INFO: Best Rank-5: 77.4%
2026-06-11 15:56:37,600 transreid.image_train INFO: Best Rank-10: 80.2%
2026-06-11 15:56:42,235 transreid.image_train INFO: Epoch[28] Iteration[20/111] CoEN(qR=0.42,qN=0.41) Loss: 10.408, Acc: 0.275,Acc1: 0.698,Acc2: 0.384, Base Lr: 7.33e-03,biloss:0.002,icloss:0.105,loss1:2.617, loss2:3.448, loss3:3.627, ploss:0.000,palign:0.000,total_loss:9.798,fceloss:0.0000
2026-06-11 15:56:45,613 transreid.image_train INFO: Epoch[28] Iteration[40/111] CoEN(qR=0.48,qN=0.44) Loss: 10.379, Acc: 0.277,Acc1: 0.676,Acc2: 0.359, Base Lr: 7.33e-03,biloss:0.002,icloss:0.125,loss1:2.920, loss2:3.513, loss3:4.066, ploss:0.000,palign:0.000,total_loss:10.627,fceloss:0.0000
2026-06-11 15:56:48,965 transreid.image_train INFO: Epoch[28] Iteration[60/111] CoEN(qR=0.43,qN=0.40) Loss: 10.346, Acc: 0.282,Acc1: 0.683,Acc2: 0.348, Base Lr: 7.33e-03,biloss:0.001,icloss:0.106,loss1:2.754, loss2:3.474, loss3:3.989, ploss:0.000,palign:0.000,total_loss:10.324,fceloss:0.0000
2026-06-11 15:56:52,315 transreid.image_train INFO: Epoch[28] Iteration[80/111] CoEN(qR=0.44,qN=0.42) Loss: 10.264, Acc: 0.304,Acc1: 0.686,Acc2: 0.362, Base Lr: 7.33e-03,biloss:0.001,icloss:0.126,loss1:2.383, loss2:3.487, loss3:4.128, ploss:0.000,palign:0.000,total_loss:10.125,fceloss:0.0000
2026-06-11 15:56:55,657 transreid.image_train INFO: Epoch[28] Iteration[100/111] CoEN(qR=0.42,qN=0.39) Loss: 10.074, Acc: 0.360,Acc1: 0.704,Acc2: 0.390, Base Lr: 7.33e-03,biloss:0.002,icloss:0.125,loss1:1.885, loss2:3.250, loss3:3.040, ploss:0.000,palign:0.000,total_loss:8.302,fceloss:0.0000
2026-06-11 15:56:57,270 transreid.image_train INFO: Epoch 28 done. Time per batch: 7.642[s] Speed: 4.2[samples/s]
2026-06-11 15:57:07,181 transreid.image_train INFO: Validation Results - Epoch: 28
2026-06-11 15:57:07,182 transreid.image_train INFO: mAP: 64.1%
2026-06-11 15:57:07,182 transreid.image_train INFO: CMC curve, Rank-1  :70.3%
2026-06-11 15:57:07,182 transreid.image_train INFO: CMC curve, Rank-5  :77.9%
2026-06-11 15:57:07,182 transreid.image_train INFO: CMC curve, Rank-10 :80.6%
2026-06-11 15:57:08,089 transreid.image_train INFO: Best mAP: 64.1%
2026-06-11 15:57:08,089 transreid.image_train INFO: Best Rank-1: 70.3%
2026-06-11 15:57:08,089 transreid.image_train INFO: Best Rank-5: 77.9%
2026-06-11 15:57:08,089 transreid.image_train INFO: Best Rank-10: 80.6%
2026-06-11 15:57:12,350 transreid.image_train INFO: Epoch[29] Iteration[20/111] CoEN(qR=0.42,qN=0.40) Loss: 10.523, Acc: 0.256,Acc1: 0.681,Acc2: 0.320, Base Lr: 7.29e-03,biloss:0.002,icloss:0.110,loss1:2.624, loss2:3.456, loss3:4.236, ploss:0.000,palign:0.000,total_loss:10.427,fceloss:0.0000
2026-06-11 15:57:15,621 transreid.image_train INFO: Epoch[29] Iteration[40/111] CoEN(qR=0.47,qN=0.44) Loss: 10.354, Acc: 0.304,Acc1: 0.694,Acc2: 0.371, Base Lr: 7.29e-03,biloss:0.002,icloss:0.116,loss1:2.831, loss2:3.580, loss3:3.888, ploss:0.000,palign:0.000,total_loss:10.416,fceloss:0.0000
2026-06-11 15:57:18,880 transreid.image_train INFO: Epoch[29] Iteration[60/111] CoEN(qR=0.42,qN=0.40) Loss: 10.164, Acc: 0.339,Acc1: 0.713,Acc2: 0.392, Base Lr: 7.29e-03,biloss:0.002,icloss:0.120,loss1:2.323, loss2:3.347, loss3:3.354, ploss:0.000,palign:0.000,total_loss:9.146,fceloss:0.0000
2026-06-11 15:57:22,120 transreid.image_train INFO: Epoch[29] Iteration[80/111] CoEN(qR=0.41,qN=0.38) Loss: 9.999, Acc: 0.355,Acc1: 0.713,Acc2: 0.405, Base Lr: 7.29e-03,biloss:0.001,icloss:0.116,loss1:2.468, loss2:3.364, loss3:3.737, ploss:0.000,palign:0.000,total_loss:9.686,fceloss:0.0000
2026-06-11 15:57:25,357 transreid.image_train INFO: Epoch[29] Iteration[100/111] CoEN(qR=0.42,qN=0.38) Loss: 9.848, Acc: 0.393,Acc1: 0.723,Acc2: 0.422, Base Lr: 7.29e-03,biloss:0.002,icloss:0.111,loss1:2.309, loss2:3.330, loss3:3.704, ploss:0.000,palign:0.000,total_loss:9.456,fceloss:0.0000
2026-06-11 15:57:26,907 transreid.image_train INFO: Epoch 29 done. Time per batch: 7.914[s] Speed: 4.0[samples/s]
2026-06-11 15:57:36,651 transreid.image_train INFO: Validation Results - Epoch: 29
2026-06-11 15:57:36,651 transreid.image_train INFO: mAP: 63.1%
2026-06-11 15:57:36,651 transreid.image_train INFO: CMC curve, Rank-1  :69.8%
2026-06-11 15:57:36,651 transreid.image_train INFO: CMC curve, Rank-5  :77.4%
2026-06-11 15:57:36,651 transreid.image_train INFO: CMC curve, Rank-10 :80.2%
2026-06-11 15:57:36,652 transreid.image_train INFO: Best mAP: 64.1%
2026-06-11 15:57:36,652 transreid.image_train INFO: Best Rank-1: 70.3%
2026-06-11 15:57:36,652 transreid.image_train INFO: Best Rank-5: 77.9%
2026-06-11 15:57:36,652 transreid.image_train INFO: Best Rank-10: 80.6%
2026-06-11 15:57:41,180 transreid.image_train INFO: Epoch[30] Iteration[20/111] CoEN(qR=0.48,qN=0.45) Loss: 10.564, Acc: 0.233,Acc1: 0.664,Acc2: 0.320, Base Lr: 7.24e-03,biloss:0.002,icloss:0.133,loss1:2.863, loss2:3.576, loss3:3.917, ploss:0.000,palign:0.000,total_loss:10.491,fceloss:0.0000
2026-06-11 15:57:44,567 transreid.image_train INFO: Epoch[30] Iteration[40/111] CoEN(qR=0.46,qN=0.42) Loss: 10.109, Acc: 0.310,Acc1: 0.706,Acc2: 0.396, Base Lr: 7.24e-03,biloss:0.002,icloss:0.118,loss1:2.667, loss2:3.520, loss3:4.042, ploss:0.000,palign:0.000,total_loss:10.348,fceloss:0.0000
2026-06-11 15:57:47,904 transreid.image_train INFO: Epoch[30] Iteration[60/111] CoEN(qR=0.49,qN=0.44) Loss: 10.035, Acc: 0.321,Acc1: 0.709,Acc2: 0.404, Base Lr: 7.24e-03,biloss:0.002,icloss:0.119,loss1:2.689, loss2:3.601, loss3:3.993, ploss:0.000,palign:0.000,total_loss:10.403,fceloss:0.0000
2026-06-11 15:57:51,243 transreid.image_train INFO: Epoch[30] Iteration[80/111] CoEN(qR=0.42,qN=0.41) Loss: 9.931, Acc: 0.354,Acc1: 0.716,Acc2: 0.422, Base Lr: 7.24e-03,biloss:0.001,icloss:0.140,loss1:1.826, loss2:3.277, loss3:2.640, ploss:0.000,palign:0.000,total_loss:7.884,fceloss:0.0000
2026-06-11 15:57:54,623 transreid.image_train INFO: Epoch[30] Iteration[100/111] CoEN(qR=0.40,qN=0.38) Loss: 9.687, Acc: 0.396,Acc1: 0.728,Acc2: 0.455, Base Lr: 7.24e-03,biloss:0.001,icloss:0.123,loss1:2.179, loss2:3.331, loss3:3.123, ploss:0.000,palign:0.000,total_loss:8.757,fceloss:0.0000
2026-06-11 15:57:56,244 transreid.image_train INFO: Epoch 30 done. Time per batch: 8.183[s] Speed: 3.9[samples/s]
2026-06-11 15:58:05,849 transreid.image_train INFO: Validation Results - Epoch: 30
2026-06-11 15:58:05,850 transreid.image_train INFO: mAP: 63.0%
2026-06-11 15:58:05,850 transreid.image_train INFO: CMC curve, Rank-1  :69.0%
2026-06-11 15:58:05,850 transreid.image_train INFO: CMC curve, Rank-5  :77.4%
2026-06-11 15:58:05,850 transreid.image_train INFO: CMC curve, Rank-10 :80.6%
2026-06-11 15:58:05,850 transreid.image_train INFO: Best mAP: 64.1%
2026-06-11 15:58:05,850 transreid.image_train INFO: Best Rank-1: 70.3%
2026-06-11 15:58:05,850 transreid.image_train INFO: Best Rank-5: 77.9%
2026-06-11 15:58:05,850 transreid.image_train INFO: Best Rank-10: 80.6%
2026-06-11 15:58:10,419 transreid.image_train INFO: Epoch[31] Iteration[20/111] CoEN(qR=0.47,qN=0.44) Loss: 10.127, Acc: 0.302,Acc1: 0.691,Acc2: 0.384, Base Lr: 7.19e-03,biloss:0.002,icloss:0.121,loss1:2.940, loss2:3.548, loss3:3.890, ploss:0.000,palign:0.000,total_loss:10.501,fceloss:0.0000
2026-06-11 15:58:13,701 transreid.image_train INFO: Epoch[31] Iteration[40/111] CoEN(qR=0.45,qN=0.41) Loss: 9.855, Acc: 0.345,Acc1: 0.718,Acc2: 0.412, Base Lr: 7.19e-03,biloss:0.002,icloss:0.160,loss1:1.829, loss2:3.214, loss3:2.813, ploss:0.000,palign:0.000,total_loss:8.018,fceloss:0.0000
2026-06-11 15:58:17,010 transreid.image_train INFO: Epoch[31] Iteration[60/111] CoEN(qR=0.45,qN=0.43) Loss: 9.805, Acc: 0.356,Acc1: 0.739,Acc2: 0.424, Base Lr: 7.19e-03,biloss:0.002,icloss:0.130,loss1:2.477, loss2:3.478, loss3:3.560, ploss:0.000,palign:0.000,total_loss:9.647,fceloss:0.0000
2026-06-11 15:58:20,354 transreid.image_train INFO: Epoch[31] Iteration[80/111] CoEN(qR=0.46,qN=0.41) Loss: 9.662, Acc: 0.384,Acc1: 0.736,Acc2: 0.452, Base Lr: 7.19e-03,biloss:0.002,icloss:0.152,loss1:2.047, loss2:3.285, loss3:2.939, ploss:0.000,palign:0.000,total_loss:8.425,fceloss:0.0000
2026-06-11 15:58:23,655 transreid.image_train INFO: Epoch[31] Iteration[100/111] CoEN(qR=0.41,qN=0.40) Loss: 9.512, Acc: 0.412,Acc1: 0.740,Acc2: 0.464, Base Lr: 7.19e-03,biloss:0.002,icloss:0.135,loss1:1.925, loss2:3.267, loss3:2.972, ploss:0.000,palign:0.000,total_loss:8.301,fceloss:0.0000
2026-06-11 15:58:25,284 transreid.image_train INFO: Epoch 31 done. Time per batch: 8.450[s] Speed: 3.8[samples/s]
2026-06-11 15:58:34,953 transreid.image_train INFO: Validation Results - Epoch: 31
2026-06-11 15:58:34,953 transreid.image_train INFO: mAP: 64.4%
2026-06-11 15:58:34,953 transreid.image_train INFO: CMC curve, Rank-1  :71.2%
2026-06-11 15:58:34,953 transreid.image_train INFO: CMC curve, Rank-5  :78.6%
2026-06-11 15:58:34,953 transreid.image_train INFO: CMC curve, Rank-10 :80.6%
2026-06-11 15:58:36,843 transreid.image_train INFO: Best mAP: 64.4%
2026-06-11 15:58:36,843 transreid.image_train INFO: Best Rank-1: 71.2%
2026-06-11 15:58:36,843 transreid.image_train INFO: Best Rank-5: 78.6%
2026-06-11 15:58:36,843 transreid.image_train INFO: Best Rank-10: 80.6%
2026-06-11 15:58:41,277 transreid.image_train INFO: Epoch[32] Iteration[20/111] CoEN(qR=0.43,qN=0.41) Loss: 9.871, Acc: 0.305,Acc1: 0.736,Acc2: 0.453, Base Lr: 7.14e-03,biloss:0.002,icloss:0.144,loss1:2.393, loss2:3.351, loss3:3.409, ploss:0.000,palign:0.000,total_loss:9.299,fceloss:0.0000
2026-06-11 15:58:44,546 transreid.image_train INFO: Epoch[32] Iteration[40/111] CoEN(qR=0.48,qN=0.43) Loss: 9.906, Acc: 0.307,Acc1: 0.737,Acc2: 0.419, Base Lr: 7.14e-03,biloss:0.002,icloss:0.139,loss1:2.537, loss2:3.501, loss3:3.823, ploss:0.000,palign:0.000,total_loss:10.002,fceloss:0.0000
2026-06-11 15:58:47,796 transreid.image_train INFO: Epoch[32] Iteration[60/111] CoEN(qR=0.43,qN=0.40) Loss: 9.739, Acc: 0.345,Acc1: 0.741,Acc2: 0.435, Base Lr: 7.14e-03,biloss:0.002,icloss:0.141,loss1:2.389, loss2:3.340, loss3:3.489, ploss:0.000,palign:0.000,total_loss:9.360,fceloss:0.0000
2026-06-11 15:58:51,040 transreid.image_train INFO: Epoch[32] Iteration[80/111] CoEN(qR=0.47,qN=0.45) Loss: 9.524, Acc: 0.386,Acc1: 0.752,Acc2: 0.464, Base Lr: 7.14e-03,biloss:0.002,icloss:0.128,loss1:2.642, loss2:3.600, loss3:3.844, ploss:0.000,palign:0.000,total_loss:10.216,fceloss:0.0000
2026-06-11 15:58:54,283 transreid.image_train INFO: Epoch[32] Iteration[100/111] CoEN(qR=0.42,qN=0.41) Loss: 9.332, Acc: 0.428,Acc1: 0.764,Acc2: 0.491, Base Lr: 7.14e-03,biloss:0.001,icloss:0.134,loss1:1.903, loss2:3.317, loss3:2.928, ploss:0.000,palign:0.000,total_loss:8.284,fceloss:0.0000
2026-06-11 15:58:55,887 transreid.image_train INFO: Epoch 32 done. Time per batch: 8.730[s] Speed: 3.7[samples/s]
2026-06-11 15:59:05,742 transreid.image_train INFO: Validation Results - Epoch: 32
2026-06-11 15:59:05,742 transreid.image_train INFO: mAP: 63.7%
2026-06-11 15:59:05,742 transreid.image_train INFO: CMC curve, Rank-1  :71.0%
2026-06-11 15:59:05,742 transreid.image_train INFO: CMC curve, Rank-5  :77.4%
2026-06-11 15:59:05,742 transreid.image_train INFO: CMC curve, Rank-10 :80.4%
2026-06-11 15:59:05,742 transreid.image_train INFO: Best mAP: 64.4%
2026-06-11 15:59:05,742 transreid.image_train INFO: Best Rank-1: 71.2%
2026-06-11 15:59:05,742 transreid.image_train INFO: Best Rank-5: 78.6%
2026-06-11 15:59:05,742 transreid.image_train INFO: Best Rank-10: 80.6%
2026-06-11 15:59:10,196 transreid.image_train INFO: Epoch[33] Iteration[20/111] CoEN(qR=0.41,qN=0.39) Loss: 9.920, Acc: 0.320,Acc1: 0.695,Acc2: 0.412, Base Lr: 7.08e-03,biloss:0.001,icloss:0.139,loss1:2.434, loss2:3.362, loss3:3.833, ploss:0.000,palign:0.000,total_loss:9.770,fceloss:0.0000
2026-06-11 15:59:13,509 transreid.image_train INFO: Epoch[33] Iteration[40/111] CoEN(qR=0.45,qN=0.42) Loss: 9.740, Acc: 0.355,Acc1: 0.732,Acc2: 0.459, Base Lr: 7.08e-03,biloss:0.002,icloss:0.150,loss1:2.418, loss2:3.404, loss3:3.326, ploss:0.000,palign:0.000,total_loss:9.299,fceloss:0.0000
2026-06-11 15:59:16,815 transreid.image_train INFO: Epoch[33] Iteration[60/111] CoEN(qR=0.44,qN=0.41) Loss: 9.517, Acc: 0.394,Acc1: 0.738,Acc2: 0.473, Base Lr: 7.08e-03,biloss:0.001,icloss:0.164,loss1:1.928, loss2:3.243, loss3:2.929, ploss:0.000,palign:0.000,total_loss:8.265,fceloss:0.0000
2026-06-11 15:59:20,131 transreid.image_train INFO: Epoch[33] Iteration[80/111] CoEN(qR=0.42,qN=0.41) Loss: 9.377, Acc: 0.416,Acc1: 0.745,Acc2: 0.496, Base Lr: 7.08e-03,biloss:0.001,icloss:0.141,loss1:2.203, loss2:3.379, loss3:3.309, ploss:0.000,palign:0.000,total_loss:9.034,fceloss:0.0000
2026-06-11 15:59:23,397 transreid.image_train INFO: Epoch[33] Iteration[100/111] CoEN(qR=0.41,qN=0.39) Loss: 9.150, Acc: 0.454,Acc1: 0.765,Acc2: 0.521, Base Lr: 7.08e-03,biloss:0.001,icloss:0.155,loss1:1.384, loss2:3.100, loss3:2.115, ploss:0.000,palign:0.000,total_loss:6.756,fceloss:0.0000
2026-06-11 15:59:25,112 transreid.image_train INFO: Epoch 33 done. Time per batch: 8.917[s] Speed: 3.6[samples/s]
2026-06-11 15:59:34,753 transreid.image_train INFO: Validation Results - Epoch: 33
2026-06-11 15:59:34,753 transreid.image_train INFO: mAP: 64.1%
2026-06-11 15:59:34,753 transreid.image_train INFO: CMC curve, Rank-1  :71.4%
2026-06-11 15:59:34,753 transreid.image_train INFO: CMC curve, Rank-5  :78.6%
2026-06-11 15:59:34,753 transreid.image_train INFO: CMC curve, Rank-10 :81.3%
2026-06-11 15:59:34,753 transreid.image_train INFO: Best mAP: 64.4%
2026-06-11 15:59:34,753 transreid.image_train INFO: Best Rank-1: 71.2%
2026-06-11 15:59:34,753 transreid.image_train INFO: Best Rank-5: 78.6%
2026-06-11 15:59:34,753 transreid.image_train INFO: Best Rank-10: 80.6%
2026-06-11 15:59:39,068 transreid.image_train INFO: Epoch[34] Iteration[20/111] CoEN(qR=0.44,qN=0.43) Loss: 9.678, Acc: 0.333,Acc1: 0.703,Acc2: 0.425, Base Lr: 7.03e-03,biloss:0.002,icloss:0.162,loss1:2.106, loss2:3.334, loss3:3.203, ploss:0.000,palign:0.000,total_loss:8.806,fceloss:0.0000
2026-06-11 15:59:42,360 transreid.image_train INFO: Epoch[34] Iteration[40/111] CoEN(qR=0.44,qN=0.42) Loss: 9.585, Acc: 0.356,Acc1: 0.725,Acc2: 0.459, Base Lr: 7.03e-03,biloss:0.002,icloss:0.150,loss1:2.053, loss2:3.359, loss3:3.307, ploss:0.000,palign:0.000,total_loss:8.871,fceloss:0.0000
2026-06-11 15:59:45,676 transreid.image_train INFO: Epoch[34] Iteration[60/111] CoEN(qR=0.48,qN=0.45) Loss: 9.397, Acc: 0.405,Acc1: 0.754,Acc2: 0.504, Base Lr: 7.03e-03,biloss:0.002,icloss:0.145,loss1:2.496, loss2:3.531, loss3:3.394, ploss:0.000,palign:0.000,total_loss:9.568,fceloss:0.0000
2026-06-11 15:59:48,979 transreid.image_train INFO: Epoch[34] Iteration[80/111] CoEN(qR=0.46,qN=0.42) Loss: 9.212, Acc: 0.435,Acc1: 0.757,Acc2: 0.525, Base Lr: 7.03e-03,biloss:0.002,icloss:0.169,loss1:2.020, loss2:3.272, loss3:2.598, ploss:0.000,palign:0.000,total_loss:8.061,fceloss:0.0000
2026-06-11 15:59:52,276 transreid.image_train INFO: Epoch[34] Iteration[100/111] CoEN(qR=0.44,qN=0.41) Loss: 8.983, Acc: 0.468,Acc1: 0.773,Acc2: 0.545, Base Lr: 7.03e-03,biloss:0.001,icloss:0.162,loss1:1.744, loss2:3.282, loss3:2.676, ploss:0.000,palign:0.000,total_loss:7.866,fceloss:0.0000
2026-06-11 15:59:53,849 transreid.image_train INFO: Epoch 34 done. Time per batch: 9.262[s] Speed: 3.5[samples/s]
2026-06-11 16:00:03,505 transreid.image_train INFO: Validation Results - Epoch: 34
2026-06-11 16:00:03,505 transreid.image_train INFO: mAP: 64.7%
2026-06-11 16:00:03,505 transreid.image_train INFO: CMC curve, Rank-1  :71.9%
2026-06-11 16:00:03,505 transreid.image_train INFO: CMC curve, Rank-5  :78.6%
2026-06-11 16:00:03,505 transreid.image_train INFO: CMC curve, Rank-10 :81.3%
2026-06-11 16:00:05,438 transreid.image_train INFO: Best mAP: 64.7%
2026-06-11 16:00:05,439 transreid.image_train INFO: Best Rank-1: 71.9%
2026-06-11 16:00:05,439 transreid.image_train INFO: Best Rank-5: 78.6%
2026-06-11 16:00:05,439 transreid.image_train INFO: Best Rank-10: 81.3%
2026-06-11 16:00:09,785 transreid.image_train INFO: Epoch[35] Iteration[20/111] CoEN(qR=0.43,qN=0.36) Loss: 9.328, Acc: 0.369,Acc1: 0.747,Acc2: 0.520, Base Lr: 6.97e-03,biloss:0.002,icloss:0.151,loss1:2.282, loss2:3.183, loss3:3.611, ploss:0.000,palign:0.000,total_loss:9.229,fceloss:0.0000
2026-06-11 16:00:13,050 transreid.image_train INFO: Epoch[35] Iteration[40/111] CoEN(qR=0.45,qN=0.43) Loss: 9.166, Acc: 0.412,Acc1: 0.782,Acc2: 0.559, Base Lr: 6.97e-03,biloss:0.002,icloss:0.137,loss1:2.620, loss2:3.518, loss3:3.444, ploss:0.000,palign:0.000,total_loss:9.720,fceloss:0.0000
2026-06-11 16:00:16,293 transreid.image_train INFO: Epoch[35] Iteration[60/111] CoEN(qR=0.41,qN=0.41) Loss: 8.964, Acc: 0.451,Acc1: 0.797,Acc2: 0.579, Base Lr: 6.97e-03,biloss:0.002,icloss:0.162,loss1:1.867, loss2:3.250, loss3:2.805, ploss:0.000,palign:0.000,total_loss:8.086,fceloss:0.0000
2026-06-11 16:00:19,586 transreid.image_train INFO: Epoch[35] Iteration[80/111] CoEN(qR=0.48,qN=0.43) Loss: 8.857, Acc: 0.474,Acc1: 0.798,Acc2: 0.562, Base Lr: 6.97e-03,biloss:0.002,icloss:0.195,loss1:1.993, loss2:3.294, loss3:3.089, ploss:0.000,palign:0.000,total_loss:8.573,fceloss:0.0000
2026-06-11 16:00:22,857 transreid.image_train INFO: Epoch[35] Iteration[100/111] CoEN(qR=0.46,qN=0.40) Loss: 8.735, Acc: 0.498,Acc1: 0.801,Acc2: 0.576, Base Lr: 6.97e-03,biloss:0.002,icloss:0.148,loss1:2.485, loss2:3.402, loss3:3.695, ploss:0.000,palign:0.000,total_loss:9.731,fceloss:0.0000
2026-06-11 16:00:24,589 transreid.image_train INFO: Epoch 35 done. Time per batch: 9.457[s] Speed: 3.4[samples/s]
2026-06-11 16:00:34,579 transreid.image_train INFO: Validation Results - Epoch: 35
2026-06-11 16:00:34,579 transreid.image_train INFO: mAP: 64.5%
2026-06-11 16:00:34,579 transreid.image_train INFO: CMC curve, Rank-1  :71.4%
2026-06-11 16:00:34,579 transreid.image_train INFO: CMC curve, Rank-5  :77.9%
2026-06-11 16:00:34,579 transreid.image_train INFO: CMC curve, Rank-10 :81.3%
2026-06-11 16:00:34,580 transreid.image_train INFO: Best mAP: 64.7%
2026-06-11 16:00:34,580 transreid.image_train INFO: Best Rank-1: 71.9%
2026-06-11 16:00:34,580 transreid.image_train INFO: Best Rank-5: 78.6%
2026-06-11 16:00:34,580 transreid.image_train INFO: Best Rank-10: 81.3%
2026-06-11 16:00:39,047 transreid.image_train INFO: Epoch[36] Iteration[20/111] CoEN(qR=0.45,qN=0.44) Loss: 9.179, Acc: 0.363,Acc1: 0.762,Acc2: 0.527, Base Lr: 6.92e-03,biloss:0.002,icloss:0.146,loss1:2.587, loss2:3.569, loss3:3.740, ploss:0.000,palign:0.000,total_loss:10.043,fceloss:0.0000
2026-06-11 16:00:42,404 transreid.image_train INFO: Epoch[36] Iteration[40/111] CoEN(qR=0.43,qN=0.40) Loss: 9.112, Acc: 0.405,Acc1: 0.786,Acc2: 0.521, Base Lr: 6.92e-03,biloss:0.002,icloss:0.181,loss1:1.829, loss2:3.156, loss3:2.732, ploss:0.000,palign:0.000,total_loss:7.898,fceloss:0.0000
2026-06-11 16:00:45,754 transreid.image_train INFO: Epoch[36] Iteration[60/111] CoEN(qR=0.44,qN=0.41) Loss: 9.057, Acc: 0.423,Acc1: 0.791,Acc2: 0.540, Base Lr: 6.92e-03,biloss:0.002,icloss:0.142,loss1:2.514, loss2:3.396, loss3:3.481, ploss:0.000,palign:0.000,total_loss:9.536,fceloss:0.0000
2026-06-11 16:00:49,057 transreid.image_train INFO: Epoch[36] Iteration[80/111] CoEN(qR=0.40,qN=0.38) Loss: 8.839, Acc: 0.459,Acc1: 0.798,Acc2: 0.554, Base Lr: 6.92e-03,biloss:0.001,icloss:0.173,loss1:1.498, loss2:3.050, loss3:2.445, ploss:0.000,palign:0.000,total_loss:7.167,fceloss:0.0000
2026-06-11 16:00:52,328 transreid.image_train INFO: Epoch[36] Iteration[100/111] CoEN(qR=0.44,qN=0.40) Loss: 8.646, Acc: 0.507,Acc1: 0.812,Acc2: 0.580, Base Lr: 6.92e-03,biloss:0.002,icloss:0.171,loss1:1.735, loss2:3.153, loss3:2.355, ploss:0.000,palign:0.000,total_loss:7.415,fceloss:0.0000
2026-06-11 16:00:53,888 transreid.image_train INFO: Epoch 36 done. Time per batch: 9.813[s] Speed: 3.3[samples/s]
2026-06-11 16:01:03,575 transreid.image_train INFO: Validation Results - Epoch: 36
2026-06-11 16:01:03,576 transreid.image_train INFO: mAP: 66.0%
2026-06-11 16:01:03,576 transreid.image_train INFO: CMC curve, Rank-1  :73.5%
2026-06-11 16:01:03,576 transreid.image_train INFO: CMC curve, Rank-5  :78.6%
2026-06-11 16:01:03,576 transreid.image_train INFO: CMC curve, Rank-10 :81.7%
2026-06-11 16:01:05,433 transreid.image_train INFO: Best mAP: 66.0%
2026-06-11 16:01:05,433 transreid.image_train INFO: Best Rank-1: 73.5%
2026-06-11 16:01:05,433 transreid.image_train INFO: Best Rank-5: 78.6%
2026-06-11 16:01:05,433 transreid.image_train INFO: Best Rank-10: 81.7%
2026-06-11 16:01:10,146 transreid.image_train INFO: Epoch[37] Iteration[20/111] CoEN(qR=0.40,qN=0.38) Loss: 9.133, Acc: 0.412,Acc1: 0.808,Acc2: 0.531, Base Lr: 6.86e-03,biloss:0.002,icloss:0.150,loss1:2.457, loss2:3.287, loss3:3.867, ploss:0.000,palign:0.000,total_loss:9.763,fceloss:0.0000
2026-06-11 16:01:13,439 transreid.image_train INFO: Epoch[37] Iteration[40/111] CoEN(qR=0.38,qN=0.36) Loss: 8.921, Acc: 0.457,Acc1: 0.818,Acc2: 0.553, Base Lr: 6.86e-03,biloss:0.001,icloss:0.146,loss1:1.892, loss2:3.150, loss3:3.112, ploss:0.000,palign:0.000,total_loss:8.302,fceloss:0.0000
2026-06-11 16:01:16,776 transreid.image_train INFO: Epoch[37] Iteration[60/111] CoEN(qR=0.44,qN=0.40) Loss: 8.806, Acc: 0.466,Acc1: 0.825,Acc2: 0.582, Base Lr: 6.86e-03,biloss:0.002,icloss:0.169,loss1:1.941, loss2:3.213, loss3:2.569, ploss:0.000,palign:0.000,total_loss:7.892,fceloss:0.0000
2026-06-11 16:01:20,041 transreid.image_train INFO: Epoch[37] Iteration[80/111] CoEN(qR=0.39,qN=0.38) Loss: 8.641, Acc: 0.504,Acc1: 0.827,Acc2: 0.604, Base Lr: 6.86e-03,biloss:0.001,icloss:0.163,loss1:1.797, loss2:3.108, loss3:2.657, ploss:0.000,palign:0.000,total_loss:7.726,fceloss:0.0000
2026-06-11 16:01:23,372 transreid.image_train INFO: Epoch[37] Iteration[100/111] CoEN(qR=0.43,qN=0.39) Loss: 8.445, Acc: 0.541,Acc1: 0.837,Acc2: 0.626, Base Lr: 6.86e-03,biloss:0.001,icloss:0.175,loss1:1.720, loss2:3.147, loss3:2.589, ploss:0.000,palign:0.000,total_loss:7.632,fceloss:0.0000
2026-06-11 16:01:24,955 transreid.image_train INFO: Epoch 37 done. Time per batch: 10.098[s] Speed: 3.2[samples/s]
2026-06-11 16:01:34,686 transreid.image_train INFO: Validation Results - Epoch: 37
2026-06-11 16:01:34,686 transreid.image_train INFO: mAP: 64.9%
2026-06-11 16:01:34,686 transreid.image_train INFO: CMC curve, Rank-1  :71.9%
2026-06-11 16:01:34,686 transreid.image_train INFO: CMC curve, Rank-5  :78.5%
2026-06-11 16:01:34,686 transreid.image_train INFO: CMC curve, Rank-10 :81.1%
2026-06-11 16:01:34,686 transreid.image_train INFO: Best mAP: 66.0%
2026-06-11 16:01:34,686 transreid.image_train INFO: Best Rank-1: 73.5%
2026-06-11 16:01:34,686 transreid.image_train INFO: Best Rank-5: 78.6%
2026-06-11 16:01:34,686 transreid.image_train INFO: Best Rank-10: 81.7%
2026-06-11 16:01:39,237 transreid.image_train INFO: Epoch[38] Iteration[20/111] CoEN(qR=0.42,qN=0.41) Loss: 8.976, Acc: 0.425,Acc1: 0.814,Acc2: 0.581, Base Lr: 6.80e-03,biloss:0.001,icloss:0.190,loss1:1.642, loss2:3.136, loss3:2.160, ploss:0.000,palign:0.000,total_loss:7.130,fceloss:0.0000
2026-06-11 16:01:42,488 transreid.image_train INFO: Epoch[38] Iteration[40/111] CoEN(qR=0.44,qN=0.41) Loss: 8.769, Acc: 0.477,Acc1: 0.818,Acc2: 0.598, Base Lr: 6.80e-03,biloss:0.002,icloss:0.158,loss1:2.280, loss2:3.339, loss3:3.052, ploss:0.000,palign:0.000,total_loss:8.830,fceloss:0.0000
2026-06-11 16:01:45,779 transreid.image_train INFO: Epoch[38] Iteration[60/111] CoEN(qR=0.44,qN=0.40) Loss: 8.648, Acc: 0.491,Acc1: 0.822,Acc2: 0.593, Base Lr: 6.80e-03,biloss:0.002,icloss:0.156,loss1:2.206, loss2:3.229, loss3:2.895, ploss:0.000,palign:0.000,total_loss:8.488,fceloss:0.0000
2026-06-11 16:01:49,097 transreid.image_train INFO: Epoch[38] Iteration[80/111] CoEN(qR=0.38,qN=0.38) Loss: 8.496, Acc: 0.525,Acc1: 0.830,Acc2: 0.617, Base Lr: 6.80e-03,biloss:0.001,icloss:0.202,loss1:1.298, loss2:2.929, loss3:2.016, ploss:0.000,palign:0.000,total_loss:6.447,fceloss:0.0000
2026-06-11 16:01:52,394 transreid.image_train INFO: Epoch[38] Iteration[100/111] CoEN(qR=0.40,qN=0.38) Loss: 8.276, Acc: 0.558,Acc1: 0.846,Acc2: 0.646, Base Lr: 6.80e-03,biloss:0.001,icloss:0.198,loss1:1.173, loss2:2.898, loss3:1.983, ploss:0.000,palign:0.000,total_loss:6.253,fceloss:0.0000
2026-06-11 16:01:54,000 transreid.image_train INFO: Epoch 38 done. Time per batch: 10.364[s] Speed: 3.1[samples/s]
2026-06-11 16:02:03,738 transreid.image_train INFO: Validation Results - Epoch: 38
2026-06-11 16:02:03,738 transreid.image_train INFO: mAP: 65.2%
2026-06-11 16:02:03,738 transreid.image_train INFO: CMC curve, Rank-1  :72.1%
2026-06-11 16:02:03,739 transreid.image_train INFO: CMC curve, Rank-5  :78.1%
2026-06-11 16:02:03,739 transreid.image_train INFO: CMC curve, Rank-10 :81.0%
2026-06-11 16:02:03,739 transreid.image_train INFO: Best mAP: 66.0%
2026-06-11 16:02:03,739 transreid.image_train INFO: Best Rank-1: 73.5%
2026-06-11 16:02:03,739 transreid.image_train INFO: Best Rank-5: 78.6%
2026-06-11 16:02:03,739 transreid.image_train INFO: Best Rank-10: 81.7%
2026-06-11 16:02:08,697 transreid.image_train INFO: Epoch[39] Iteration[20/111] CoEN(qR=0.50,qN=0.45) Loss: 8.920, Acc: 0.484,Acc1: 0.808,Acc2: 0.617, Base Lr: 6.74e-03,biloss:0.002,icloss:0.192,loss1:2.175, loss2:3.347, loss3:2.862, ploss:0.000,palign:0.000,total_loss:8.577,fceloss:0.0000
2026-06-11 16:02:12,048 transreid.image_train INFO: Epoch[39] Iteration[40/111] CoEN(qR=0.39,qN=0.38) Loss: 8.685, Acc: 0.487,Acc1: 0.823,Acc2: 0.627, Base Lr: 6.74e-03,biloss:0.002,icloss:0.190,loss1:1.527, loss2:3.033, loss3:2.320, ploss:0.000,palign:0.000,total_loss:7.071,fceloss:0.0000
2026-06-11 16:02:15,359 transreid.image_train INFO: Epoch[39] Iteration[60/111] CoEN(qR=0.46,qN=0.42) Loss: 8.498, Acc: 0.521,Acc1: 0.837,Acc2: 0.633, Base Lr: 6.74e-03,biloss:0.002,icloss:0.176,loss1:2.021, loss2:3.257, loss3:2.462, ploss:0.000,palign:0.000,total_loss:7.919,fceloss:0.0000
2026-06-11 16:02:18,658 transreid.image_train INFO: Epoch[39] Iteration[80/111] CoEN(qR=0.46,qN=0.41) Loss: 8.315, Acc: 0.550,Acc1: 0.850,Acc2: 0.643, Base Lr: 6.74e-03,biloss:0.002,icloss:0.185,loss1:1.890, loss2:3.234, loss3:2.868, ploss:0.000,palign:0.000,total_loss:8.179,fceloss:0.0000
2026-06-11 16:02:21,992 transreid.image_train INFO: Epoch[39] Iteration[100/111] CoEN(qR=0.37,qN=0.36) Loss: 8.108, Acc: 0.589,Acc1: 0.864,Acc2: 0.672, Base Lr: 6.74e-03,biloss:0.001,icloss:0.179,loss1:1.211, loss2:2.928, loss3:2.218, ploss:0.000,palign:0.000,total_loss:6.537,fceloss:0.0000
2026-06-11 16:02:23,544 transreid.image_train INFO: Epoch 39 done. Time per batch: 10.635[s] Speed: 3.0[samples/s]
2026-06-11 16:02:33,256 transreid.image_train INFO: Validation Results - Epoch: 39
2026-06-11 16:02:33,256 transreid.image_train INFO: mAP: 65.4%
2026-06-11 16:02:33,256 transreid.image_train INFO: CMC curve, Rank-1  :71.7%
2026-06-11 16:02:33,257 transreid.image_train INFO: CMC curve, Rank-5  :78.6%
2026-06-11 16:02:33,257 transreid.image_train INFO: CMC curve, Rank-10 :81.1%
2026-06-11 16:02:33,257 transreid.image_train INFO: Best mAP: 66.0%
2026-06-11 16:02:33,257 transreid.image_train INFO: Best Rank-1: 73.5%
2026-06-11 16:02:33,257 transreid.image_train INFO: Best Rank-5: 78.6%
2026-06-11 16:02:33,257 transreid.image_train INFO: Best Rank-10: 81.7%
2026-06-11 16:02:37,690 transreid.image_train INFO: Epoch[40] Iteration[20/111] CoEN(qR=0.44,qN=0.41) Loss: 8.327, Acc: 0.523,Acc1: 0.820,Acc2: 0.639, Base Lr: 6.68e-03,biloss:0.002,icloss:0.164,loss1:2.112, loss2:3.269, loss3:2.773, ploss:0.000,palign:0.000,total_loss:8.320,fceloss:0.0000
2026-06-11 16:02:41,006 transreid.image_train INFO: Epoch[40] Iteration[40/111] CoEN(qR=0.41,qN=0.39) Loss: 8.316, Acc: 0.531,Acc1: 0.842,Acc2: 0.650, Base Lr: 6.68e-03,biloss:0.002,icloss:0.187,loss1:1.823, loss2:3.106, loss3:2.444, ploss:0.000,palign:0.000,total_loss:7.561,fceloss:0.0000
2026-06-11 16:02:44,324 transreid.image_train INFO: Epoch[40] Iteration[60/111] CoEN(qR=0.49,qN=0.44) Loss: 8.266, Acc: 0.547,Acc1: 0.850,Acc2: 0.657, Base Lr: 6.68e-03,biloss:0.002,icloss:0.165,loss1:2.406, loss2:3.484, loss3:3.122, ploss:0.000,palign:0.000,total_loss:9.178,fceloss:0.0000
2026-06-11 16:02:47,630 transreid.image_train INFO: Epoch[40] Iteration[80/111] CoEN(qR=0.48,qN=0.43) Loss: 8.190, Acc: 0.566,Acc1: 0.853,Acc2: 0.663, Base Lr: 6.68e-03,biloss:0.002,icloss:0.165,loss1:2.279, loss2:3.368, loss3:2.763, ploss:0.000,palign:0.000,total_loss:8.577,fceloss:0.0000
2026-06-11 16:02:50,932 transreid.image_train INFO: Epoch[40] Iteration[100/111] CoEN(qR=0.41,qN=0.41) Loss: 7.956, Acc: 0.607,Acc1: 0.872,Acc2: 0.687, Base Lr: 6.68e-03,biloss:0.001,icloss:0.236,loss1:1.115, loss2:2.910, loss3:1.694, ploss:0.000,palign:0.000,total_loss:5.958,fceloss:0.0000
2026-06-11 16:02:52,494 transreid.image_train INFO: Epoch 40 done. Time per batch: 10.901[s] Speed: 2.9[samples/s]
2026-06-11 16:03:02,042 transreid.image_train INFO: Validation Results - Epoch: 40
2026-06-11 16:03:02,042 transreid.image_train INFO: mAP: 64.8%
2026-06-11 16:03:02,042 transreid.image_train INFO: CMC curve, Rank-1  :71.5%
2026-06-11 16:03:02,042 transreid.image_train INFO: CMC curve, Rank-5  :78.5%
2026-06-11 16:03:02,042 transreid.image_train INFO: CMC curve, Rank-10 :81.1%
2026-06-11 16:03:02,042 transreid.image_train INFO: Best mAP: 66.0%
2026-06-11 16:03:02,042 transreid.image_train INFO: Best Rank-1: 73.5%
2026-06-11 16:03:02,042 transreid.image_train INFO: Best Rank-5: 78.6%
2026-06-11 16:03:02,042 transreid.image_train INFO: Best Rank-10: 81.7%
2026-06-11 16:03:06,559 transreid.image_train INFO: Epoch[41] Iteration[20/111] CoEN(qR=0.40,qN=0.38) Loss: 8.425, Acc: 0.508,Acc1: 0.838,Acc2: 0.634, Base Lr: 6.62e-03,biloss:0.002,icloss:0.165,loss1:2.035, loss2:3.178, loss3:2.752, ploss:0.000,palign:0.000,total_loss:8.131,fceloss:0.0000
2026-06-11 16:03:09,884 transreid.image_train INFO: Epoch[41] Iteration[40/111] CoEN(qR=0.42,qN=0.42) Loss: 8.329, Acc: 0.534,Acc1: 0.846,Acc2: 0.659, Base Lr: 6.62e-03,biloss:0.002,icloss:0.183,loss1:1.898, loss2:3.267, loss3:2.646, ploss:0.000,palign:0.000,total_loss:7.995,fceloss:0.0000
2026-06-11 16:03:13,211 transreid.image_train INFO: Epoch[41] Iteration[60/111] CoEN(qR=0.42,qN=0.41) Loss: 8.114, Acc: 0.581,Acc1: 0.866,Acc2: 0.680, Base Lr: 6.62e-03,biloss:0.002,icloss:0.164,loss1:2.078, loss2:3.316, loss3:2.807, ploss:0.000,palign:0.000,total_loss:8.367,fceloss:0.0000
2026-06-11 16:03:16,537 transreid.image_train INFO: Epoch[41] Iteration[80/111] CoEN(qR=0.45,qN=0.40) Loss: 8.022, Acc: 0.594,Acc1: 0.871,Acc2: 0.694, Base Lr: 6.62e-03,biloss:0.001,icloss:0.202,loss1:1.742, loss2:3.131, loss3:2.524, ploss:0.000,palign:0.000,total_loss:7.600,fceloss:0.0000
2026-06-11 16:03:19,884 transreid.image_train INFO: Epoch[41] Iteration[100/111] CoEN(qR=0.41,qN=0.38) Loss: 7.803, Acc: 0.626,Acc1: 0.880,Acc2: 0.717, Base Lr: 6.62e-03,biloss:0.001,icloss:0.225,loss1:1.082, loss2:2.829, loss3:1.852, ploss:0.000,palign:0.000,total_loss:5.990,fceloss:0.0000
2026-06-11 16:03:21,501 transreid.image_train INFO: Epoch 41 done. Time per batch: 11.167[s] Speed: 2.9[samples/s]
2026-06-11 16:03:31,251 transreid.image_train INFO: Validation Results - Epoch: 41
2026-06-11 16:03:31,252 transreid.image_train INFO: mAP: 65.8%
2026-06-11 16:03:31,252 transreid.image_train INFO: CMC curve, Rank-1  :73.1%
2026-06-11 16:03:31,252 transreid.image_train INFO: CMC curve, Rank-5  :77.8%
2026-06-11 16:03:31,252 transreid.image_train INFO: CMC curve, Rank-10 :81.5%
2026-06-11 16:03:31,252 transreid.image_train INFO: Best mAP: 66.0%
2026-06-11 16:03:31,252 transreid.image_train INFO: Best Rank-1: 73.5%
2026-06-11 16:03:31,252 transreid.image_train INFO: Best Rank-5: 78.6%
2026-06-11 16:03:31,252 transreid.image_train INFO: Best Rank-10: 81.7%
2026-06-11 16:03:35,648 transreid.image_train INFO: Epoch[42] Iteration[20/111] CoEN(qR=0.45,qN=0.40) Loss: 8.050, Acc: 0.573,Acc1: 0.855,Acc2: 0.689, Base Lr: 6.55e-03,biloss:0.001,icloss:0.177,loss1:1.963, loss2:3.215, loss3:2.456, ploss:0.000,palign:0.000,total_loss:7.813,fceloss:0.0000
2026-06-11 16:03:38,978 transreid.image_train INFO: Epoch[42] Iteration[40/111] CoEN(qR=0.42,qN=0.39) Loss: 8.022, Acc: 0.584,Acc1: 0.849,Acc2: 0.687, Base Lr: 6.55e-03,biloss:0.002,icloss:0.200,loss1:1.738, loss2:3.083, loss3:2.468, ploss:0.000,palign:0.000,total_loss:7.491,fceloss:0.0000
2026-06-11 16:03:42,390 transreid.image_train INFO: Epoch[42] Iteration[60/111] CoEN(qR=0.42,qN=0.39) Loss: 7.937, Acc: 0.598,Acc1: 0.868,Acc2: 0.708, Base Lr: 6.55e-03,biloss:0.002,icloss:0.186,loss1:1.865, loss2:3.114, loss3:2.543, ploss:0.000,palign:0.000,total_loss:7.710,fceloss:0.0000
2026-06-11 16:03:45,744 transreid.image_train INFO: Epoch[42] Iteration[80/111] CoEN(qR=0.47,qN=0.44) Loss: 7.797, Acc: 0.620,Acc1: 0.880,Acc2: 0.722, Base Lr: 6.55e-03,biloss:0.002,icloss:0.179,loss1:2.114, loss2:3.389, loss3:2.460, ploss:0.000,palign:0.000,total_loss:8.143,fceloss:0.0000
2026-06-11 16:03:49,088 transreid.image_train INFO: Epoch[42] Iteration[100/111] CoEN(qR=0.47,qN=0.42) Loss: 7.607, Acc: 0.653,Acc1: 0.889,Acc2: 0.738, Base Lr: 6.55e-03,biloss:0.002,icloss:0.196,loss1:1.672, loss2:3.276, loss3:2.493, ploss:0.000,palign:0.000,total_loss:7.638,fceloss:0.0000
2026-06-11 16:03:50,709 transreid.image_train INFO: Epoch 42 done. Time per batch: 11.435[s] Speed: 2.8[samples/s]
2026-06-11 16:04:00,394 transreid.image_train INFO: Validation Results - Epoch: 42
2026-06-11 16:04:00,395 transreid.image_train INFO: mAP: 66.8%
2026-06-11 16:04:00,395 transreid.image_train INFO: CMC curve, Rank-1  :74.2%
2026-06-11 16:04:00,395 transreid.image_train INFO: CMC curve, Rank-5  :78.6%
2026-06-11 16:04:00,395 transreid.image_train INFO: CMC curve, Rank-10 :81.3%
2026-06-11 16:04:01,303 transreid.image_train INFO: Best mAP: 66.8%
2026-06-11 16:04:01,303 transreid.image_train INFO: Best Rank-1: 74.2%
2026-06-11 16:04:01,303 transreid.image_train INFO: Best Rank-5: 78.6%
2026-06-11 16:04:01,303 transreid.image_train INFO: Best Rank-10: 81.3%
2026-06-11 16:04:05,646 transreid.image_train INFO: Epoch[43] Iteration[20/111] CoEN(qR=0.43,qN=0.40) Loss: 8.161, Acc: 0.527,Acc1: 0.853,Acc2: 0.652, Base Lr: 6.49e-03,biloss:0.001,icloss:0.176,loss1:2.260, loss2:3.301, loss3:3.157, ploss:0.000,palign:0.000,total_loss:8.895,fceloss:0.0000
2026-06-11 16:04:09,007 transreid.image_train INFO: Epoch[43] Iteration[40/111] CoEN(qR=0.43,qN=0.42) Loss: 8.087, Acc: 0.563,Acc1: 0.867,Acc2: 0.681, Base Lr: 6.49e-03,biloss:0.002,icloss:0.182,loss1:1.901, loss2:3.292, loss3:2.421, ploss:0.000,palign:0.000,total_loss:7.797,fceloss:0.0000
2026-06-11 16:04:12,304 transreid.image_train INFO: Epoch[43] Iteration[60/111] CoEN(qR=0.42,qN=0.43) Loss: 7.913, Acc: 0.609,Acc1: 0.878,Acc2: 0.708, Base Lr: 6.49e-03,biloss:0.001,icloss:0.179,loss1:2.101, loss2:3.319, loss3:2.739, ploss:0.000,palign:0.000,total_loss:8.339,fceloss:0.0000
2026-06-11 16:04:15,565 transreid.image_train INFO: Epoch[43] Iteration[80/111] CoEN(qR=0.42,qN=0.39) Loss: 7.696, Acc: 0.644,Acc1: 0.896,Acc2: 0.736, Base Lr: 6.49e-03,biloss:0.001,icloss:0.200,loss1:1.479, loss2:3.067, loss3:2.312, ploss:0.000,palign:0.000,total_loss:7.060,fceloss:0.0000
2026-06-11 16:04:18,813 transreid.image_train INFO: Epoch[43] Iteration[100/111] CoEN(qR=0.46,qN=0.43) Loss: 7.466, Acc: 0.676,Acc1: 0.903,Acc2: 0.751, Base Lr: 6.49e-03,biloss:0.001,icloss:0.238,loss1:1.069, loss2:3.025, loss3:1.448, ploss:0.000,palign:0.000,total_loss:5.782,fceloss:0.0000
2026-06-11 16:04:20,386 transreid.image_train INFO: Epoch 43 done. Time per batch: 11.707[s] Speed: 2.7[samples/s]
2026-06-11 16:04:30,043 transreid.image_train INFO: Validation Results - Epoch: 43
2026-06-11 16:04:30,043 transreid.image_train INFO: mAP: 65.1%
2026-06-11 16:04:30,043 transreid.image_train INFO: CMC curve, Rank-1  :72.6%
2026-06-11 16:04:30,043 transreid.image_train INFO: CMC curve, Rank-5  :78.5%
2026-06-11 16:04:30,043 transreid.image_train INFO: CMC curve, Rank-10 :80.8%
2026-06-11 16:04:30,043 transreid.image_train INFO: Best mAP: 66.8%
2026-06-11 16:04:30,043 transreid.image_train INFO: Best Rank-1: 74.2%
2026-06-11 16:04:30,043 transreid.image_train INFO: Best Rank-5: 78.6%
2026-06-11 16:04:30,043 transreid.image_train INFO: Best Rank-10: 81.3%
2026-06-11 16:04:34,633 transreid.image_train INFO: Epoch[44] Iteration[20/111] CoEN(qR=0.45,qN=0.42) Loss: 7.935, Acc: 0.600,Acc1: 0.870,Acc2: 0.681, Base Lr: 6.42e-03,biloss:0.002,icloss:0.196,loss1:2.025, loss2:3.273, loss3:2.569, ploss:0.000,palign:0.000,total_loss:8.064,fceloss:0.0000
2026-06-11 16:04:37,953 transreid.image_train INFO: Epoch[44] Iteration[40/111] CoEN(qR=0.45,qN=0.40) Loss: 7.808, Acc: 0.616,Acc1: 0.889,Acc2: 0.730, Base Lr: 6.42e-03,biloss:0.002,icloss:0.184,loss1:1.990, loss2:3.184, loss3:2.356, ploss:0.000,palign:0.000,total_loss:7.716,fceloss:0.0000
2026-06-11 16:04:41,265 transreid.image_train INFO: Epoch[44] Iteration[60/111] CoEN(qR=0.45,qN=0.43) Loss: 7.653, Acc: 0.661,Acc1: 0.905,Acc2: 0.748, Base Lr: 6.42e-03,biloss:0.001,icloss:0.223,loss1:1.311, loss2:3.125, loss3:1.794, ploss:0.000,palign:0.000,total_loss:6.454,fceloss:0.0000
2026-06-11 16:04:44,549 transreid.image_train INFO: Epoch[44] Iteration[80/111] CoEN(qR=0.45,qN=0.41) Loss: 7.526, Acc: 0.681,Acc1: 0.912,Acc2: 0.759, Base Lr: 6.42e-03,biloss:0.001,icloss:0.218,loss1:1.639, loss2:3.114, loss3:2.129, ploss:0.000,palign:0.000,total_loss:7.102,fceloss:0.0000
2026-06-11 16:04:47,840 transreid.image_train INFO: Epoch[44] Iteration[100/111] CoEN(qR=0.44,qN=0.43) Loss: 7.379, Acc: 0.693,Acc1: 0.909,Acc2: 0.760, Base Lr: 6.42e-03,biloss:0.001,icloss:0.266,loss1:0.901, loss2:2.875, loss3:1.403, ploss:0.000,palign:0.000,total_loss:5.446,fceloss:0.0000
2026-06-11 16:04:49,420 transreid.image_train INFO: Epoch 44 done. Time per batch: 11.974[s] Speed: 2.7[samples/s]
2026-06-11 16:04:59,041 transreid.image_train INFO: Validation Results - Epoch: 44
2026-06-11 16:04:59,042 transreid.image_train INFO: mAP: 65.4%
2026-06-11 16:04:59,042 transreid.image_train INFO: CMC curve, Rank-1  :72.4%
2026-06-11 16:04:59,042 transreid.image_train INFO: CMC curve, Rank-5  :78.6%
2026-06-11 16:04:59,042 transreid.image_train INFO: CMC curve, Rank-10 :81.3%
2026-06-11 16:04:59,042 transreid.image_train INFO: Best mAP: 66.8%
2026-06-11 16:04:59,042 transreid.image_train INFO: Best Rank-1: 74.2%
2026-06-11 16:04:59,042 transreid.image_train INFO: Best Rank-5: 78.6%
2026-06-11 16:04:59,042 transreid.image_train INFO: Best Rank-10: 81.3%
2026-06-11 16:05:03,496 transreid.image_train INFO: Epoch[45] Iteration[20/111] CoEN(qR=0.43,qN=0.39) Loss: 7.619, Acc: 0.652,Acc1: 0.909,Acc2: 0.775, Base Lr: 6.35e-03,biloss:0.002,icloss:0.205,loss1:1.607, loss2:3.107, loss3:2.776, ploss:0.000,palign:0.000,total_loss:7.698,fceloss:0.0000
2026-06-11 16:05:06,853 transreid.image_train INFO: Epoch[45] Iteration[40/111] CoEN(qR=0.43,qN=0.41) Loss: 7.539, Acc: 0.670,Acc1: 0.916,Acc2: 0.772, Base Lr: 6.35e-03,biloss:0.002,icloss:0.210,loss1:1.698, loss2:3.154, loss3:2.236, ploss:0.000,palign:0.000,total_loss:7.299,fceloss:0.0000
2026-06-11 16:05:10,362 transreid.image_train INFO: Epoch[45] Iteration[60/111] CoEN(qR=0.41,qN=0.40) Loss: 7.508, Acc: 0.674,Acc1: 0.911,Acc2: 0.777, Base Lr: 6.35e-03,biloss:0.001,icloss:0.204,loss1:1.583, loss2:3.085, loss3:2.038, ploss:0.000,palign:0.000,total_loss:6.912,fceloss:0.0000
2026-06-11 16:05:13,747 transreid.image_train INFO: Epoch[45] Iteration[80/111] CoEN(qR=0.41,qN=0.37) Loss: 7.425, Acc: 0.682,Acc1: 0.907,Acc2: 0.778, Base Lr: 6.35e-03,biloss:0.001,icloss:0.210,loss1:1.788, loss2:2.996, loss3:2.309, ploss:0.000,palign:0.000,total_loss:7.305,fceloss:0.0000
2026-06-11 16:05:17,089 transreid.image_train INFO: Epoch[45] Iteration[100/111] CoEN(qR=0.41,qN=0.41) Loss: 7.247, Acc: 0.711,Acc1: 0.916,Acc2: 0.789, Base Lr: 6.35e-03,biloss:0.001,icloss:0.242,loss1:1.213, loss2:2.938, loss3:1.735, ploss:0.000,palign:0.000,total_loss:6.129,fceloss:0.0000
2026-06-11 16:05:18,701 transreid.image_train INFO: Epoch 45 done. Time per batch: 12.242[s] Speed: 2.6[samples/s]
2026-06-11 16:05:28,395 transreid.image_train INFO: Validation Results - Epoch: 45
2026-06-11 16:05:28,396 transreid.image_train INFO: mAP: 66.3%
2026-06-11 16:05:28,396 transreid.image_train INFO: CMC curve, Rank-1  :73.8%
2026-06-11 16:05:28,396 transreid.image_train INFO: CMC curve, Rank-5  :79.2%
2026-06-11 16:05:28,396 transreid.image_train INFO: CMC curve, Rank-10 :82.4%
2026-06-11 16:05:28,396 transreid.image_train INFO: Best mAP: 66.8%
2026-06-11 16:05:28,396 transreid.image_train INFO: Best Rank-1: 74.2%
2026-06-11 16:05:28,396 transreid.image_train INFO: Best Rank-5: 78.6%
2026-06-11 16:05:28,396 transreid.image_train INFO: Best Rank-10: 81.3%
2026-06-11 16:05:32,865 transreid.image_train INFO: Epoch[46] Iteration[20/111] CoEN(qR=0.42,qN=0.38) Loss: 7.366, Acc: 0.728,Acc1: 0.938,Acc2: 0.812, Base Lr: 6.29e-03,biloss:0.001,icloss:0.264,loss1:1.034, loss2:2.737, loss3:1.516, ploss:0.000,palign:0.000,total_loss:5.552,fceloss:0.0000
2026-06-11 16:05:36,149 transreid.image_train INFO: Epoch[46] Iteration[40/111] CoEN(qR=0.44,qN=0.39) Loss: 7.310, Acc: 0.696,Acc1: 0.930,Acc2: 0.816, Base Lr: 6.29e-03,biloss:0.001,icloss:0.203,loss1:2.121, loss2:3.182, loss3:2.687, ploss:0.000,palign:0.000,total_loss:8.195,fceloss:0.0000
2026-06-11 16:05:39,440 transreid.image_train INFO: Epoch[46] Iteration[60/111] CoEN(qR=0.44,qN=0.40) Loss: 7.268, Acc: 0.708,Acc1: 0.921,Acc2: 0.798, Base Lr: 6.29e-03,biloss:0.002,icloss:0.195,loss1:1.749, loss2:3.146, loss3:2.307, ploss:0.000,palign:0.000,total_loss:7.398,fceloss:0.0000
2026-06-11 16:05:42,691 transreid.image_train INFO: Epoch[46] Iteration[80/111] CoEN(qR=0.46,qN=0.41) Loss: 7.191, Acc: 0.722,Acc1: 0.921,Acc2: 0.811, Base Lr: 6.29e-03,biloss:0.001,icloss:0.245,loss1:1.335, loss2:2.958, loss3:1.663, ploss:0.000,palign:0.000,total_loss:6.202,fceloss:0.0000
2026-06-11 16:05:45,952 transreid.image_train INFO: Epoch[46] Iteration[100/111] CoEN(qR=0.49,qN=0.45) Loss: 7.078, Acc: 0.736,Acc1: 0.924,Acc2: 0.812, Base Lr: 6.29e-03,biloss:0.001,icloss:0.241,loss1:1.542, loss2:3.181, loss3:1.979, ploss:0.000,palign:0.000,total_loss:6.945,fceloss:0.0000
2026-06-11 16:05:47,494 transreid.image_train INFO: Epoch 46 done. Time per batch: 12.507[s] Speed: 2.6[samples/s]
2026-06-11 16:05:57,358 transreid.image_train INFO: Validation Results - Epoch: 46
2026-06-11 16:05:57,358 transreid.image_train INFO: mAP: 65.8%
2026-06-11 16:05:57,358 transreid.image_train INFO: CMC curve, Rank-1  :73.5%
2026-06-11 16:05:57,358 transreid.image_train INFO: CMC curve, Rank-5  :79.4%
2026-06-11 16:05:57,358 transreid.image_train INFO: CMC curve, Rank-10 :81.1%
2026-06-11 16:05:57,358 transreid.image_train INFO: Best mAP: 66.8%
2026-06-11 16:05:57,358 transreid.image_train INFO: Best Rank-1: 74.2%
2026-06-11 16:05:57,358 transreid.image_train INFO: Best Rank-5: 78.6%
2026-06-11 16:05:57,358 transreid.image_train INFO: Best Rank-10: 81.3%
2026-06-11 16:06:01,637 transreid.image_train INFO: Epoch[47] Iteration[20/111] CoEN(qR=0.46,qN=0.43) Loss: 7.446, Acc: 0.686,Acc1: 0.942,Acc2: 0.797, Base Lr: 6.22e-03,biloss:0.002,icloss:0.195,loss1:1.862, loss2:3.282, loss3:2.284, ploss:0.000,palign:0.000,total_loss:7.625,fceloss:0.0000
2026-06-11 16:06:04,973 transreid.image_train INFO: Epoch[47] Iteration[40/111] CoEN(qR=0.44,qN=0.39) Loss: 7.333, Acc: 0.700,Acc1: 0.934,Acc2: 0.834, Base Lr: 6.22e-03,biloss:0.002,icloss:0.204,loss1:1.937, loss2:3.169, loss3:2.640, ploss:0.000,palign:0.000,total_loss:7.952,fceloss:0.0000
2026-06-11 16:06:08,326 transreid.image_train INFO: Epoch[47] Iteration[60/111] CoEN(qR=0.43,qN=0.39) Loss: 7.259, Acc: 0.709,Acc1: 0.931,Acc2: 0.833, Base Lr: 6.22e-03,biloss:0.001,icloss:0.195,loss1:1.733, loss2:3.115, loss3:2.013, ploss:0.000,palign:0.000,total_loss:7.056,fceloss:0.0000
2026-06-11 16:06:11,680 transreid.image_train INFO: Epoch[47] Iteration[80/111] CoEN(qR=0.46,qN=0.43) Loss: 7.170, Acc: 0.725,Acc1: 0.927,Acc2: 0.830, Base Lr: 6.22e-03,biloss:0.002,icloss:0.200,loss1:1.855, loss2:3.262, loss3:2.249, ploss:0.000,palign:0.000,total_loss:7.568,fceloss:0.0000
2026-06-11 16:06:14,991 transreid.image_train INFO: Epoch[47] Iteration[100/111] CoEN(qR=0.46,qN=0.42) Loss: 6.979, Acc: 0.753,Acc1: 0.933,Acc2: 0.837, Base Lr: 6.22e-03,biloss:0.001,icloss:0.269,loss1:1.326, loss2:2.993, loss3:1.917, ploss:0.000,palign:0.000,total_loss:6.506,fceloss:0.0000
2026-06-11 16:06:16,799 transreid.image_train INFO: Epoch 47 done. Time per batch: 12.659[s] Speed: 2.5[samples/s]
2026-06-11 16:06:26,385 transreid.image_train INFO: Validation Results - Epoch: 47
2026-06-11 16:06:26,385 transreid.image_train INFO: mAP: 66.3%
2026-06-11 16:06:26,386 transreid.image_train INFO: CMC curve, Rank-1  :73.7%
2026-06-11 16:06:26,386 transreid.image_train INFO: CMC curve, Rank-5  :78.6%
2026-06-11 16:06:26,386 transreid.image_train INFO: CMC curve, Rank-10 :81.3%
2026-06-11 16:06:26,386 transreid.image_train INFO: Best mAP: 66.8%
2026-06-11 16:06:26,386 transreid.image_train INFO: Best Rank-1: 74.2%
2026-06-11 16:06:26,386 transreid.image_train INFO: Best Rank-5: 78.6%
2026-06-11 16:06:26,386 transreid.image_train INFO: Best Rank-10: 81.3%
2026-06-11 16:06:30,832 transreid.image_train INFO: Epoch[48] Iteration[20/111] CoEN(qR=0.41,qN=0.40) Loss: 7.402, Acc: 0.672,Acc1: 0.928,Acc2: 0.767, Base Lr: 6.15e-03,biloss:0.002,icloss:0.207,loss1:1.654, loss2:3.095, loss3:2.488, ploss:0.000,palign:0.000,total_loss:7.446,fceloss:0.0000
2026-06-11 16:06:34,132 transreid.image_train INFO: Epoch[48] Iteration[40/111] CoEN(qR=0.41,qN=0.39) Loss: 7.161, Acc: 0.716,Acc1: 0.934,Acc2: 0.812, Base Lr: 6.15e-03,biloss:0.001,icloss:0.278,loss1:1.180, loss2:2.817, loss3:1.815, ploss:0.000,palign:0.000,total_loss:6.092,fceloss:0.0000
2026-06-11 16:06:37,442 transreid.image_train INFO: Epoch[48] Iteration[60/111] CoEN(qR=0.53,qN=0.47) Loss: 7.132, Acc: 0.746,Acc1: 0.936,Acc2: 0.842, Base Lr: 6.15e-03,biloss:0.002,icloss:0.220,loss1:1.950, loss2:3.356, loss3:2.098, ploss:0.000,palign:0.000,total_loss:7.627,fceloss:0.0000
2026-06-11 16:06:40,777 transreid.image_train INFO: Epoch[48] Iteration[80/111] CoEN(qR=0.39,qN=0.37) Loss: 6.999, Acc: 0.761,Acc1: 0.939,Acc2: 0.845, Base Lr: 6.15e-03,biloss:0.001,icloss:0.226,loss1:1.090, loss2:2.832, loss3:1.440, ploss:0.000,palign:0.000,total_loss:5.590,fceloss:0.0000
2026-06-11 16:06:44,063 transreid.image_train INFO: Epoch[48] Iteration[100/111] CoEN(qR=0.44,qN=0.42) Loss: 6.828, Acc: 0.781,Acc1: 0.940,Acc2: 0.850, Base Lr: 6.15e-03,biloss:0.001,icloss:0.255,loss1:1.162, loss2:2.959, loss3:1.561, ploss:0.000,palign:0.000,total_loss:5.939,fceloss:0.0000
2026-06-11 16:06:45,678 transreid.image_train INFO: Epoch 48 done. Time per batch: 13.040[s] Speed: 2.5[samples/s]
2026-06-11 16:06:55,503 transreid.image_train INFO: Validation Results - Epoch: 48
2026-06-11 16:06:55,503 transreid.image_train INFO: mAP: 66.3%
2026-06-11 16:06:55,503 transreid.image_train INFO: CMC curve, Rank-1  :73.0%
2026-06-11 16:06:55,503 transreid.image_train INFO: CMC curve, Rank-5  :79.0%
2026-06-11 16:06:55,503 transreid.image_train INFO: CMC curve, Rank-10 :81.1%
2026-06-11 16:06:55,503 transreid.image_train INFO: Best mAP: 66.8%
2026-06-11 16:06:55,504 transreid.image_train INFO: Best Rank-1: 74.2%
2026-06-11 16:06:55,504 transreid.image_train INFO: Best Rank-5: 78.6%
2026-06-11 16:06:55,504 transreid.image_train INFO: Best Rank-10: 81.3%
2026-06-11 16:06:59,834 transreid.image_train INFO: Epoch[49] Iteration[20/111] CoEN(qR=0.43,qN=0.43) Loss: 7.160, Acc: 0.752,Acc1: 0.944,Acc2: 0.858, Base Lr: 6.08e-03,biloss:0.001,icloss:0.204,loss1:1.988, loss2:3.306, loss3:2.415, ploss:0.000,palign:0.000,total_loss:7.914,fceloss:0.0000
2026-06-11 16:07:03,135 transreid.image_train INFO: Epoch[49] Iteration[40/111] CoEN(qR=0.43,qN=0.40) Loss: 6.994, Acc: 0.759,Acc1: 0.933,Acc2: 0.858, Base Lr: 6.08e-03,biloss:0.002,icloss:0.233,loss1:1.406, loss2:3.027, loss3:1.906, ploss:0.000,palign:0.000,total_loss:6.573,fceloss:0.0000
2026-06-11 16:07:06,425 transreid.image_train INFO: Epoch[49] Iteration[60/111] CoEN(qR=0.43,qN=0.39) Loss: 6.983, Acc: 0.781,Acc1: 0.945,Acc2: 0.874, Base Lr: 6.08e-03,biloss:0.001,icloss:0.236,loss1:1.372, loss2:2.953, loss3:1.977, ploss:0.000,palign:0.000,total_loss:6.539,fceloss:0.0000
2026-06-11 16:07:09,698 transreid.image_train INFO: Epoch[49] Iteration[80/111] CoEN(qR=0.42,qN=0.39) Loss: 6.924, Acc: 0.788,Acc1: 0.942,Acc2: 0.865, Base Lr: 6.08e-03,biloss:0.001,icloss:0.221,loss1:1.369, loss2:2.981, loss3:1.855, ploss:0.000,palign:0.000,total_loss:6.426,fceloss:0.0000
2026-06-11 16:07:12,962 transreid.image_train INFO: Epoch[49] Iteration[100/111] CoEN(qR=0.41,qN=0.40) Loss: 6.771, Acc: 0.802,Acc1: 0.946,Acc2: 0.866, Base Lr: 6.08e-03,biloss:0.001,icloss:0.254,loss1:1.251, loss2:2.881, loss3:1.551, ploss:0.000,palign:0.000,total_loss:5.938,fceloss:0.0000
2026-06-11 16:07:14,521 transreid.image_train INFO: Epoch 49 done. Time per batch: 13.305[s] Speed: 2.4[samples/s]
2026-06-11 16:07:24,151 transreid.image_train INFO: Validation Results - Epoch: 49
2026-06-11 16:07:24,151 transreid.image_train INFO: mAP: 66.1%
2026-06-11 16:07:24,151 transreid.image_train INFO: CMC curve, Rank-1  :73.8%
2026-06-11 16:07:24,151 transreid.image_train INFO: CMC curve, Rank-5  :78.5%
2026-06-11 16:07:24,151 transreid.image_train INFO: CMC curve, Rank-10 :81.0%
2026-06-11 16:07:24,151 transreid.image_train INFO: Best mAP: 66.8%
2026-06-11 16:07:24,151 transreid.image_train INFO: Best Rank-1: 74.2%
2026-06-11 16:07:24,151 transreid.image_train INFO: Best Rank-5: 78.6%
2026-06-11 16:07:24,151 transreid.image_train INFO: Best Rank-10: 81.3%
2026-06-11 16:07:28,660 transreid.image_train INFO: Epoch[50] Iteration[20/111] CoEN(qR=0.46,qN=0.41) Loss: 7.030, Acc: 0.750,Acc1: 0.961,Acc2: 0.869, Base Lr: 6.00e-03,biloss:0.001,icloss:0.251,loss1:1.177, loss2:2.921, loss3:1.429, ploss:0.000,palign:0.000,total_loss:5.778,fceloss:0.0000
2026-06-11 16:07:31,993 transreid.image_train INFO: Epoch[50] Iteration[40/111] CoEN(qR=0.42,qN=0.39) Loss: 6.881, Acc: 0.797,Acc1: 0.968,Acc2: 0.884, Base Lr: 6.00e-03,biloss:0.001,icloss:0.240,loss1:1.330, loss2:2.908, loss3:1.591, ploss:0.000,palign:0.000,total_loss:6.070,fceloss:0.0000
2026-06-11 16:07:35,306 transreid.image_train INFO: Epoch[50] Iteration[60/111] CoEN(qR=0.43,qN=0.40) Loss: 6.886, Acc: 0.793,Acc1: 0.966,Acc2: 0.877, Base Lr: 6.00e-03,biloss:0.002,icloss:0.215,loss1:2.240, loss2:3.642, loss3:2.843, ploss:0.000,palign:0.000,total_loss:8.942,fceloss:0.0000
2026-06-11 16:07:38,622 transreid.image_train INFO: Epoch[50] Iteration[80/111] CoEN(qR=0.42,qN=0.41) Loss: 6.756, Acc: 0.804,Acc1: 0.958,Acc2: 0.878, Base Lr: 6.00e-03,biloss:0.001,icloss:0.221,loss1:1.378, loss2:3.058, loss3:1.625, ploss:0.000,palign:0.000,total_loss:6.284,fceloss:0.0000
2026-06-11 16:07:41,926 transreid.image_train INFO: Epoch[50] Iteration[100/111] CoEN(qR=0.40,qN=0.37) Loss: 6.666, Acc: 0.816,Acc1: 0.953,Acc2: 0.875, Base Lr: 6.00e-03,biloss:0.001,icloss:0.263,loss1:0.951, loss2:2.699, loss3:1.406, ploss:0.000,palign:0.000,total_loss:5.320,fceloss:0.0000
2026-06-11 16:07:43,511 transreid.image_train INFO: Epoch 50 done. Time per batch: 13.571[s] Speed: 2.4[samples/s]
2026-06-11 16:07:53,238 transreid.image_train INFO: Validation Results - Epoch: 50
2026-06-11 16:07:53,239 transreid.image_train INFO: mAP: 66.7%
2026-06-11 16:07:53,239 transreid.image_train INFO: CMC curve, Rank-1  :73.3%
2026-06-11 16:07:53,239 transreid.image_train INFO: CMC curve, Rank-5  :78.6%
2026-06-11 16:07:53,239 transreid.image_train INFO: CMC curve, Rank-10 :81.9%
2026-06-11 16:07:53,239 transreid.image_train INFO: Best mAP: 66.8%
2026-06-11 16:07:53,239 transreid.image_train INFO: Best Rank-1: 74.2%
2026-06-11 16:07:53,239 transreid.image_train INFO: Best Rank-5: 78.6%
2026-06-11 16:07:53,239 transreid.image_train INFO: Best Rank-10: 81.3%
2026-06-11 16:07:57,742 transreid.image_train INFO: Epoch[51] Iteration[20/111] CoEN(qR=0.46,qN=0.42) Loss: 7.030, Acc: 0.772,Acc1: 0.966,Acc2: 0.861, Base Lr: 5.93e-03,biloss:0.002,icloss:0.204,loss1:1.932, loss2:3.241, loss3:2.187, ploss:0.000,palign:0.000,total_loss:7.565,fceloss:0.0000
2026-06-11 16:08:00,993 transreid.image_train INFO: Epoch[51] Iteration[40/111] CoEN(qR=0.45,qN=0.41) Loss: 6.942, Acc: 0.796,Acc1: 0.963,Acc2: 0.870, Base Lr: 5.93e-03,biloss:0.002,icloss:0.205,loss1:1.871, loss2:3.239, loss3:2.137, ploss:0.000,palign:0.000,total_loss:7.454,fceloss:0.0000
2026-06-11 16:08:04,227 transreid.image_train INFO: Epoch[51] Iteration[60/111] CoEN(qR=0.44,qN=0.40) Loss: 6.806, Acc: 0.806,Acc1: 0.960,Acc2: 0.873, Base Lr: 5.93e-03,biloss:0.001,icloss:0.244,loss1:1.049, loss2:2.926, loss3:1.820, ploss:0.000,palign:0.000,total_loss:6.039,fceloss:0.0000
2026-06-11 16:08:07,473 transreid.image_train INFO: Epoch[51] Iteration[80/111] CoEN(qR=0.38,qN=0.35) Loss: 6.697, Acc: 0.821,Acc1: 0.958,Acc2: 0.875, Base Lr: 5.93e-03,biloss:0.001,icloss:0.215,loss1:1.248, loss2:2.845, loss3:1.973, ploss:0.000,palign:0.000,total_loss:6.282,fceloss:0.0000
2026-06-11 16:08:10,705 transreid.image_train INFO: Epoch[51] Iteration[100/111] CoEN(qR=0.43,qN=0.39) Loss: 6.549, Acc: 0.835,Acc1: 0.957,Acc2: 0.882, Base Lr: 5.93e-03,biloss:0.001,icloss:0.244,loss1:1.173, loss2:2.890, loss3:1.478, ploss:0.000,palign:0.000,total_loss:5.786,fceloss:0.0000
2026-06-11 16:08:12,278 transreid.image_train INFO: Epoch 51 done. Time per batch: 13.835[s] Speed: 2.3[samples/s]
2026-06-11 16:08:22,002 transreid.image_train INFO: Validation Results - Epoch: 51
2026-06-11 16:08:22,002 transreid.image_train INFO: mAP: 66.4%
2026-06-11 16:08:22,002 transreid.image_train INFO: CMC curve, Rank-1  :73.3%
2026-06-11 16:08:22,002 transreid.image_train INFO: CMC curve, Rank-5  :78.1%
2026-06-11 16:08:22,002 transreid.image_train INFO: CMC curve, Rank-10 :81.0%
2026-06-11 16:08:22,002 transreid.image_train INFO: Best mAP: 66.8%
2026-06-11 16:08:22,002 transreid.image_train INFO: Best Rank-1: 74.2%
2026-06-11 16:08:22,002 transreid.image_train INFO: Best Rank-5: 78.6%
2026-06-11 16:08:22,002 transreid.image_train INFO: Best Rank-10: 81.3%
2026-06-11 16:08:26,587 transreid.image_train INFO: Epoch[52] Iteration[20/111] CoEN(qR=0.48,qN=0.45) Loss: 6.877, Acc: 0.795,Acc1: 0.964,Acc2: 0.884, Base Lr: 5.86e-03,biloss:0.002,icloss:0.254,loss1:1.622, loss2:3.184, loss3:2.717, ploss:0.000,palign:0.000,total_loss:7.778,fceloss:0.0000
2026-06-11 16:08:29,941 transreid.image_train INFO: Epoch[52] Iteration[40/111] CoEN(qR=0.44,qN=0.41) Loss: 6.774, Acc: 0.794,Acc1: 0.952,Acc2: 0.863, Base Lr: 5.86e-03,biloss:0.001,icloss:0.206,loss1:1.776, loss2:3.210, loss3:2.399, ploss:0.000,palign:0.000,total_loss:7.593,fceloss:0.0000
2026-06-11 16:08:33,256 transreid.image_train INFO: Epoch[52] Iteration[60/111] CoEN(qR=0.47,qN=0.45) Loss: 6.696, Acc: 0.817,Acc1: 0.951,Acc2: 0.879, Base Lr: 5.86e-03,biloss:0.001,icloss:0.251,loss1:1.558, loss2:3.217, loss3:1.854, ploss:0.000,palign:0.000,total_loss:6.881,fceloss:0.0000
2026-06-11 16:08:36,597 transreid.image_train INFO: Epoch[52] Iteration[80/111] CoEN(qR=0.40,qN=0.39) Loss: 6.615, Acc: 0.829,Acc1: 0.956,Acc2: 0.887, Base Lr: 5.86e-03,biloss:0.001,icloss:0.235,loss1:1.200, loss2:2.904, loss3:1.642, ploss:0.000,palign:0.000,total_loss:5.982,fceloss:0.0000
2026-06-11 16:08:39,904 transreid.image_train INFO: Epoch[52] Iteration[100/111] CoEN(qR=0.40,qN=0.37) Loss: 6.455, Acc: 0.845,Acc1: 0.958,Acc2: 0.892, Base Lr: 5.86e-03,biloss:0.001,icloss:0.288,loss1:0.803, loss2:2.621, loss3:1.610, ploss:0.000,palign:0.000,total_loss:5.323,fceloss:0.0000
2026-06-11 16:08:41,338 transreid.image_train INFO: Epoch 52 done. Time per batch: 14.232[s] Speed: 2.2[samples/s]
2026-06-11 16:08:51,194 transreid.image_train INFO: Validation Results - Epoch: 52
2026-06-11 16:08:51,194 transreid.image_train INFO: mAP: 66.6%
2026-06-11 16:08:51,194 transreid.image_train INFO: CMC curve, Rank-1  :73.8%
2026-06-11 16:08:51,194 transreid.image_train INFO: CMC curve, Rank-5  :79.2%
2026-06-11 16:08:51,194 transreid.image_train INFO: CMC curve, Rank-10 :81.0%
2026-06-11 16:08:51,194 transreid.image_train INFO: Best mAP: 66.8%
2026-06-11 16:08:51,194 transreid.image_train INFO: Best Rank-1: 74.2%
2026-06-11 16:08:51,194 transreid.image_train INFO: Best Rank-5: 78.6%
2026-06-11 16:08:51,194 transreid.image_train INFO: Best Rank-10: 81.3%
2026-06-11 16:08:55,640 transreid.image_train INFO: Epoch[53] Iteration[20/111] CoEN(qR=0.54,qN=0.47) Loss: 6.733, Acc: 0.828,Acc1: 0.961,Acc2: 0.905, Base Lr: 5.78e-03,biloss:0.002,icloss:0.239,loss1:1.789, loss2:3.340, loss3:1.848, ploss:0.000,palign:0.000,total_loss:7.218,fceloss:0.0000
2026-06-11 16:08:59,082 transreid.image_train INFO: Epoch[53] Iteration[40/111] CoEN(qR=0.43,qN=0.40) Loss: 6.687, Acc: 0.816,Acc1: 0.955,Acc2: 0.892, Base Lr: 5.78e-03,biloss:0.001,icloss:0.254,loss1:1.366, loss2:2.936, loss3:1.637, ploss:0.000,palign:0.000,total_loss:6.194,fceloss:0.0000
2026-06-11 16:09:02,437 transreid.image_train INFO: Epoch[53] Iteration[60/111] CoEN(qR=0.48,qN=0.46) Loss: 6.587, Acc: 0.835,Acc1: 0.959,Acc2: 0.892, Base Lr: 5.78e-03,biloss:0.001,icloss:0.258,loss1:1.265, loss2:3.161, loss3:1.791, ploss:0.000,palign:0.000,total_loss:6.476,fceloss:0.0000
2026-06-11 16:09:05,779 transreid.image_train INFO: Epoch[53] Iteration[80/111] CoEN(qR=0.42,qN=0.41) Loss: 6.497, Acc: 0.848,Acc1: 0.962,Acc2: 0.896, Base Lr: 5.78e-03,biloss:0.001,icloss:0.258,loss1:1.103, loss2:2.897, loss3:1.528, ploss:0.000,palign:0.000,total_loss:5.786,fceloss:0.0000
2026-06-11 16:09:09,097 transreid.image_train INFO: Epoch[53] Iteration[100/111] CoEN(qR=0.44,qN=0.41) Loss: 6.361, Acc: 0.863,Acc1: 0.964,Acc2: 0.902, Base Lr: 5.78e-03,biloss:0.001,icloss:0.301,loss1:0.792, loss2:2.777, loss3:1.175, ploss:0.000,palign:0.000,total_loss:5.047,fceloss:0.0000
2026-06-11 16:09:10,704 transreid.image_train INFO: Epoch 53 done. Time per batch: 14.371[s] Speed: 2.2[samples/s]
2026-06-11 16:09:20,471 transreid.image_train INFO: Validation Results - Epoch: 53
2026-06-11 16:09:20,472 transreid.image_train INFO: mAP: 67.2%
2026-06-11 16:09:20,472 transreid.image_train INFO: CMC curve, Rank-1  :74.9%
2026-06-11 16:09:20,472 transreid.image_train INFO: CMC curve, Rank-5  :78.6%
2026-06-11 16:09:20,472 transreid.image_train INFO: CMC curve, Rank-10 :81.1%
2026-06-11 16:09:21,373 transreid.image_train INFO: Best mAP: 67.2%
2026-06-11 16:09:21,373 transreid.image_train INFO: Best Rank-1: 74.9%
2026-06-11 16:09:21,373 transreid.image_train INFO: Best Rank-5: 78.6%
2026-06-11 16:09:21,373 transreid.image_train INFO: Best Rank-10: 81.1%
2026-06-11 16:09:25,784 transreid.image_train INFO: Epoch[54] Iteration[20/111] CoEN(qR=0.46,qN=0.43) Loss: 6.598, Acc: 0.814,Acc1: 0.967,Acc2: 0.906, Base Lr: 5.71e-03,biloss:0.001,icloss:0.228,loss1:1.456, loss2:3.142, loss3:1.749, ploss:0.000,palign:0.000,total_loss:6.577,fceloss:0.0000
2026-06-11 16:09:29,019 transreid.image_train INFO: Epoch[54] Iteration[40/111] CoEN(qR=0.45,qN=0.43) Loss: 6.590, Acc: 0.819,Acc1: 0.968,Acc2: 0.915, Base Lr: 5.71e-03,biloss:0.001,icloss:0.256,loss1:1.271, loss2:2.977, loss3:1.590, ploss:0.000,palign:0.000,total_loss:6.095,fceloss:0.0000
2026-06-11 16:09:32,275 transreid.image_train INFO: Epoch[54] Iteration[60/111] CoEN(qR=0.48,qN=0.45) Loss: 6.546, Acc: 0.829,Acc1: 0.964,Acc2: 0.899, Base Lr: 5.71e-03,biloss:0.001,icloss:0.259,loss1:1.251, loss2:3.123, loss3:1.788, ploss:0.000,palign:0.000,total_loss:6.422,fceloss:0.0000
2026-06-11 16:09:35,545 transreid.image_train INFO: Epoch[54] Iteration[80/111] CoEN(qR=0.45,qN=0.42) Loss: 6.420, Acc: 0.864,Acc1: 0.972,Acc2: 0.906, Base Lr: 5.71e-03,biloss:0.001,icloss:0.245,loss1:1.117, loss2:3.008, loss3:1.633, ploss:0.000,palign:0.000,total_loss:6.005,fceloss:0.0000
2026-06-11 16:09:38,877 transreid.image_train INFO: Epoch[54] Iteration[100/111] CoEN(qR=0.39,qN=0.39) Loss: 6.258, Acc: 0.878,Acc1: 0.971,Acc2: 0.904, Base Lr: 5.71e-03,biloss:0.001,icloss:0.269,loss1:0.834, loss2:2.726, loss3:1.463, ploss:0.000,palign:0.000,total_loss:5.293,fceloss:0.0000
2026-06-11 16:09:40,501 transreid.image_train INFO: Epoch 54 done. Time per batch: 14.644[s] Speed: 2.2[samples/s]
2026-06-11 16:09:50,155 transreid.image_train INFO: Validation Results - Epoch: 54
2026-06-11 16:09:50,155 transreid.image_train INFO: mAP: 66.8%
2026-06-11 16:09:50,155 transreid.image_train INFO: CMC curve, Rank-1  :74.0%
2026-06-11 16:09:50,155 transreid.image_train INFO: CMC curve, Rank-5  :78.8%
2026-06-11 16:09:50,155 transreid.image_train INFO: CMC curve, Rank-10 :81.1%
2026-06-11 16:09:50,155 transreid.image_train INFO: Best mAP: 67.2%
2026-06-11 16:09:50,155 transreid.image_train INFO: Best Rank-1: 74.9%
2026-06-11 16:09:50,155 transreid.image_train INFO: Best Rank-5: 78.6%
2026-06-11 16:09:50,156 transreid.image_train INFO: Best Rank-10: 81.1%
2026-06-11 16:09:54,615 transreid.image_train INFO: Epoch[55] Iteration[20/111] CoEN(qR=0.38,qN=0.37) Loss: 6.574, Acc: 0.823,Acc1: 0.969,Acc2: 0.942, Base Lr: 5.63e-03,biloss:0.001,icloss:0.240,loss1:1.008, loss2:2.798, loss3:1.340, ploss:0.000,palign:0.000,total_loss:5.387,fceloss:0.0000
2026-06-11 16:09:57,874 transreid.image_train INFO: Epoch[55] Iteration[40/111] CoEN(qR=0.40,qN=0.37) Loss: 6.522, Acc: 0.849,Acc1: 0.972,Acc2: 0.919, Base Lr: 5.63e-03,biloss:0.001,icloss:0.267,loss1:1.063, loss2:2.770, loss3:2.383, ploss:0.000,palign:0.000,total_loss:6.483,fceloss:0.0000
2026-06-11 16:10:01,177 transreid.image_train INFO: Epoch[55] Iteration[60/111] CoEN(qR=0.41,qN=0.37) Loss: 6.397, Acc: 0.865,Acc1: 0.968,Acc2: 0.911, Base Lr: 5.63e-03,biloss:0.001,icloss:0.265,loss1:1.196, loss2:2.798, loss3:1.538, ploss:0.000,palign:0.000,total_loss:5.799,fceloss:0.0000
2026-06-11 16:10:04,480 transreid.image_train INFO: Epoch[55] Iteration[80/111] CoEN(qR=0.48,qN=0.43) Loss: 6.322, Acc: 0.871,Acc1: 0.963,Acc2: 0.912, Base Lr: 5.63e-03,biloss:0.001,icloss:0.239,loss1:1.737, loss2:3.205, loss3:1.956, ploss:0.000,palign:0.000,total_loss:7.138,fceloss:0.0000
2026-06-11 16:10:07,808 transreid.image_train INFO: Epoch[55] Iteration[100/111] CoEN(qR=0.42,qN=0.41) Loss: 6.183, Acc: 0.888,Acc1: 0.969,Acc2: 0.918, Base Lr: 5.63e-03,biloss:0.001,icloss:0.314,loss1:0.904, loss2:2.758, loss3:1.240, ploss:0.000,palign:0.000,total_loss:5.217,fceloss:0.0000
2026-06-11 16:10:09,435 transreid.image_train INFO: Epoch 55 done. Time per batch: 14.910[s] Speed: 2.1[samples/s]
2026-06-11 16:10:19,393 transreid.image_train INFO: Validation Results - Epoch: 55
2026-06-11 16:10:19,393 transreid.image_train INFO: mAP: 67.2%
2026-06-11 16:10:19,393 transreid.image_train INFO: CMC curve, Rank-1  :74.6%
2026-06-11 16:10:19,393 transreid.image_train INFO: CMC curve, Rank-5  :79.0%
2026-06-11 16:10:19,393 transreid.image_train INFO: CMC curve, Rank-10 :81.3%
2026-06-11 16:10:19,393 transreid.image_train INFO: Best mAP: 67.2%
2026-06-11 16:10:19,393 transreid.image_train INFO: Best Rank-1: 74.9%
2026-06-11 16:10:19,393 transreid.image_train INFO: Best Rank-5: 78.6%
2026-06-11 16:10:19,393 transreid.image_train INFO: Best Rank-10: 81.1%
2026-06-11 16:10:23,757 transreid.image_train INFO: Epoch[56] Iteration[20/111] CoEN(qR=0.44,qN=0.40) Loss: 6.386, Acc: 0.913,Acc1: 0.973,Acc2: 0.895, Base Lr: 5.55e-03,biloss:0.001,icloss:0.257,loss1:1.611, loss2:3.031, loss3:1.940, ploss:0.000,palign:0.000,total_loss:6.841,fceloss:0.0000
2026-06-11 16:10:27,082 transreid.image_train INFO: Epoch[56] Iteration[40/111] CoEN(qR=0.45,qN=0.42) Loss: 6.297, Acc: 0.901,Acc1: 0.975,Acc2: 0.900, Base Lr: 5.55e-03,biloss:0.001,icloss:0.265,loss1:1.096, loss2:2.914, loss3:1.348, ploss:0.000,palign:0.000,total_loss:5.624,fceloss:0.0000
2026-06-11 16:10:30,388 transreid.image_train INFO: Epoch[56] Iteration[60/111] CoEN(qR=0.49,qN=0.45) Loss: 6.271, Acc: 0.889,Acc1: 0.971,Acc2: 0.914, Base Lr: 5.55e-03,biloss:0.001,icloss:0.317,loss1:1.019, loss2:2.921, loss3:1.512, ploss:0.000,palign:0.000,total_loss:5.771,fceloss:0.0000
2026-06-11 16:10:33,702 transreid.image_train INFO: Epoch[56] Iteration[80/111] CoEN(qR=0.41,qN=0.40) Loss: 6.215, Acc: 0.896,Acc1: 0.968,Acc2: 0.914, Base Lr: 5.55e-03,biloss:0.001,icloss:0.277,loss1:0.970, loss2:2.809, loss3:1.513, ploss:0.000,palign:0.000,total_loss:5.571,fceloss:0.0000
2026-06-11 16:10:37,057 transreid.image_train INFO: Epoch[56] Iteration[100/111] CoEN(qR=0.42,qN=0.39) Loss: 6.086, Acc: 0.904,Acc1: 0.970,Acc2: 0.914, Base Lr: 5.55e-03,biloss:0.001,icloss:0.284,loss1:0.923, loss2:2.775, loss3:1.633, ploss:0.000,palign:0.000,total_loss:5.615,fceloss:0.0000
2026-06-11 16:10:38,653 transreid.image_train INFO: Epoch 56 done. Time per batch: 15.178[s] Speed: 2.1[samples/s]
2026-06-11 16:10:48,290 transreid.image_train INFO: Validation Results - Epoch: 56
2026-06-11 16:10:48,290 transreid.image_train INFO: mAP: 66.8%
2026-06-11 16:10:48,291 transreid.image_train INFO: CMC curve, Rank-1  :73.3%
2026-06-11 16:10:48,291 transreid.image_train INFO: CMC curve, Rank-5  :78.8%
2026-06-11 16:10:48,291 transreid.image_train INFO: CMC curve, Rank-10 :81.1%
2026-06-11 16:10:48,291 transreid.image_train INFO: Best mAP: 67.2%
2026-06-11 16:10:48,291 transreid.image_train INFO: Best Rank-1: 74.9%
2026-06-11 16:10:48,291 transreid.image_train INFO: Best Rank-5: 78.6%
2026-06-11 16:10:48,291 transreid.image_train INFO: Best Rank-10: 81.1%
2026-06-11 16:10:52,791 transreid.image_train INFO: Epoch[57] Iteration[20/111] CoEN(qR=0.41,qN=0.41) Loss: 6.282, Acc: 0.889,Acc1: 0.972,Acc2: 0.922, Base Lr: 5.48e-03,biloss:0.001,icloss:0.262,loss1:1.247, loss2:2.964, loss3:1.483, ploss:0.000,palign:0.000,total_loss:5.957,fceloss:0.0000
2026-06-11 16:10:56,042 transreid.image_train INFO: Epoch[57] Iteration[40/111] CoEN(qR=0.44,qN=0.41) Loss: 6.245, Acc: 0.894,Acc1: 0.968,Acc2: 0.908, Base Lr: 5.48e-03,biloss:0.001,icloss:0.279,loss1:1.064, loss2:2.909, loss3:1.620, ploss:0.000,palign:0.000,total_loss:5.873,fceloss:0.0000
2026-06-11 16:10:59,286 transreid.image_train INFO: Epoch[57] Iteration[60/111] CoEN(qR=0.40,qN=0.37) Loss: 6.216, Acc: 0.886,Acc1: 0.965,Acc2: 0.901, Base Lr: 5.48e-03,biloss:0.001,icloss:0.246,loss1:1.126, loss2:2.776, loss3:1.700, ploss:0.000,palign:0.000,total_loss:5.849,fceloss:0.0000
2026-06-11 16:11:02,545 transreid.image_train INFO: Epoch[57] Iteration[80/111] CoEN(qR=0.40,qN=0.41) Loss: 6.113, Acc: 0.897,Acc1: 0.971,Acc2: 0.913, Base Lr: 5.48e-03,biloss:0.001,icloss:0.268,loss1:1.128, loss2:2.914, loss3:1.392, ploss:0.000,palign:0.000,total_loss:5.704,fceloss:0.0000
2026-06-11 16:11:05,762 transreid.image_train INFO: Epoch[57] Iteration[100/111] CoEN(qR=0.43,qN=0.40) Loss: 6.024, Acc: 0.903,Acc1: 0.972,Acc2: 0.917, Base Lr: 5.48e-03,biloss:0.001,icloss:0.281,loss1:0.790, loss2:2.721, loss3:1.208, ploss:0.000,palign:0.000,total_loss:5.001,fceloss:0.0000
2026-06-11 16:11:07,270 transreid.image_train INFO: Epoch 57 done. Time per batch: 15.440[s] Speed: 2.1[samples/s]
2026-06-11 16:11:16,984 transreid.image_train INFO: Validation Results - Epoch: 57
2026-06-11 16:11:16,985 transreid.image_train INFO: mAP: 67.3%
2026-06-11 16:11:16,985 transreid.image_train INFO: CMC curve, Rank-1  :74.4%
2026-06-11 16:11:16,985 transreid.image_train INFO: CMC curve, Rank-5  :79.2%
2026-06-11 16:11:16,985 transreid.image_train INFO: CMC curve, Rank-10 :81.3%
2026-06-11 16:11:18,879 transreid.image_train INFO: Best mAP: 67.3%
2026-06-11 16:11:18,879 transreid.image_train INFO: Best Rank-1: 74.4%
2026-06-11 16:11:18,879 transreid.image_train INFO: Best Rank-5: 79.2%
2026-06-11 16:11:18,879 transreid.image_train INFO: Best Rank-10: 81.3%
2026-06-11 16:11:23,517 transreid.image_train INFO: Epoch[58] Iteration[20/111] CoEN(qR=0.48,qN=0.45) Loss: 6.117, Acc: 0.945,Acc1: 0.986,Acc2: 0.934, Base Lr: 5.40e-03,biloss:0.001,icloss:0.261,loss1:1.512, loss2:3.181, loss3:1.695, ploss:0.000,palign:0.000,total_loss:6.651,fceloss:0.0000
2026-06-11 16:11:26,833 transreid.image_train INFO: Epoch[58] Iteration[40/111] CoEN(qR=0.48,qN=0.42) Loss: 6.100, Acc: 0.932,Acc1: 0.984,Acc2: 0.941, Base Lr: 5.40e-03,biloss:0.001,icloss:0.245,loss1:1.368, loss2:3.065, loss3:1.697, ploss:0.000,palign:0.000,total_loss:6.376,fceloss:0.0000
2026-06-11 16:11:30,132 transreid.image_train INFO: Epoch[58] Iteration[60/111] CoEN(qR=0.45,qN=0.43) Loss: 6.033, Acc: 0.924,Acc1: 0.979,Acc2: 0.945, Base Lr: 5.40e-03,biloss:0.001,icloss:0.258,loss1:1.580, loss2:3.090, loss3:1.748, ploss:0.000,palign:0.000,total_loss:6.678,fceloss:0.0000
2026-06-11 16:11:33,423 transreid.image_train INFO: Epoch[58] Iteration[80/111] CoEN(qR=0.46,qN=0.41) Loss: 6.034, Acc: 0.913,Acc1: 0.970,Acc2: 0.933, Base Lr: 5.40e-03,biloss:0.001,icloss:0.274,loss1:0.924, loss2:2.875, loss3:1.419, ploss:0.000,palign:0.000,total_loss:5.494,fceloss:0.0000
2026-06-11 16:11:36,718 transreid.image_train INFO: Epoch[58] Iteration[100/111] CoEN(qR=0.46,qN=0.45) Loss: 5.924, Acc: 0.920,Acc1: 0.972,Acc2: 0.927, Base Lr: 5.40e-03,biloss:0.001,icloss:0.308,loss1:1.135, loss2:2.970, loss3:1.623, ploss:0.000,palign:0.000,total_loss:6.038,fceloss:0.0000
2026-06-11 16:11:38,296 transreid.image_train INFO: Epoch 58 done. Time per batch: 15.725[s] Speed: 2.0[samples/s]
2026-06-11 16:11:48,036 transreid.image_train INFO: Validation Results - Epoch: 58
2026-06-11 16:11:48,037 transreid.image_train INFO: mAP: 66.3%
2026-06-11 16:11:48,037 transreid.image_train INFO: CMC curve, Rank-1  :73.5%
2026-06-11 16:11:48,037 transreid.image_train INFO: CMC curve, Rank-5  :78.3%
2026-06-11 16:11:48,037 transreid.image_train INFO: CMC curve, Rank-10 :81.0%
2026-06-11 16:11:48,037 transreid.image_train INFO: Best mAP: 67.3%
2026-06-11 16:11:48,037 transreid.image_train INFO: Best Rank-1: 74.4%
2026-06-11 16:11:48,037 transreid.image_train INFO: Best Rank-5: 79.2%
2026-06-11 16:11:48,037 transreid.image_train INFO: Best Rank-10: 81.3%
2026-06-11 16:11:52,298 transreid.image_train INFO: Epoch[59] Iteration[20/111] CoEN(qR=0.52,qN=0.45) Loss: 6.277, Acc: 0.909,Acc1: 0.978,Acc2: 0.955, Base Lr: 5.32e-03,biloss:0.001,icloss:0.242,loss1:1.485, loss2:3.195, loss3:1.523, ploss:0.000,palign:0.000,total_loss:6.447,fceloss:0.0000
2026-06-11 16:11:55,545 transreid.image_train INFO: Epoch[59] Iteration[40/111] CoEN(qR=0.49,qN=0.44) Loss: 6.211, Acc: 0.913,Acc1: 0.973,Acc2: 0.926, Base Lr: 5.32e-03,biloss:0.001,icloss:0.274,loss1:1.096, loss2:2.991, loss3:1.454, ploss:0.000,palign:0.000,total_loss:5.817,fceloss:0.0000
2026-06-11 16:11:58,797 transreid.image_train INFO: Epoch[59] Iteration[60/111] CoEN(qR=0.51,qN=0.44) Loss: 6.087, Acc: 0.918,Acc1: 0.974,Acc2: 0.922, Base Lr: 5.32e-03,biloss:0.001,icloss:0.281,loss1:1.423, loss2:3.070, loss3:1.790, ploss:0.000,palign:0.000,total_loss:6.566,fceloss:0.0000
2026-06-11 16:12:02,069 transreid.image_train INFO: Epoch[59] Iteration[80/111] CoEN(qR=0.42,qN=0.39) Loss: 5.988, Acc: 0.921,Acc1: 0.973,Acc2: 0.928, Base Lr: 5.32e-03,biloss:0.001,icloss:0.231,loss1:1.229, loss2:2.988, loss3:1.601, ploss:0.000,palign:0.000,total_loss:6.050,fceloss:0.0000
2026-06-11 16:12:05,289 transreid.image_train INFO: Epoch[59] Iteration[100/111] CoEN(qR=0.40,qN=0.38) Loss: 5.868, Acc: 0.933,Acc1: 0.977,Acc2: 0.929, Base Lr: 5.32e-03,biloss:0.001,icloss:0.281,loss1:0.989, loss2:2.766, loss3:1.561, ploss:0.000,palign:0.000,total_loss:5.599,fceloss:0.0000
2026-06-11 16:12:06,814 transreid.image_train INFO: Epoch 59 done. Time per batch: 15.987[s] Speed: 2.0[samples/s]
2026-06-11 16:12:16,475 transreid.image_train INFO: Validation Results - Epoch: 59
2026-06-11 16:12:16,476 transreid.image_train INFO: mAP: 66.8%
2026-06-11 16:12:16,476 transreid.image_train INFO: CMC curve, Rank-1  :73.0%
2026-06-11 16:12:16,476 transreid.image_train INFO: CMC curve, Rank-5  :78.5%
2026-06-11 16:12:16,476 transreid.image_train INFO: CMC curve, Rank-10 :81.1%
2026-06-11 16:12:16,476 transreid.image_train INFO: Best mAP: 67.3%
2026-06-11 16:12:16,476 transreid.image_train INFO: Best Rank-1: 74.4%
2026-06-11 16:12:16,476 transreid.image_train INFO: Best Rank-5: 79.2%
2026-06-11 16:12:16,476 transreid.image_train INFO: Best Rank-10: 81.3%
2026-06-11 16:12:21,003 transreid.image_train INFO: Epoch[60] Iteration[20/111] CoEN(qR=0.44,qN=0.43) Loss: 5.975, Acc: 0.950,Acc1: 0.983,Acc2: 0.955, Base Lr: 5.24e-03,biloss:0.001,icloss:0.240,loss1:1.211, loss2:3.091, loss3:1.449, ploss:0.000,palign:0.000,total_loss:5.992,fceloss:0.0000
2026-06-11 16:12:24,335 transreid.image_train INFO: Epoch[60] Iteration[40/111] CoEN(qR=0.44,qN=0.41) Loss: 5.936, Acc: 0.938,Acc1: 0.978,Acc2: 0.929, Base Lr: 5.24e-03,biloss:0.001,icloss:0.261,loss1:1.173, loss2:2.896, loss3:1.434, ploss:0.000,palign:0.000,total_loss:5.765,fceloss:0.0000
2026-06-11 16:12:27,655 transreid.image_train INFO: Epoch[60] Iteration[60/111] CoEN(qR=0.48,qN=0.42) Loss: 5.898, Acc: 0.936,Acc1: 0.981,Acc2: 0.936, Base Lr: 5.24e-03,biloss:0.001,icloss:0.254,loss1:1.299, loss2:3.007, loss3:1.483, ploss:0.000,palign:0.000,total_loss:6.045,fceloss:0.0000
2026-06-11 16:12:30,968 transreid.image_train INFO: Epoch[60] Iteration[80/111] CoEN(qR=0.40,qN=0.39) Loss: 5.841, Acc: 0.936,Acc1: 0.980,Acc2: 0.934, Base Lr: 5.24e-03,biloss:0.001,icloss:0.282,loss1:0.882, loss2:2.730, loss3:1.389, ploss:0.000,palign:0.000,total_loss:5.285,fceloss:0.0000
2026-06-11 16:12:34,242 transreid.image_train INFO: Epoch[60] Iteration[100/111] CoEN(qR=0.47,qN=0.43) Loss: 5.772, Acc: 0.939,Acc1: 0.979,Acc2: 0.934, Base Lr: 5.24e-03,biloss:0.001,icloss:0.301,loss1:0.996, loss2:2.916, loss3:1.443, ploss:0.000,palign:0.000,total_loss:5.658,fceloss:0.0000
2026-06-11 16:12:35,802 transreid.image_train INFO: Epoch 60 done. Time per batch: 16.252[s] Speed: 2.0[samples/s]
2026-06-11 16:12:45,439 transreid.image_train INFO: Validation Results - Epoch: 60
2026-06-11 16:12:45,439 transreid.image_train INFO: mAP: 66.6%
2026-06-11 16:12:45,440 transreid.image_train INFO: CMC curve, Rank-1  :73.5%
2026-06-11 16:12:45,440 transreid.image_train INFO: CMC curve, Rank-5  :79.0%
2026-06-11 16:12:45,440 transreid.image_train INFO: CMC curve, Rank-10 :81.0%
2026-06-11 16:12:45,440 transreid.image_train INFO: Best mAP: 67.3%
2026-06-11 16:12:45,440 transreid.image_train INFO: Best Rank-1: 74.4%
2026-06-11 16:12:45,440 transreid.image_train INFO: Best Rank-5: 79.2%
2026-06-11 16:12:45,440 transreid.image_train INFO: Best Rank-10: 81.3%
2026-06-11 16:12:49,989 transreid.image_train INFO: Epoch[61] Iteration[20/111] CoEN(qR=0.51,qN=0.43) Loss: 6.111, Acc: 0.930,Acc1: 0.966,Acc2: 0.939, Base Lr: 5.16e-03,biloss:0.001,icloss:0.252,loss1:1.500, loss2:3.142, loss3:1.703, ploss:0.000,palign:0.000,total_loss:6.598,fceloss:0.0000
2026-06-11 16:12:53,225 transreid.image_train INFO: Epoch[61] Iteration[40/111] CoEN(qR=0.40,qN=0.37) Loss: 6.046, Acc: 0.940,Acc1: 0.977,Acc2: 0.939, Base Lr: 5.16e-03,biloss:0.001,icloss:0.250,loss1:1.065, loss2:2.785, loss3:1.410, ploss:0.000,palign:0.000,total_loss:5.510,fceloss:0.0000
2026-06-11 16:12:56,485 transreid.image_train INFO: Epoch[61] Iteration[60/111] CoEN(qR=0.37,qN=0.36) Loss: 5.912, Acc: 0.943,Acc1: 0.979,Acc2: 0.947, Base Lr: 5.16e-03,biloss:0.001,icloss:0.276,loss1:0.770, loss2:2.586, loss3:1.333, ploss:0.000,palign:0.000,total_loss:4.967,fceloss:0.0000
2026-06-11 16:12:59,728 transreid.image_train INFO: Epoch[61] Iteration[80/111] CoEN(qR=0.42,qN=0.40) Loss: 5.812, Acc: 0.949,Acc1: 0.977,Acc2: 0.942, Base Lr: 5.16e-03,biloss:0.001,icloss:0.287,loss1:0.889, loss2:2.748, loss3:1.259, ploss:0.000,palign:0.000,total_loss:5.183,fceloss:0.0000
2026-06-11 16:13:02,986 transreid.image_train INFO: Epoch[61] Iteration[100/111] CoEN(qR=0.41,qN=0.40) Loss: 5.744, Acc: 0.951,Acc1: 0.977,Acc2: 0.942, Base Lr: 5.16e-03,biloss:0.001,icloss:0.282,loss1:0.933, loss2:2.807, loss3:1.368, ploss:0.000,palign:0.000,total_loss:5.390,fceloss:0.0000
2026-06-11 16:13:04,531 transreid.image_train INFO: Epoch 61 done. Time per batch: 16.516[s] Speed: 1.9[samples/s]
2026-06-11 16:13:14,353 transreid.image_train INFO: Validation Results - Epoch: 61
2026-06-11 16:13:14,353 transreid.image_train INFO: mAP: 66.8%
2026-06-11 16:13:14,353 transreid.image_train INFO: CMC curve, Rank-1  :73.3%
2026-06-11 16:13:14,353 transreid.image_train INFO: CMC curve, Rank-5  :78.8%
2026-06-11 16:13:14,353 transreid.image_train INFO: CMC curve, Rank-10 :81.5%
2026-06-11 16:13:14,353 transreid.image_train INFO: Best mAP: 67.3%
2026-06-11 16:13:14,353 transreid.image_train INFO: Best Rank-1: 74.4%
2026-06-11 16:13:14,353 transreid.image_train INFO: Best Rank-5: 79.2%
2026-06-11 16:13:14,353 transreid.image_train INFO: Best Rank-10: 81.3%
2026-06-11 16:13:18,759 transreid.image_train INFO: Epoch[62] Iteration[20/111] CoEN(qR=0.44,qN=0.41) Loss: 6.016, Acc: 0.948,Acc1: 0.961,Acc2: 0.913, Base Lr: 5.08e-03,biloss:0.001,icloss:0.283,loss1:1.021, loss2:2.857, loss3:1.360, ploss:0.000,palign:0.000,total_loss:5.523,fceloss:0.0000
2026-06-11 16:13:22,085 transreid.image_train INFO: Epoch[62] Iteration[40/111] CoEN(qR=0.46,qN=0.42) Loss: 5.946, Acc: 0.948,Acc1: 0.974,Acc2: 0.937, Base Lr: 5.08e-03,biloss:0.001,icloss:0.299,loss1:1.035, loss2:2.871, loss3:1.682, ploss:0.000,palign:0.000,total_loss:5.888,fceloss:0.0000
2026-06-11 16:13:25,409 transreid.image_train INFO: Epoch[62] Iteration[60/111] CoEN(qR=0.44,qN=0.38) Loss: 5.872, Acc: 0.950,Acc1: 0.979,Acc2: 0.939, Base Lr: 5.08e-03,biloss:0.001,icloss:0.255,loss1:1.167, loss2:2.841, loss3:1.603, ploss:0.000,palign:0.000,total_loss:5.867,fceloss:0.0000
2026-06-11 16:13:28,712 transreid.image_train INFO: Epoch[62] Iteration[80/111] CoEN(qR=0.43,qN=0.39) Loss: 5.781, Acc: 0.950,Acc1: 0.979,Acc2: 0.936, Base Lr: 5.08e-03,biloss:0.001,icloss:0.316,loss1:0.743, loss2:2.606, loss3:1.304, ploss:0.000,palign:0.000,total_loss:4.970,fceloss:0.0000
2026-06-11 16:13:32,024 transreid.image_train INFO: Epoch[62] Iteration[100/111] CoEN(qR=0.41,qN=0.40) Loss: 5.681, Acc: 0.956,Acc1: 0.979,Acc2: 0.932, Base Lr: 5.08e-03,biloss:0.001,icloss:0.311,loss1:0.785, loss2:2.688, loss3:1.249, ploss:0.000,palign:0.000,total_loss:5.034,fceloss:0.0000
2026-06-11 16:13:33,597 transreid.image_train INFO: Epoch 62 done. Time per batch: 16.783[s] Speed: 1.9[samples/s]
2026-06-11 16:13:43,380 transreid.image_train INFO: Validation Results - Epoch: 62
2026-06-11 16:13:43,381 transreid.image_train INFO: mAP: 67.2%
2026-06-11 16:13:43,381 transreid.image_train INFO: CMC curve, Rank-1  :74.2%
2026-06-11 16:13:43,381 transreid.image_train INFO: CMC curve, Rank-5  :78.6%
2026-06-11 16:13:43,381 transreid.image_train INFO: CMC curve, Rank-10 :81.3%
2026-06-11 16:13:43,381 transreid.image_train INFO: Best mAP: 67.3%
2026-06-11 16:13:43,381 transreid.image_train INFO: Best Rank-1: 74.4%
2026-06-11 16:13:43,381 transreid.image_train INFO: Best Rank-5: 79.2%
2026-06-11 16:13:43,381 transreid.image_train INFO: Best Rank-10: 81.3%
2026-06-11 16:13:47,922 transreid.image_train INFO: Epoch[63] Iteration[20/111] CoEN(qR=0.44,qN=0.40) Loss: 5.793, Acc: 0.981,Acc1: 0.991,Acc2: 0.942, Base Lr: 5.00e-03,biloss:0.001,icloss:0.260,loss1:1.145, loss2:2.884, loss3:1.379, ploss:0.000,palign:0.000,total_loss:5.670,fceloss:0.0000
2026-06-11 16:13:51,272 transreid.image_train INFO: Epoch[63] Iteration[40/111] CoEN(qR=0.48,qN=0.44) Loss: 5.834, Acc: 0.969,Acc1: 0.981,Acc2: 0.947, Base Lr: 5.00e-03,biloss:0.001,icloss:0.257,loss1:1.265, loss2:3.087, loss3:1.395, ploss:0.000,palign:0.000,total_loss:6.005,fceloss:0.0000
2026-06-11 16:13:54,615 transreid.image_train INFO: Epoch[63] Iteration[60/111] CoEN(qR=0.45,qN=0.41) Loss: 5.794, Acc: 0.955,Acc1: 0.982,Acc2: 0.934, Base Lr: 5.00e-03,biloss:0.001,icloss:0.274,loss1:0.929, loss2:2.849, loss3:1.487, ploss:0.000,palign:0.000,total_loss:5.541,fceloss:0.0000
2026-06-11 16:13:57,983 transreid.image_train INFO: Epoch[63] Iteration[80/111] CoEN(qR=0.46,qN=0.43) Loss: 5.706, Acc: 0.954,Acc1: 0.981,Acc2: 0.932, Base Lr: 5.00e-03,biloss:0.001,icloss:0.276,loss1:1.190, loss2:2.973, loss3:1.546, ploss:0.000,palign:0.000,total_loss:5.986,fceloss:0.0000
2026-06-11 16:14:01,358 transreid.image_train INFO: Epoch[63] Iteration[100/111] CoEN(qR=0.47,qN=0.45) Loss: 5.614, Acc: 0.959,Acc1: 0.981,Acc2: 0.934, Base Lr: 5.00e-03,biloss:0.001,icloss:0.333,loss1:0.891, loss2:2.855, loss3:1.213, ploss:0.000,palign:0.000,total_loss:5.292,fceloss:0.0000
2026-06-11 16:14:03,078 transreid.image_train INFO: Epoch 63 done. Time per batch: 16.898[s] Speed: 1.9[samples/s]
2026-06-11 16:14:12,960 transreid.image_train INFO: Validation Results - Epoch: 63
2026-06-11 16:14:12,960 transreid.image_train INFO: mAP: 66.7%
2026-06-11 16:14:12,960 transreid.image_train INFO: CMC curve, Rank-1  :73.5%
2026-06-11 16:14:12,960 transreid.image_train INFO: CMC curve, Rank-5  :79.2%
2026-06-11 16:14:12,960 transreid.image_train INFO: CMC curve, Rank-10 :81.3%
2026-06-11 16:14:12,961 transreid.image_train INFO: Best mAP: 67.3%
2026-06-11 16:14:12,961 transreid.image_train INFO: Best Rank-1: 74.4%
2026-06-11 16:14:12,961 transreid.image_train INFO: Best Rank-5: 79.2%
2026-06-11 16:14:12,961 transreid.image_train INFO: Best Rank-10: 81.3%
2026-06-11 16:14:17,405 transreid.image_train INFO: Epoch[64] Iteration[20/111] CoEN(qR=0.50,qN=0.45) Loss: 6.024, Acc: 0.908,Acc1: 0.953,Acc2: 0.941, Base Lr: 4.92e-03,biloss:0.001,icloss:0.285,loss1:1.296, loss2:3.087, loss3:1.428, ploss:0.000,palign:0.000,total_loss:6.097,fceloss:0.0000
2026-06-11 16:14:20,743 transreid.image_train INFO: Epoch[64] Iteration[40/111] CoEN(qR=0.40,qN=0.40) Loss: 5.807, Acc: 0.943,Acc1: 0.974,Acc2: 0.949, Base Lr: 4.92e-03,biloss:0.001,icloss:0.282,loss1:0.870, loss2:2.791, loss3:1.224, ploss:0.000,palign:0.000,total_loss:5.168,fceloss:0.0000
2026-06-11 16:14:24,071 transreid.image_train INFO: Epoch[64] Iteration[60/111] CoEN(qR=0.43,qN=0.41) Loss: 5.729, Acc: 0.953,Acc1: 0.977,Acc2: 0.946, Base Lr: 4.92e-03,biloss:0.001,icloss:0.261,loss1:1.088, loss2:2.932, loss3:1.373, ploss:0.000,palign:0.000,total_loss:5.655,fceloss:0.0000
2026-06-11 16:14:27,367 transreid.image_train INFO: Epoch[64] Iteration[80/111] CoEN(qR=0.37,qN=0.35) Loss: 5.633, Acc: 0.959,Acc1: 0.981,Acc2: 0.943, Base Lr: 4.92e-03,biloss:0.001,icloss:0.288,loss1:0.921, loss2:2.578, loss3:1.402, ploss:0.000,palign:0.000,total_loss:5.189,fceloss:0.0000
2026-06-11 16:14:30,650 transreid.image_train INFO: Epoch[64] Iteration[100/111] CoEN(qR=0.39,qN=0.38) Loss: 5.565, Acc: 0.963,Acc1: 0.982,Acc2: 0.941, Base Lr: 4.92e-03,biloss:0.001,icloss:0.263,loss1:0.906, loss2:2.789, loss3:1.331, ploss:0.000,palign:0.000,total_loss:5.291,fceloss:0.0000
2026-06-11 16:14:32,237 transreid.image_train INFO: Epoch 64 done. Time per batch: 17.321[s] Speed: 1.8[samples/s]
2026-06-11 16:14:42,143 transreid.image_train INFO: Validation Results - Epoch: 64
2026-06-11 16:14:42,144 transreid.image_train INFO: mAP: 67.5%
2026-06-11 16:14:42,144 transreid.image_train INFO: CMC curve, Rank-1  :74.4%
2026-06-11 16:14:42,144 transreid.image_train INFO: CMC curve, Rank-5  :79.2%
2026-06-11 16:14:42,144 transreid.image_train INFO: CMC curve, Rank-10 :81.5%
2026-06-11 16:14:43,884 transreid.image_train INFO: Best mAP: 67.5%
2026-06-11 16:14:43,884 transreid.image_train INFO: Best Rank-1: 74.4%
2026-06-11 16:14:43,884 transreid.image_train INFO: Best Rank-5: 79.2%
2026-06-11 16:14:43,884 transreid.image_train INFO: Best Rank-10: 81.5%
2026-06-11 16:14:48,449 transreid.image_train INFO: Epoch[65] Iteration[20/111] CoEN(qR=0.49,qN=0.45) Loss: 5.787, Acc: 0.961,Acc1: 0.988,Acc2: 0.953, Base Lr: 4.84e-03,biloss:0.001,icloss:0.275,loss1:1.130, loss2:3.041, loss3:1.239, ploss:0.000,palign:0.000,total_loss:5.687,fceloss:0.0000
2026-06-11 16:14:51,743 transreid.image_train INFO: Epoch[65] Iteration[40/111] CoEN(qR=0.47,qN=0.43) Loss: 5.682, Acc: 0.963,Acc1: 0.984,Acc2: 0.950, Base Lr: 4.84e-03,biloss:0.001,icloss:0.329,loss1:0.708, loss2:2.714, loss3:1.276, ploss:0.000,palign:0.000,total_loss:5.029,fceloss:0.0000
2026-06-11 16:14:55,024 transreid.image_train INFO: Epoch[65] Iteration[60/111] CoEN(qR=0.42,qN=0.39) Loss: 5.629, Acc: 0.968,Acc1: 0.987,Acc2: 0.954, Base Lr: 4.84e-03,biloss:0.001,icloss:0.263,loss1:1.014, loss2:2.828, loss3:1.397, ploss:0.000,palign:0.000,total_loss:5.504,fceloss:0.0000
2026-06-11 16:14:58,331 transreid.image_train INFO: Epoch[65] Iteration[80/111] CoEN(qR=0.45,qN=0.42) Loss: 5.598, Acc: 0.968,Acc1: 0.984,Acc2: 0.940, Base Lr: 4.84e-03,biloss:0.001,icloss:0.298,loss1:0.869, loss2:2.810, loss3:1.455, ploss:0.000,palign:0.000,total_loss:5.433,fceloss:0.0000
2026-06-11 16:15:01,616 transreid.image_train INFO: Epoch[65] Iteration[100/111] CoEN(qR=0.44,qN=0.42) Loss: 5.531, Acc: 0.969,Acc1: 0.985,Acc2: 0.937, Base Lr: 4.84e-03,biloss:0.001,icloss:0.299,loss1:0.686, loss2:2.722, loss3:1.122, ploss:0.000,palign:0.000,total_loss:4.830,fceloss:0.0000
2026-06-11 16:15:03,399 transreid.image_train INFO: Epoch 65 done. Time per batch: 17.447[s] Speed: 1.8[samples/s]
2026-06-11 16:15:13,037 transreid.image_train INFO: Validation Results - Epoch: 65
2026-06-11 16:15:13,037 transreid.image_train INFO: mAP: 67.0%
2026-06-11 16:15:13,037 transreid.image_train INFO: CMC curve, Rank-1  :73.7%
2026-06-11 16:15:13,037 transreid.image_train INFO: CMC curve, Rank-5  :78.8%
2026-06-11 16:15:13,037 transreid.image_train INFO: CMC curve, Rank-10 :81.1%
2026-06-11 16:15:13,037 transreid.image_train INFO: Best mAP: 67.5%
2026-06-11 16:15:13,037 transreid.image_train INFO: Best Rank-1: 74.4%
2026-06-11 16:15:13,037 transreid.image_train INFO: Best Rank-5: 79.2%
2026-06-11 16:15:13,037 transreid.image_train INFO: Best Rank-10: 81.5%
2026-06-11 16:15:17,880 transreid.image_train INFO: Epoch[66] Iteration[20/111] CoEN(qR=0.44,qN=0.42) Loss: 5.751, Acc: 0.953,Acc1: 0.967,Acc2: 0.923, Base Lr: 4.76e-03,biloss:0.001,icloss:0.274,loss1:0.949, loss2:2.868, loss3:1.282, ploss:0.000,palign:0.000,total_loss:5.373,fceloss:0.0000
2026-06-11 16:15:21,242 transreid.image_train INFO: Epoch[66] Iteration[40/111] CoEN(qR=0.39,qN=0.38) Loss: 5.671, Acc: 0.965,Acc1: 0.978,Acc2: 0.934, Base Lr: 4.76e-03,biloss:0.001,icloss:0.254,loss1:1.004, loss2:2.831, loss3:1.360, ploss:0.000,palign:0.000,total_loss:5.450,fceloss:0.0000
2026-06-11 16:15:24,608 transreid.image_train INFO: Epoch[66] Iteration[60/111] CoEN(qR=0.41,qN=0.39) Loss: 5.610, Acc: 0.966,Acc1: 0.981,Acc2: 0.945, Base Lr: 4.76e-03,biloss:0.001,icloss:0.257,loss1:0.982, loss2:2.852, loss3:1.330, ploss:0.000,palign:0.000,total_loss:5.421,fceloss:0.0000
2026-06-11 16:15:27,972 transreid.image_train INFO: Epoch[66] Iteration[80/111] CoEN(qR=0.43,qN=0.40) Loss: 5.570, Acc: 0.969,Acc1: 0.984,Acc2: 0.942, Base Lr: 4.76e-03,biloss:0.001,icloss:0.343,loss1:0.705, loss2:2.621, loss3:1.575, ploss:0.000,palign:0.000,total_loss:5.245,fceloss:0.0000
2026-06-11 16:15:31,287 transreid.image_train INFO: Epoch[66] Iteration[100/111] CoEN(qR=0.39,qN=0.38) Loss: 5.485, Acc: 0.973,Acc1: 0.984,Acc2: 0.939, Base Lr: 4.76e-03,biloss:0.001,icloss:0.314,loss1:0.708, loss2:2.601, loss3:1.160, ploss:0.000,palign:0.000,total_loss:4.785,fceloss:0.0000
2026-06-11 16:15:32,668 transreid.image_train INFO: Epoch 66 done. Time per batch: 18.041[s] Speed: 1.8[samples/s]
2026-06-11 16:15:42,251 transreid.image_train INFO: Validation Results - Epoch: 66
2026-06-11 16:15:42,252 transreid.image_train INFO: mAP: 67.3%
2026-06-11 16:15:42,252 transreid.image_train INFO: CMC curve, Rank-1  :74.0%
2026-06-11 16:15:42,252 transreid.image_train INFO: CMC curve, Rank-5  :79.2%
2026-06-11 16:15:42,252 transreid.image_train INFO: CMC curve, Rank-10 :81.5%
2026-06-11 16:15:42,252 transreid.image_train INFO: Best mAP: 67.5%
2026-06-11 16:15:42,252 transreid.image_train INFO: Best Rank-1: 74.4%
2026-06-11 16:15:42,252 transreid.image_train INFO: Best Rank-5: 79.2%
2026-06-11 16:15:42,252 transreid.image_train INFO: Best Rank-10: 81.5%
2026-06-11 16:15:46,744 transreid.image_train INFO: Epoch[67] Iteration[20/111] CoEN(qR=0.45,qN=0.41) Loss: 5.675, Acc: 0.950,Acc1: 0.978,Acc2: 0.950, Base Lr: 4.67e-03,biloss:0.001,icloss:0.277,loss1:1.088, loss2:2.905, loss3:1.508, ploss:0.000,palign:0.000,total_loss:5.779,fceloss:0.0000
2026-06-11 16:15:50,066 transreid.image_train INFO: Epoch[67] Iteration[40/111] CoEN(qR=0.47,qN=0.44) Loss: 5.651, Acc: 0.968,Acc1: 0.983,Acc2: 0.947, Base Lr: 4.67e-03,biloss:0.001,icloss:0.295,loss1:0.912, loss2:2.898, loss3:1.223, ploss:0.000,palign:0.000,total_loss:5.329,fceloss:0.0000
2026-06-11 16:15:53,344 transreid.image_train INFO: Epoch[67] Iteration[60/111] CoEN(qR=0.44,qN=0.43) Loss: 5.583, Acc: 0.969,Acc1: 0.984,Acc2: 0.956, Base Lr: 4.67e-03,biloss:0.001,icloss:0.276,loss1:1.076, loss2:2.983, loss3:1.567, ploss:0.000,palign:0.000,total_loss:5.904,fceloss:0.0000
2026-06-11 16:15:56,608 transreid.image_train INFO: Epoch[67] Iteration[80/111] CoEN(qR=0.45,qN=0.41) Loss: 5.532, Acc: 0.974,Acc1: 0.986,Acc2: 0.950, Base Lr: 4.67e-03,biloss:0.001,icloss:0.306,loss1:0.796, loss2:2.721, loss3:1.112, ploss:0.000,palign:0.000,total_loss:4.937,fceloss:0.0000
2026-06-11 16:15:59,891 transreid.image_train INFO: Epoch[67] Iteration[100/111] CoEN(qR=0.42,qN=0.41) Loss: 5.441, Acc: 0.978,Acc1: 0.988,Acc2: 0.946, Base Lr: 4.67e-03,biloss:0.001,icloss:0.323,loss1:0.695, loss2:2.681, loss3:1.448, ploss:0.000,palign:0.000,total_loss:5.149,fceloss:0.0000
2026-06-11 16:16:01,465 transreid.image_train INFO: Epoch 67 done. Time per batch: 18.139[s] Speed: 1.8[samples/s]
2026-06-11 16:16:11,244 transreid.image_train INFO: Validation Results - Epoch: 67
2026-06-11 16:16:11,244 transreid.image_train INFO: mAP: 67.4%
2026-06-11 16:16:11,244 transreid.image_train INFO: CMC curve, Rank-1  :74.4%
2026-06-11 16:16:11,244 transreid.image_train INFO: CMC curve, Rank-5  :78.8%
2026-06-11 16:16:11,244 transreid.image_train INFO: CMC curve, Rank-10 :81.5%
2026-06-11 16:16:11,244 transreid.image_train INFO: Best mAP: 67.5%
2026-06-11 16:16:11,244 transreid.image_train INFO: Best Rank-1: 74.4%
2026-06-11 16:16:11,244 transreid.image_train INFO: Best Rank-5: 79.2%
2026-06-11 16:16:11,244 transreid.image_train INFO: Best Rank-10: 81.5%
2026-06-11 16:16:15,793 transreid.image_train INFO: Epoch[68] Iteration[20/111] CoEN(qR=0.43,qN=0.42) Loss: 5.574, Acc: 0.991,Acc1: 0.991,Acc2: 0.925, Base Lr: 4.59e-03,biloss:0.001,icloss:0.294,loss1:0.926, loss2:2.800, loss3:1.281, ploss:0.000,palign:0.000,total_loss:5.302,fceloss:0.0000
2026-06-11 16:16:19,129 transreid.image_train INFO: Epoch[68] Iteration[40/111] CoEN(qR=0.42,qN=0.41) Loss: 5.503, Acc: 0.984,Acc1: 0.989,Acc2: 0.938, Base Lr: 4.59e-03,biloss:0.001,icloss:0.285,loss1:1.059, loss2:2.860, loss3:1.362, ploss:0.000,palign:0.000,total_loss:5.566,fceloss:0.0000
2026-06-11 16:16:22,461 transreid.image_train INFO: Epoch[68] Iteration[60/111] CoEN(qR=0.44,qN=0.43) Loss: 5.470, Acc: 0.979,Acc1: 0.986,Acc2: 0.929, Base Lr: 4.59e-03,biloss:0.001,icloss:0.290,loss1:1.035, loss2:2.921, loss3:1.350, ploss:0.000,palign:0.000,total_loss:5.596,fceloss:0.0000
2026-06-11 16:16:25,900 transreid.image_train INFO: Epoch[68] Iteration[80/111] CoEN(qR=0.44,qN=0.41) Loss: 5.418, Acc: 0.980,Acc1: 0.988,Acc2: 0.936, Base Lr: 4.59e-03,biloss:0.001,icloss:0.292,loss1:0.834, loss2:2.749, loss3:1.252, ploss:0.000,palign:0.000,total_loss:5.128,fceloss:0.0000
2026-06-11 16:16:29,238 transreid.image_train INFO: Epoch[68] Iteration[100/111] CoEN(qR=0.41,qN=0.40) Loss: 5.361, Acc: 0.982,Acc1: 0.987,Acc2: 0.941, Base Lr: 4.59e-03,biloss:0.001,icloss:0.286,loss1:0.742, loss2:2.695, loss3:1.118, ploss:0.000,palign:0.000,total_loss:4.843,fceloss:0.0000
2026-06-11 16:16:30,976 transreid.image_train INFO: Epoch 68 done. Time per batch: 18.243[s] Speed: 1.8[samples/s]
2026-06-11 16:16:40,781 transreid.image_train INFO: Validation Results - Epoch: 68
2026-06-11 16:16:40,782 transreid.image_train INFO: mAP: 66.9%
2026-06-11 16:16:40,782 transreid.image_train INFO: CMC curve, Rank-1  :73.5%
2026-06-11 16:16:40,782 transreid.image_train INFO: CMC curve, Rank-5  :79.0%
2026-06-11 16:16:40,782 transreid.image_train INFO: CMC curve, Rank-10 :81.5%
2026-06-11 16:16:40,782 transreid.image_train INFO: Best mAP: 67.5%
2026-06-11 16:16:40,782 transreid.image_train INFO: Best Rank-1: 74.4%
2026-06-11 16:16:40,782 transreid.image_train INFO: Best Rank-5: 79.2%
2026-06-11 16:16:40,782 transreid.image_train INFO: Best Rank-10: 81.5%
2026-06-11 16:16:45,312 transreid.image_train INFO: Epoch[69] Iteration[20/111] CoEN(qR=0.45,qN=0.41) Loss: 5.457, Acc: 0.977,Acc1: 0.989,Acc2: 0.950, Base Lr: 4.51e-03,biloss:0.001,icloss:0.281,loss1:0.859, loss2:2.817, loss3:1.190, ploss:0.000,palign:0.000,total_loss:5.147,fceloss:0.0000
2026-06-11 16:16:48,654 transreid.image_train INFO: Epoch[69] Iteration[40/111] CoEN(qR=0.45,qN=0.41) Loss: 5.485, Acc: 0.985,Acc1: 0.994,Acc2: 0.948, Base Lr: 4.51e-03,biloss:0.001,icloss:0.260,loss1:1.099, loss2:2.968, loss3:1.340, ploss:0.000,palign:0.000,total_loss:5.668,fceloss:0.0000
2026-06-11 16:16:52,012 transreid.image_train INFO: Epoch[69] Iteration[60/111] CoEN(qR=0.45,qN=0.43) Loss: 5.444, Acc: 0.990,Acc1: 0.996,Acc2: 0.943, Base Lr: 4.51e-03,biloss:0.001,icloss:0.263,loss1:1.045, loss2:3.036, loss3:1.487, ploss:0.000,palign:0.000,total_loss:5.832,fceloss:0.0000
2026-06-11 16:16:55,335 transreid.image_train INFO: Epoch[69] Iteration[80/111] CoEN(qR=0.44,qN=0.44) Loss: 5.411, Acc: 0.980,Acc1: 0.988,Acc2: 0.938, Base Lr: 4.51e-03,biloss:0.001,icloss:0.309,loss1:0.714, loss2:2.792, loss3:1.105, ploss:0.000,palign:0.000,total_loss:4.921,fceloss:0.0000
2026-06-11 16:16:58,662 transreid.image_train INFO: Epoch[69] Iteration[100/111] CoEN(qR=0.45,qN=0.43) Loss: 5.345, Acc: 0.979,Acc1: 0.988,Acc2: 0.937, Base Lr: 4.51e-03,biloss:0.001,icloss:0.314,loss1:0.711, loss2:2.742, loss3:1.109, ploss:0.000,palign:0.000,total_loss:4.877,fceloss:0.0000
2026-06-11 16:17:00,234 transreid.image_train INFO: Epoch 69 done. Time per batch: 18.678[s] Speed: 1.7[samples/s]
2026-06-11 16:17:09,874 transreid.image_train INFO: Validation Results - Epoch: 69
2026-06-11 16:17:09,874 transreid.image_train INFO: mAP: 67.2%
2026-06-11 16:17:09,874 transreid.image_train INFO: CMC curve, Rank-1  :74.2%
2026-06-11 16:17:09,874 transreid.image_train INFO: CMC curve, Rank-5  :78.8%
2026-06-11 16:17:09,874 transreid.image_train INFO: CMC curve, Rank-10 :81.5%
2026-06-11 16:17:09,874 transreid.image_train INFO: Best mAP: 67.5%
2026-06-11 16:17:09,874 transreid.image_train INFO: Best Rank-1: 74.4%
2026-06-11 16:17:09,874 transreid.image_train INFO: Best Rank-5: 79.2%
2026-06-11 16:17:09,874 transreid.image_train INFO: Best Rank-10: 81.5%
2026-06-11 16:17:14,545 transreid.image_train INFO: Epoch[70] Iteration[20/111] CoEN(qR=0.40,qN=0.37) Loss: 5.408, Acc: 0.980,Acc1: 0.984,Acc2: 0.969, Base Lr: 4.43e-03,biloss:0.001,icloss:0.275,loss1:0.894, loss2:2.752, loss3:1.557, ploss:0.000,palign:0.000,total_loss:5.480,fceloss:0.0000
2026-06-11 16:17:17,837 transreid.image_train INFO: Epoch[70] Iteration[40/111] CoEN(qR=0.39,qN=0.39) Loss: 5.459, Acc: 0.980,Acc1: 0.988,Acc2: 0.955, Base Lr: 4.43e-03,biloss:0.001,icloss:0.275,loss1:0.941, loss2:2.783, loss3:1.430, ploss:0.000,palign:0.000,total_loss:5.430,fceloss:0.0000
2026-06-11 16:17:21,108 transreid.image_train INFO: Epoch[70] Iteration[60/111] CoEN(qR=0.45,qN=0.44) Loss: 5.370, Acc: 0.983,Acc1: 0.990,Acc2: 0.955, Base Lr: 4.43e-03,biloss:0.001,icloss:0.302,loss1:0.857, loss2:2.909, loss3:1.206, ploss:0.000,palign:0.000,total_loss:5.275,fceloss:0.0000
2026-06-11 16:17:24,398 transreid.image_train INFO: Epoch[70] Iteration[80/111] CoEN(qR=0.42,qN=0.40) Loss: 5.336, Acc: 0.983,Acc1: 0.990,Acc2: 0.953, Base Lr: 4.43e-03,biloss:0.001,icloss:0.293,loss1:0.789, loss2:2.715, loss3:1.211, ploss:0.000,palign:0.000,total_loss:5.010,fceloss:0.0000
2026-06-11 16:17:27,655 transreid.image_train INFO: Epoch[70] Iteration[100/111] CoEN(qR=0.47,qN=0.42) Loss: 5.288, Acc: 0.981,Acc1: 0.987,Acc2: 0.948, Base Lr: 4.43e-03,biloss:0.001,icloss:0.322,loss1:0.956, loss2:2.779, loss3:1.409, ploss:0.000,palign:0.000,total_loss:5.467,fceloss:0.0000
2026-06-11 16:17:29,207 transreid.image_train INFO: Epoch 70 done. Time per batch: 18.944[s] Speed: 1.7[samples/s]
2026-06-11 16:17:38,841 transreid.image_train INFO: Validation Results - Epoch: 70
2026-06-11 16:17:38,841 transreid.image_train INFO: mAP: 66.6%
2026-06-11 16:17:38,841 transreid.image_train INFO: CMC curve, Rank-1  :73.1%
2026-06-11 16:17:38,841 transreid.image_train INFO: CMC curve, Rank-5  :79.0%
2026-06-11 16:17:38,841 transreid.image_train INFO: CMC curve, Rank-10 :81.3%
2026-06-11 16:17:38,841 transreid.image_train INFO: Best mAP: 67.5%
2026-06-11 16:17:38,842 transreid.image_train INFO: Best Rank-1: 74.4%
2026-06-11 16:17:38,842 transreid.image_train INFO: Best Rank-5: 79.2%
2026-06-11 16:17:38,842 transreid.image_train INFO: Best Rank-10: 81.5%
2026-06-11 16:17:43,487 transreid.image_train INFO: Epoch[71] Iteration[20/111] CoEN(qR=0.46,qN=0.43) Loss: 5.475, Acc: 0.997,Acc1: 0.997,Acc2: 0.948, Base Lr: 4.34e-03,biloss:0.001,icloss:0.287,loss1:1.079, loss2:2.964, loss3:1.440, ploss:0.000,palign:0.000,total_loss:5.771,fceloss:0.0000
2026-06-11 16:17:46,804 transreid.image_train INFO: Epoch[71] Iteration[40/111] CoEN(qR=0.44,qN=0.41) Loss: 5.408, Acc: 0.992,Acc1: 0.992,Acc2: 0.952, Base Lr: 4.34e-03,biloss:0.001,icloss:0.299,loss1:0.815, loss2:2.771, loss3:1.247, ploss:0.000,palign:0.000,total_loss:5.133,fceloss:0.0000
2026-06-11 16:17:50,083 transreid.image_train INFO: Epoch[71] Iteration[60/111] CoEN(qR=0.43,qN=0.41) Loss: 5.344, Acc: 0.992,Acc1: 0.994,Acc2: 0.955, Base Lr: 4.34e-03,biloss:0.001,icloss:0.279,loss1:0.861, loss2:2.813, loss3:1.161, ploss:0.000,palign:0.000,total_loss:5.115,fceloss:0.0000
2026-06-11 16:17:53,354 transreid.image_train INFO: Epoch[71] Iteration[80/111] CoEN(qR=0.39,qN=0.40) Loss: 5.326, Acc: 0.986,Acc1: 0.990,Acc2: 0.950, Base Lr: 4.34e-03,biloss:0.001,icloss:0.274,loss1:0.902, loss2:2.807, loss3:1.249, ploss:0.000,palign:0.000,total_loss:5.233,fceloss:0.0000
2026-06-11 16:17:56,630 transreid.image_train INFO: Epoch[71] Iteration[100/111] CoEN(qR=0.44,qN=0.40) Loss: 5.283, Acc: 0.986,Acc1: 0.989,Acc2: 0.945, Base Lr: 4.34e-03,biloss:0.001,icloss:0.317,loss1:0.729, loss2:2.661, loss3:1.107, ploss:0.000,palign:0.000,total_loss:4.816,fceloss:0.0000
2026-06-11 16:17:58,178 transreid.image_train INFO: Epoch 71 done. Time per batch: 19.210[s] Speed: 1.7[samples/s]
2026-06-11 16:18:07,893 transreid.image_train INFO: Validation Results - Epoch: 71
2026-06-11 16:18:07,893 transreid.image_train INFO: mAP: 67.0%
2026-06-11 16:18:07,893 transreid.image_train INFO: CMC curve, Rank-1  :73.3%
2026-06-11 16:18:07,893 transreid.image_train INFO: CMC curve, Rank-5  :79.0%
2026-06-11 16:18:07,893 transreid.image_train INFO: CMC curve, Rank-10 :81.1%
2026-06-11 16:18:07,893 transreid.image_train INFO: Best mAP: 67.5%
2026-06-11 16:18:07,893 transreid.image_train INFO: Best Rank-1: 74.4%
2026-06-11 16:18:07,893 transreid.image_train INFO: Best Rank-5: 79.2%
2026-06-11 16:18:07,893 transreid.image_train INFO: Best Rank-10: 81.5%
2026-06-11 16:18:12,354 transreid.image_train INFO: Epoch[72] Iteration[20/111] CoEN(qR=0.47,qN=0.42) Loss: 5.472, Acc: 0.978,Acc1: 0.983,Acc2: 0.953, Base Lr: 4.26e-03,biloss:0.001,icloss:0.295,loss1:1.194, loss2:2.967, loss3:1.643, ploss:0.000,palign:0.000,total_loss:6.100,fceloss:0.0000
2026-06-11 16:18:15,697 transreid.image_train INFO: Epoch[72] Iteration[40/111] CoEN(qR=0.44,qN=0.40) Loss: 5.385, Acc: 0.986,Acc1: 0.988,Acc2: 0.952, Base Lr: 4.26e-03,biloss:0.001,icloss:0.279,loss1:0.807, loss2:2.766, loss3:1.229, ploss:0.000,palign:0.000,total_loss:5.082,fceloss:0.0000
2026-06-11 16:18:19,008 transreid.image_train INFO: Epoch[72] Iteration[60/111] CoEN(qR=0.44,qN=0.40) Loss: 5.324, Acc: 0.990,Acc1: 0.992,Acc2: 0.952, Base Lr: 4.26e-03,biloss:0.001,icloss:0.300,loss1:0.843, loss2:2.742, loss3:1.643, ploss:0.000,palign:0.000,total_loss:5.530,fceloss:0.0000
2026-06-11 16:18:22,330 transreid.image_train INFO: Epoch[72] Iteration[80/111] CoEN(qR=0.44,qN=0.42) Loss: 5.272, Acc: 0.989,Acc1: 0.991,Acc2: 0.953, Base Lr: 4.26e-03,biloss:0.001,icloss:0.320,loss1:0.719, loss2:2.726, loss3:1.126, ploss:0.000,palign:0.000,total_loss:4.892,fceloss:0.0000
2026-06-11 16:18:25,619 transreid.image_train INFO: Epoch[72] Iteration[100/111] CoEN(qR=0.41,qN=0.37) Loss: 5.227, Acc: 0.989,Acc1: 0.991,Acc2: 0.952, Base Lr: 4.26e-03,biloss:0.001,icloss:0.326,loss1:0.696, loss2:2.566, loss3:1.280, ploss:0.000,palign:0.000,total_loss:4.868,fceloss:0.0000
2026-06-11 16:18:27,240 transreid.image_train INFO: Epoch 72 done. Time per batch: 19.477[s] Speed: 1.6[samples/s]
2026-06-11 16:18:37,031 transreid.image_train INFO: Validation Results - Epoch: 72
2026-06-11 16:18:37,032 transreid.image_train INFO: mAP: 67.1%
2026-06-11 16:18:37,032 transreid.image_train INFO: CMC curve, Rank-1  :73.8%
2026-06-11 16:18:37,032 transreid.image_train INFO: CMC curve, Rank-5  :78.8%
2026-06-11 16:18:37,032 transreid.image_train INFO: CMC curve, Rank-10 :80.8%
2026-06-11 16:18:37,032 transreid.image_train INFO: Best mAP: 67.5%
2026-06-11 16:18:37,032 transreid.image_train INFO: Best Rank-1: 74.4%
2026-06-11 16:18:37,032 transreid.image_train INFO: Best Rank-5: 79.2%
2026-06-11 16:18:37,032 transreid.image_train INFO: Best Rank-10: 81.5%
2026-06-11 16:18:41,662 transreid.image_train INFO: Epoch[73] Iteration[20/111] CoEN(qR=0.43,qN=0.40) Loss: 5.355, Acc: 0.986,Acc1: 0.988,Acc2: 0.947, Base Lr: 4.18e-03,biloss:0.001,icloss:0.270,loss1:0.867, loss2:2.814, loss3:1.199, ploss:0.000,palign:0.000,total_loss:5.151,fceloss:0.0000
2026-06-11 16:18:45,002 transreid.image_train INFO: Epoch[73] Iteration[40/111] CoEN(qR=0.43,qN=0.42) Loss: 5.363, Acc: 0.983,Acc1: 0.986,Acc2: 0.955, Base Lr: 4.18e-03,biloss:0.001,icloss:0.289,loss1:0.935, loss2:2.850, loss3:1.237, ploss:0.000,palign:0.000,total_loss:5.312,fceloss:0.0000
2026-06-11 16:18:48,343 transreid.image_train INFO: Epoch[73] Iteration[60/111] CoEN(qR=0.43,qN=0.41) Loss: 5.314, Acc: 0.984,Acc1: 0.986,Acc2: 0.951, Base Lr: 4.18e-03,biloss:0.001,icloss:0.279,loss1:1.108, loss2:2.920, loss3:1.514, ploss:0.000,palign:0.000,total_loss:5.822,fceloss:0.0000
2026-06-11 16:18:51,689 transreid.image_train INFO: Epoch[73] Iteration[80/111] CoEN(qR=0.46,qN=0.42) Loss: 5.273, Acc: 0.988,Acc1: 0.990,Acc2: 0.945, Base Lr: 4.18e-03,biloss:0.001,icloss:0.297,loss1:0.886, loss2:2.829, loss3:1.365, ploss:0.000,palign:0.000,total_loss:5.378,fceloss:0.0000
2026-06-11 16:18:55,007 transreid.image_train INFO: Epoch[73] Iteration[100/111] CoEN(qR=0.45,qN=0.42) Loss: 5.202, Acc: 0.990,Acc1: 0.992,Acc2: 0.951, Base Lr: 4.18e-03,biloss:0.001,icloss:0.320,loss1:0.756, loss2:2.723, loss3:1.116, ploss:0.000,palign:0.000,total_loss:4.916,fceloss:0.0000
2026-06-11 16:18:56,608 transreid.image_train INFO: Epoch 73 done. Time per batch: 19.746[s] Speed: 1.6[samples/s]
2026-06-11 16:19:06,358 transreid.image_train INFO: Validation Results - Epoch: 73
2026-06-11 16:19:06,359 transreid.image_train INFO: mAP: 67.0%
2026-06-11 16:19:06,359 transreid.image_train INFO: CMC curve, Rank-1  :73.7%
2026-06-11 16:19:06,359 transreid.image_train INFO: CMC curve, Rank-5  :78.6%
2026-06-11 16:19:06,359 transreid.image_train INFO: CMC curve, Rank-10 :81.1%
2026-06-11 16:19:06,359 transreid.image_train INFO: Best mAP: 67.5%
2026-06-11 16:19:06,359 transreid.image_train INFO: Best Rank-1: 74.4%
2026-06-11 16:19:06,359 transreid.image_train INFO: Best Rank-5: 79.2%
2026-06-11 16:19:06,359 transreid.image_train INFO: Best Rank-10: 81.5%
2026-06-11 16:19:10,549 transreid.image_train INFO: Epoch[74] Iteration[20/111] CoEN(qR=0.51,qN=0.46) Loss: 5.348, Acc: 0.991,Acc1: 0.991,Acc2: 0.941, Base Lr: 4.09e-03,biloss:0.001,icloss:0.327,loss1:0.868, loss2:2.928, loss3:1.585, ploss:0.000,palign:0.000,total_loss:5.709,fceloss:0.0000
2026-06-11 16:19:13,810 transreid.image_train INFO: Epoch[74] Iteration[40/111] CoEN(qR=0.39,qN=0.38) Loss: 5.260, Acc: 0.990,Acc1: 0.994,Acc2: 0.947, Base Lr: 4.09e-03,biloss:0.001,icloss:0.300,loss1:0.785, loss2:2.667, loss3:1.270, ploss:0.000,palign:0.000,total_loss:5.022,fceloss:0.0000
2026-06-11 16:19:17,064 transreid.image_train INFO: Epoch[74] Iteration[60/111] CoEN(qR=0.44,qN=0.41) Loss: 5.262, Acc: 0.989,Acc1: 0.992,Acc2: 0.940, Base Lr: 4.09e-03,biloss:0.001,icloss:0.282,loss1:0.856, loss2:2.797, loss3:1.191, ploss:0.000,palign:0.000,total_loss:5.127,fceloss:0.0000
2026-06-11 16:19:20,300 transreid.image_train INFO: Epoch[74] Iteration[80/111] CoEN(qR=0.43,qN=0.40) Loss: 5.231, Acc: 0.988,Acc1: 0.992,Acc2: 0.947, Base Lr: 4.09e-03,biloss:0.001,icloss:0.303,loss1:0.747, loss2:2.673, loss3:1.143, ploss:0.000,palign:0.000,total_loss:4.867,fceloss:0.0000
2026-06-11 16:19:23,505 transreid.image_train INFO: Epoch[74] Iteration[100/111] CoEN(qR=0.40,qN=0.38) Loss: 5.168, Acc: 0.988,Acc1: 0.992,Acc2: 0.949, Base Lr: 4.09e-03,biloss:0.001,icloss:0.283,loss1:0.693, loss2:2.625, loss3:1.220, ploss:0.000,palign:0.000,total_loss:4.822,fceloss:0.0000
2026-06-11 16:19:25,050 transreid.image_train INFO: Epoch 74 done. Time per batch: 20.007[s] Speed: 1.6[samples/s]
2026-06-11 16:19:34,864 transreid.image_train INFO: Validation Results - Epoch: 74
2026-06-11 16:19:34,864 transreid.image_train INFO: mAP: 66.8%
2026-06-11 16:19:34,864 transreid.image_train INFO: CMC curve, Rank-1  :73.1%
2026-06-11 16:19:34,864 transreid.image_train INFO: CMC curve, Rank-5  :79.2%
2026-06-11 16:19:34,864 transreid.image_train INFO: CMC curve, Rank-10 :81.1%
2026-06-11 16:19:34,864 transreid.image_train INFO: Best mAP: 67.5%
2026-06-11 16:19:34,864 transreid.image_train INFO: Best Rank-1: 74.4%
2026-06-11 16:19:34,865 transreid.image_train INFO: Best Rank-5: 79.2%
2026-06-11 16:19:34,865 transreid.image_train INFO: Best Rank-10: 81.5%
2026-06-11 16:19:39,767 transreid.image_train INFO: Epoch[75] Iteration[20/111] CoEN(qR=0.43,qN=0.42) Loss: 5.295, Acc: 0.986,Acc1: 0.988,Acc2: 0.942, Base Lr: 4.01e-03,biloss:0.001,icloss:0.285,loss1:0.847, loss2:2.842, loss3:1.163, ploss:0.000,palign:0.000,total_loss:5.139,fceloss:0.0000
2026-06-11 16:19:43,101 transreid.image_train INFO: Epoch[75] Iteration[40/111] CoEN(qR=0.45,qN=0.41) Loss: 5.281, Acc: 0.987,Acc1: 0.987,Acc2: 0.955, Base Lr: 4.01e-03,biloss:0.001,icloss:0.309,loss1:0.745, loss2:2.693, loss3:1.159, ploss:0.000,palign:0.000,total_loss:4.907,fceloss:0.0000
2026-06-11 16:19:46,415 transreid.image_train INFO: Epoch[75] Iteration[60/111] CoEN(qR=0.42,qN=0.40) Loss: 5.232, Acc: 0.991,Acc1: 0.990,Acc2: 0.955, Base Lr: 4.01e-03,biloss:0.001,icloss:0.280,loss1:0.814, loss2:2.802, loss3:1.156, ploss:0.000,palign:0.000,total_loss:5.053,fceloss:0.0000
2026-06-11 16:19:49,718 transreid.image_train INFO: Epoch[75] Iteration[80/111] CoEN(qR=0.37,qN=0.36) Loss: 5.171, Acc: 0.990,Acc1: 0.989,Acc2: 0.951, Base Lr: 4.01e-03,biloss:0.001,icloss:0.280,loss1:0.689, loss2:2.561, loss3:1.143, ploss:0.000,palign:0.000,total_loss:4.674,fceloss:0.0000
2026-06-11 16:19:53,002 transreid.image_train INFO: Epoch[75] Iteration[100/111] CoEN(qR=0.39,qN=0.39) Loss: 5.133, Acc: 0.990,Acc1: 0.990,Acc2: 0.948, Base Lr: 4.01e-03,biloss:0.001,icloss:0.338,loss1:0.607, loss2:2.539, loss3:1.185, ploss:0.000,palign:0.000,total_loss:4.670,fceloss:0.0000
2026-06-11 16:19:54,595 transreid.image_train INFO: Epoch 75 done. Time per batch: 20.278[s] Speed: 1.6[samples/s]
2026-06-11 16:20:04,367 transreid.image_train INFO: Validation Results - Epoch: 75
2026-06-11 16:20:04,368 transreid.image_train INFO: mAP: 66.9%
2026-06-11 16:20:04,368 transreid.image_train INFO: CMC curve, Rank-1  :73.1%
2026-06-11 16:20:04,368 transreid.image_train INFO: CMC curve, Rank-5  :78.5%
2026-06-11 16:20:04,368 transreid.image_train INFO: CMC curve, Rank-10 :81.1%
2026-06-11 16:20:04,368 transreid.image_train INFO: Best mAP: 67.5%
2026-06-11 16:20:04,368 transreid.image_train INFO: Best Rank-1: 74.4%
2026-06-11 16:20:04,368 transreid.image_train INFO: Best Rank-5: 79.2%
2026-06-11 16:20:04,368 transreid.image_train INFO: Best Rank-10: 81.5%
2026-06-11 16:20:08,818 transreid.image_train INFO: Epoch[76] Iteration[20/111] CoEN(qR=0.48,qN=0.44) Loss: 5.343, Acc: 0.984,Acc1: 0.984,Acc2: 0.944, Base Lr: 3.92e-03,biloss:0.001,icloss:0.303,loss1:0.845, loss2:2.899, loss3:1.151, ploss:0.000,palign:0.000,total_loss:5.198,fceloss:0.0000
2026-06-11 16:20:12,091 transreid.image_train INFO: Epoch[76] Iteration[40/111] CoEN(qR=0.46,qN=0.43) Loss: 5.232, Acc: 0.991,Acc1: 0.991,Acc2: 0.953, Base Lr: 3.92e-03,biloss:0.001,icloss:0.298,loss1:0.894, loss2:2.868, loss3:1.134, ploss:0.000,palign:0.000,total_loss:5.195,fceloss:0.0000
2026-06-11 16:20:15,396 transreid.image_train INFO: Epoch[76] Iteration[60/111] CoEN(qR=0.43,qN=0.42) Loss: 5.169, Acc: 0.992,Acc1: 0.992,Acc2: 0.953, Base Lr: 3.92e-03,biloss:0.001,icloss:0.285,loss1:0.885, loss2:2.846, loss3:1.328, ploss:0.000,palign:0.000,total_loss:5.345,fceloss:0.0000
2026-06-11 16:20:18,826 transreid.image_train INFO: Epoch[76] Iteration[80/111] CoEN(qR=0.44,qN=0.41) Loss: 5.154, Acc: 0.991,Acc1: 0.991,Acc2: 0.954, Base Lr: 3.92e-03,biloss:0.001,icloss:0.304,loss1:0.704, loss2:2.694, loss3:1.081, ploss:0.000,palign:0.000,total_loss:4.784,fceloss:0.0000
2026-06-11 16:20:22,082 transreid.image_train INFO: Epoch[76] Iteration[100/111] CoEN(qR=0.39,qN=0.39) Loss: 5.119, Acc: 0.992,Acc1: 0.992,Acc2: 0.948, Base Lr: 3.92e-03,biloss:0.001,icloss:0.317,loss1:0.625, loss2:2.571, loss3:1.231, ploss:0.000,palign:0.000,total_loss:4.745,fceloss:0.0000
2026-06-11 16:20:23,651 transreid.image_train INFO: Epoch 76 done. Time per batch: 20.545[s] Speed: 1.6[samples/s]
2026-06-11 16:20:33,252 transreid.image_train INFO: Validation Results - Epoch: 76
2026-06-11 16:20:33,253 transreid.image_train INFO: mAP: 67.5%
2026-06-11 16:20:33,253 transreid.image_train INFO: CMC curve, Rank-1  :73.8%
2026-06-11 16:20:33,253 transreid.image_train INFO: CMC curve, Rank-5  :79.4%
2026-06-11 16:20:33,253 transreid.image_train INFO: CMC curve, Rank-10 :81.3%
2026-06-11 16:20:33,253 transreid.image_train INFO: Best mAP: 67.5%
2026-06-11 16:20:33,253 transreid.image_train INFO: Best Rank-1: 74.4%
2026-06-11 16:20:33,253 transreid.image_train INFO: Best Rank-5: 79.2%
2026-06-11 16:20:33,253 transreid.image_train INFO: Best Rank-10: 81.5%
2026-06-11 16:20:37,660 transreid.image_train INFO: Epoch[77] Iteration[20/111] CoEN(qR=0.53,qN=0.46) Loss: 5.211, Acc: 0.991,Acc1: 0.988,Acc2: 0.956, Base Lr: 3.84e-03,biloss:0.001,icloss:0.324,loss1:0.940, loss2:2.909, loss3:1.286, ploss:0.000,palign:0.000,total_loss:5.460,fceloss:0.0000
2026-06-11 16:20:40,990 transreid.image_train INFO: Epoch[77] Iteration[40/111] CoEN(qR=0.48,qN=0.44) Loss: 5.211, Acc: 0.989,Acc1: 0.984,Acc2: 0.954, Base Lr: 3.84e-03,biloss:0.001,icloss:0.332,loss1:0.843, loss2:2.817, loss3:1.168, ploss:0.000,palign:0.000,total_loss:5.162,fceloss:0.0000
2026-06-11 16:20:44,345 transreid.image_train INFO: Epoch[77] Iteration[60/111] CoEN(qR=0.44,qN=0.43) Loss: 5.161, Acc: 0.989,Acc1: 0.989,Acc2: 0.951, Base Lr: 3.84e-03,biloss:0.001,icloss:0.322,loss1:0.744, loss2:2.763, loss3:1.338, ploss:0.000,palign:0.000,total_loss:5.169,fceloss:0.0000
2026-06-11 16:20:47,685 transreid.image_train INFO: Epoch[77] Iteration[80/111] CoEN(qR=0.43,qN=0.40) Loss: 5.112, Acc: 0.991,Acc1: 0.991,Acc2: 0.952, Base Lr: 3.84e-03,biloss:0.001,icloss:0.331,loss1:0.697, loss2:2.647, loss3:1.297, ploss:0.000,palign:0.000,total_loss:4.973,fceloss:0.0000
2026-06-11 16:20:51,018 transreid.image_train INFO: Epoch[77] Iteration[100/111] CoEN(qR=0.46,qN=0.45) Loss: 5.085, Acc: 0.991,Acc1: 0.992,Acc2: 0.947, Base Lr: 3.84e-03,biloss:0.001,icloss:0.324,loss1:0.768, loss2:2.822, loss3:1.132, ploss:0.000,palign:0.000,total_loss:5.048,fceloss:0.0000
2026-06-11 16:20:52,608 transreid.image_train INFO: Epoch 77 done. Time per batch: 20.810[s] Speed: 1.5[samples/s]
2026-06-11 16:21:02,484 transreid.image_train INFO: Validation Results - Epoch: 77
2026-06-11 16:21:02,485 transreid.image_train INFO: mAP: 67.7%
2026-06-11 16:21:02,485 transreid.image_train INFO: CMC curve, Rank-1  :74.2%
2026-06-11 16:21:02,485 transreid.image_train INFO: CMC curve, Rank-5  :79.0%
2026-06-11 16:21:02,485 transreid.image_train INFO: CMC curve, Rank-10 :83.1%
2026-06-11 16:21:04,193 transreid.image_train INFO: Best mAP: 67.7%
2026-06-11 16:21:04,194 transreid.image_train INFO: Best Rank-1: 74.2%
2026-06-11 16:21:04,194 transreid.image_train INFO: Best Rank-5: 79.0%
2026-06-11 16:21:04,194 transreid.image_train INFO: Best Rank-10: 83.1%
2026-06-11 16:21:08,672 transreid.image_train INFO: Epoch[78] Iteration[20/111] CoEN(qR=0.40,qN=0.38) Loss: 5.251, Acc: 0.988,Acc1: 0.988,Acc2: 0.930, Base Lr: 3.76e-03,biloss:0.001,icloss:0.293,loss1:0.732, loss2:2.621, loss3:1.167, ploss:0.000,palign:0.000,total_loss:4.815,fceloss:0.0000
2026-06-11 16:21:11,913 transreid.image_train INFO: Epoch[78] Iteration[40/111] CoEN(qR=0.42,qN=0.38) Loss: 5.146, Acc: 0.994,Acc1: 0.993,Acc2: 0.940, Base Lr: 3.76e-03,biloss:0.001,icloss:0.295,loss1:0.798, loss2:2.681, loss3:1.393, ploss:0.000,palign:0.000,total_loss:5.169,fceloss:0.0000
2026-06-11 16:21:15,155 transreid.image_train INFO: Epoch[78] Iteration[60/111] CoEN(qR=0.46,qN=0.41) Loss: 5.125, Acc: 0.994,Acc1: 0.991,Acc2: 0.946, Base Lr: 3.76e-03,biloss:0.001,icloss:0.296,loss1:0.784, loss2:2.760, loss3:1.127, ploss:0.000,palign:0.000,total_loss:4.969,fceloss:0.0000
2026-06-11 16:21:18,413 transreid.image_train INFO: Epoch[78] Iteration[80/111] CoEN(qR=0.49,qN=0.44) Loss: 5.102, Acc: 0.994,Acc1: 0.993,Acc2: 0.949, Base Lr: 3.76e-03,biloss:0.001,icloss:0.306,loss1:0.861, loss2:2.868, loss3:1.145, ploss:0.000,palign:0.000,total_loss:5.181,fceloss:0.0000
2026-06-11 16:21:21,659 transreid.image_train INFO: Epoch[78] Iteration[100/111] CoEN(qR=0.41,qN=0.40) Loss: 5.060, Acc: 0.992,Acc1: 0.991,Acc2: 0.947, Base Lr: 3.76e-03,biloss:0.001,icloss:0.342,loss1:0.622, loss2:2.557, loss3:1.069, ploss:0.000,palign:0.000,total_loss:4.590,fceloss:0.0000
2026-06-11 16:21:23,044 transreid.image_train INFO: Epoch 78 done. Time per batch: 21.285[s] Speed: 1.5[samples/s]
2026-06-11 16:21:32,890 transreid.image_train INFO: Validation Results - Epoch: 78
2026-06-11 16:21:32,891 transreid.image_train INFO: mAP: 67.9%
2026-06-11 16:21:32,891 transreid.image_train INFO: CMC curve, Rank-1  :74.2%
2026-06-11 16:21:32,891 transreid.image_train INFO: CMC curve, Rank-5  :78.8%
2026-06-11 16:21:32,891 transreid.image_train INFO: CMC curve, Rank-10 :81.7%
2026-06-11 16:21:34,788 transreid.image_train INFO: Best mAP: 67.9%
2026-06-11 16:21:34,789 transreid.image_train INFO: Best Rank-1: 74.2%
2026-06-11 16:21:34,789 transreid.image_train INFO: Best Rank-5: 78.8%
2026-06-11 16:21:34,789 transreid.image_train INFO: Best Rank-10: 81.7%
2026-06-11 16:21:39,214 transreid.image_train INFO: Epoch[79] Iteration[20/111] CoEN(qR=0.48,qN=0.42) Loss: 5.250, Acc: 1.000,Acc1: 1.000,Acc2: 0.956, Base Lr: 3.67e-03,biloss:0.001,icloss:0.298,loss1:0.859, loss2:2.820, loss3:1.199, ploss:0.000,palign:0.000,total_loss:5.177,fceloss:0.0000
2026-06-11 16:21:42,483 transreid.image_train INFO: Epoch[79] Iteration[40/111] CoEN(qR=0.52,qN=0.46) Loss: 5.215, Acc: 0.997,Acc1: 0.997,Acc2: 0.948, Base Lr: 3.67e-03,biloss:0.001,icloss:0.316,loss1:0.925, loss2:2.959, loss3:1.250, ploss:0.000,palign:0.000,total_loss:5.451,fceloss:0.0000
2026-06-11 16:21:45,739 transreid.image_train INFO: Epoch[79] Iteration[60/111] CoEN(qR=0.43,qN=0.41) Loss: 5.143, Acc: 0.992,Acc1: 0.992,Acc2: 0.953, Base Lr: 3.67e-03,biloss:0.001,icloss:0.297,loss1:0.770, loss2:2.763, loss3:1.159, ploss:0.000,palign:0.000,total_loss:4.990,fceloss:0.0000
2026-06-11 16:21:48,982 transreid.image_train INFO: Epoch[79] Iteration[80/111] CoEN(qR=0.47,qN=0.42) Loss: 5.104, Acc: 0.993,Acc1: 0.993,Acc2: 0.949, Base Lr: 3.67e-03,biloss:0.001,icloss:0.334,loss1:0.686, loss2:2.660, loss3:1.064, ploss:0.000,palign:0.000,total_loss:4.745,fceloss:0.0000
2026-06-11 16:21:52,232 transreid.image_train INFO: Epoch[79] Iteration[100/111] CoEN(qR=0.42,qN=0.39) Loss: 5.050, Acc: 0.992,Acc1: 0.993,Acc2: 0.951, Base Lr: 3.67e-03,biloss:0.001,icloss:0.323,loss1:0.637, loss2:2.558, loss3:1.086, ploss:0.000,palign:0.000,total_loss:4.605,fceloss:0.0000
2026-06-11 16:21:53,807 transreid.image_train INFO: Epoch 79 done. Time per batch: 21.372[s] Speed: 1.5[samples/s]
2026-06-11 16:22:03,467 transreid.image_train INFO: Validation Results - Epoch: 79
2026-06-11 16:22:03,467 transreid.image_train INFO: mAP: 68.0%
2026-06-11 16:22:03,467 transreid.image_train INFO: CMC curve, Rank-1  :74.4%
2026-06-11 16:22:03,467 transreid.image_train INFO: CMC curve, Rank-5  :79.0%
2026-06-11 16:22:03,467 transreid.image_train INFO: CMC curve, Rank-10 :81.5%
2026-06-11 16:22:05,326 transreid.image_train INFO: Best mAP: 68.0%
2026-06-11 16:22:05,326 transreid.image_train INFO: Best Rank-1: 74.4%
2026-06-11 16:22:05,326 transreid.image_train INFO: Best Rank-5: 79.0%
2026-06-11 16:22:05,326 transreid.image_train INFO: Best Rank-10: 81.5%
2026-06-11 16:22:09,670 transreid.image_train INFO: Epoch[80] Iteration[20/111] CoEN(qR=0.44,qN=0.43) Loss: 5.120, Acc: 1.000,Acc1: 0.998,Acc2: 0.952, Base Lr: 3.59e-03,biloss:0.001,icloss:0.284,loss1:0.839, loss2:2.900, loss3:1.151, ploss:0.000,palign:0.000,total_loss:5.175,fceloss:0.0000
2026-06-11 16:22:12,918 transreid.image_train INFO: Epoch[80] Iteration[40/111] CoEN(qR=0.49,qN=0.44) Loss: 5.073, Acc: 0.997,Acc1: 0.995,Acc2: 0.956, Base Lr: 3.59e-03,biloss:0.001,icloss:0.314,loss1:0.837, loss2:2.834, loss3:1.145, ploss:0.000,palign:0.000,total_loss:5.131,fceloss:0.0000
2026-06-11 16:22:16,186 transreid.image_train INFO: Epoch[80] Iteration[60/111] CoEN(qR=0.44,qN=0.42) Loss: 5.061, Acc: 0.994,Acc1: 0.993,Acc2: 0.953, Base Lr: 3.59e-03,biloss:0.001,icloss:0.298,loss1:0.730, loss2:2.765, loss3:1.096, ploss:0.000,palign:0.000,total_loss:4.890,fceloss:0.0000
2026-06-11 16:22:19,443 transreid.image_train INFO: Epoch[80] Iteration[80/111] CoEN(qR=0.50,qN=0.45) Loss: 5.047, Acc: 0.994,Acc1: 0.993,Acc2: 0.952, Base Lr: 3.59e-03,biloss:0.001,icloss:0.315,loss1:0.785, loss2:2.871, loss3:1.225, ploss:0.000,palign:0.000,total_loss:5.198,fceloss:0.0000
2026-06-11 16:22:22,690 transreid.image_train INFO: Epoch[80] Iteration[100/111] CoEN(qR=0.43,qN=0.40) Loss: 5.024, Acc: 0.993,Acc1: 0.993,Acc2: 0.948, Base Lr: 3.59e-03,biloss:0.001,icloss:0.324,loss1:0.722, loss2:2.622, loss3:1.367, ploss:0.000,palign:0.000,total_loss:5.036,fceloss:0.0000
2026-06-11 16:22:24,242 transreid.image_train INFO: Epoch 80 done. Time per batch: 21.651[s] Speed: 1.5[samples/s]
2026-06-11 16:22:34,001 transreid.image_train INFO: Validation Results - Epoch: 80
2026-06-11 16:22:34,001 transreid.image_train INFO: mAP: 67.4%
2026-06-11 16:22:34,001 transreid.image_train INFO: CMC curve, Rank-1  :74.0%
2026-06-11 16:22:34,001 transreid.image_train INFO: CMC curve, Rank-5  :78.5%
2026-06-11 16:22:34,001 transreid.image_train INFO: CMC curve, Rank-10 :81.3%
2026-06-11 16:22:34,001 transreid.image_train INFO: Best mAP: 68.0%
2026-06-11 16:22:34,001 transreid.image_train INFO: Best Rank-1: 74.4%
2026-06-11 16:22:34,002 transreid.image_train INFO: Best Rank-5: 79.0%
2026-06-11 16:22:34,002 transreid.image_train INFO: Best Rank-10: 81.5%
2026-06-11 16:22:38,460 transreid.image_train INFO: Epoch[81] Iteration[20/111] CoEN(qR=0.43,qN=0.42) Loss: 5.126, Acc: 1.000,Acc1: 0.994,Acc2: 0.944, Base Lr: 3.51e-03,biloss:0.001,icloss:0.310,loss1:0.761, loss2:2.808, loss3:1.285, ploss:0.000,palign:0.000,total_loss:5.166,fceloss:0.0000
2026-06-11 16:22:41,776 transreid.image_train INFO: Epoch[81] Iteration[40/111] CoEN(qR=0.44,qN=0.41) Loss: 5.088, Acc: 1.000,Acc1: 0.997,Acc2: 0.963, Base Lr: 3.51e-03,biloss:0.001,icloss:0.294,loss1:0.736, loss2:2.726, loss3:1.111, ploss:0.000,palign:0.000,total_loss:4.869,fceloss:0.0000
2026-06-11 16:22:45,072 transreid.image_train INFO: Epoch[81] Iteration[60/111] CoEN(qR=0.42,qN=0.41) Loss: 5.044, Acc: 0.999,Acc1: 0.997,Acc2: 0.965, Base Lr: 3.51e-03,biloss:0.001,icloss:0.306,loss1:0.759, loss2:2.711, loss3:1.149, ploss:0.000,palign:0.000,total_loss:4.927,fceloss:0.0000
2026-06-11 16:22:48,405 transreid.image_train INFO: Epoch[81] Iteration[80/111] CoEN(qR=0.42,qN=0.40) Loss: 5.028, Acc: 0.993,Acc1: 0.992,Acc2: 0.959, Base Lr: 3.51e-03,biloss:0.001,icloss:0.308,loss1:0.818, loss2:2.753, loss3:1.270, ploss:0.000,palign:0.000,total_loss:5.150,fceloss:0.0000
2026-06-11 16:22:51,701 transreid.image_train INFO: Epoch[81] Iteration[100/111] CoEN(qR=0.44,qN=0.40) Loss: 4.999, Acc: 0.993,Acc1: 0.993,Acc2: 0.955, Base Lr: 3.51e-03,biloss:0.001,icloss:0.297,loss1:0.676, loss2:2.644, loss3:1.222, ploss:0.000,palign:0.000,total_loss:4.841,fceloss:0.0000
2026-06-11 16:22:53,279 transreid.image_train INFO: Epoch 81 done. Time per batch: 21.917[s] Speed: 1.5[samples/s]
2026-06-11 16:23:02,993 transreid.image_train INFO: Validation Results - Epoch: 81
2026-06-11 16:23:02,994 transreid.image_train INFO: mAP: 67.7%
2026-06-11 16:23:02,994 transreid.image_train INFO: CMC curve, Rank-1  :74.0%
2026-06-11 16:23:02,994 transreid.image_train INFO: CMC curve, Rank-5  :79.4%
2026-06-11 16:23:02,994 transreid.image_train INFO: CMC curve, Rank-10 :81.5%
2026-06-11 16:23:02,994 transreid.image_train INFO: Best mAP: 68.0%
2026-06-11 16:23:02,994 transreid.image_train INFO: Best Rank-1: 74.4%
2026-06-11 16:23:02,994 transreid.image_train INFO: Best Rank-5: 79.0%
2026-06-11 16:23:02,994 transreid.image_train INFO: Best Rank-10: 81.5%
2026-06-11 16:23:07,513 transreid.image_train INFO: Epoch[82] Iteration[20/111] CoEN(qR=0.41,qN=0.39) Loss: 5.102, Acc: 0.997,Acc1: 1.000,Acc2: 0.934, Base Lr: 3.42e-03,biloss:0.001,icloss:0.311,loss1:0.679, loss2:2.626, loss3:1.773, ploss:0.000,palign:0.000,total_loss:5.389,fceloss:0.0000
2026-06-11 16:23:10,732 transreid.image_train INFO: Epoch[82] Iteration[40/111] CoEN(qR=0.44,qN=0.44) Loss: 5.057, Acc: 0.998,Acc1: 1.000,Acc2: 0.948, Base Lr: 3.42e-03,biloss:0.001,icloss:0.284,loss1:0.787, loss2:2.888, loss3:1.296, ploss:0.000,palign:0.000,total_loss:5.255,fceloss:0.0000
2026-06-11 16:23:13,968 transreid.image_train INFO: Epoch[82] Iteration[60/111] CoEN(qR=0.44,qN=0.43) Loss: 5.044, Acc: 0.995,Acc1: 0.995,Acc2: 0.955, Base Lr: 3.42e-03,biloss:0.001,icloss:0.307,loss1:0.777, loss2:2.787, loss3:1.110, ploss:0.000,palign:0.000,total_loss:4.982,fceloss:0.0000
2026-06-11 16:23:17,211 transreid.image_train INFO: Epoch[82] Iteration[80/111] CoEN(qR=0.45,qN=0.42) Loss: 5.017, Acc: 0.995,Acc1: 0.994,Acc2: 0.956, Base Lr: 3.42e-03,biloss:0.001,icloss:0.311,loss1:0.721, loss2:2.760, loss3:1.109, ploss:0.000,palign:0.000,total_loss:4.901,fceloss:0.0000
2026-06-11 16:23:20,463 transreid.image_train INFO: Epoch[82] Iteration[100/111] CoEN(qR=0.49,qN=0.46) Loss: 4.978, Acc: 0.994,Acc1: 0.994,Acc2: 0.955, Base Lr: 3.42e-03,biloss:0.001,icloss:0.326,loss1:0.763, loss2:2.867, loss3:1.115, ploss:0.000,palign:0.000,total_loss:5.071,fceloss:0.0000
2026-06-11 16:23:22,042 transreid.image_train INFO: Epoch 82 done. Time per batch: 22.181[s] Speed: 1.4[samples/s]
2026-06-11 16:23:31,766 transreid.image_train INFO: Validation Results - Epoch: 82
2026-06-11 16:23:31,766 transreid.image_train INFO: mAP: 67.3%
2026-06-11 16:23:31,766 transreid.image_train INFO: CMC curve, Rank-1  :74.0%
2026-06-11 16:23:31,766 transreid.image_train INFO: CMC curve, Rank-5  :78.8%
2026-06-11 16:23:31,766 transreid.image_train INFO: CMC curve, Rank-10 :81.3%
2026-06-11 16:23:31,766 transreid.image_train INFO: Best mAP: 68.0%
2026-06-11 16:23:31,766 transreid.image_train INFO: Best Rank-1: 74.4%
2026-06-11 16:23:31,766 transreid.image_train INFO: Best Rank-5: 79.0%
2026-06-11 16:23:31,766 transreid.image_train INFO: Best Rank-10: 81.5%
2026-06-11 16:23:36,332 transreid.image_train INFO: Epoch[83] Iteration[20/111] CoEN(qR=0.46,qN=0.42) Loss: 5.018, Acc: 0.995,Acc1: 0.997,Acc2: 0.958, Base Lr: 3.34e-03,biloss:0.001,icloss:0.303,loss1:0.820, loss2:2.820, loss3:1.161, ploss:0.000,palign:0.000,total_loss:5.106,fceloss:0.0000
2026-06-11 16:23:39,549 transreid.image_train INFO: Epoch[83] Iteration[40/111] CoEN(qR=0.52,qN=0.49) Loss: 5.034, Acc: 0.990,Acc1: 0.994,Acc2: 0.959, Base Lr: 3.34e-03,biloss:0.001,icloss:0.334,loss1:0.915, loss2:3.015, loss3:1.207, ploss:0.000,palign:0.000,total_loss:5.472,fceloss:0.0000
2026-06-11 16:23:42,797 transreid.image_train INFO: Epoch[83] Iteration[60/111] CoEN(qR=0.45,qN=0.40) Loss: 5.014, Acc: 0.993,Acc1: 0.996,Acc2: 0.952, Base Lr: 3.34e-03,biloss:0.001,icloss:0.321,loss1:0.685, loss2:2.607, loss3:1.079, ploss:0.000,palign:0.000,total_loss:4.693,fceloss:0.0000
2026-06-11 16:23:46,025 transreid.image_train INFO: Epoch[83] Iteration[80/111] CoEN(qR=0.44,qN=0.41) Loss: 5.001, Acc: 0.992,Acc1: 0.994,Acc2: 0.953, Base Lr: 3.34e-03,biloss:0.001,icloss:0.298,loss1:0.743, loss2:2.773, loss3:1.142, ploss:0.000,palign:0.000,total_loss:4.957,fceloss:0.0000
2026-06-11 16:23:49,246 transreid.image_train INFO: Epoch[83] Iteration[100/111] CoEN(qR=0.42,qN=0.41) Loss: 4.969, Acc: 0.992,Acc1: 0.994,Acc2: 0.950, Base Lr: 3.34e-03,biloss:0.001,icloss:0.331,loss1:0.628, loss2:2.619, loss3:1.273, ploss:0.000,palign:0.000,total_loss:4.851,fceloss:0.0000
2026-06-11 16:23:50,833 transreid.image_train INFO: Epoch 83 done. Time per batch: 22.445[s] Speed: 1.4[samples/s]
2026-06-11 16:24:00,632 transreid.image_train INFO: Validation Results - Epoch: 83
2026-06-11 16:24:00,632 transreid.image_train INFO: mAP: 67.7%
2026-06-11 16:24:00,632 transreid.image_train INFO: CMC curve, Rank-1  :74.7%
2026-06-11 16:24:00,632 transreid.image_train INFO: CMC curve, Rank-5  :79.4%
2026-06-11 16:24:00,632 transreid.image_train INFO: CMC curve, Rank-10 :81.5%
2026-06-11 16:24:00,632 transreid.image_train INFO: Best mAP: 68.0%
2026-06-11 16:24:00,633 transreid.image_train INFO: Best Rank-1: 74.4%
2026-06-11 16:24:00,633 transreid.image_train INFO: Best Rank-5: 79.0%
2026-06-11 16:24:00,633 transreid.image_train INFO: Best Rank-10: 81.5%
2026-06-11 16:24:05,428 transreid.image_train INFO: Epoch[84] Iteration[20/111] CoEN(qR=0.45,qN=0.42) Loss: 4.999, Acc: 0.991,Acc1: 0.989,Acc2: 0.978, Base Lr: 3.26e-03,biloss:0.001,icloss:0.326,loss1:0.752, loss2:2.746, loss3:1.145, ploss:0.000,palign:0.000,total_loss:4.970,fceloss:0.0000
2026-06-11 16:24:08,690 transreid.image_train INFO: Epoch[84] Iteration[40/111] CoEN(qR=0.45,qN=0.44) Loss: 5.034, Acc: 0.992,Acc1: 0.992,Acc2: 0.963, Base Lr: 3.26e-03,biloss:0.001,icloss:0.296,loss1:0.813, loss2:2.874, loss3:1.193, ploss:0.000,palign:0.000,total_loss:5.178,fceloss:0.0000
2026-06-11 16:24:11,989 transreid.image_train INFO: Epoch[84] Iteration[60/111] CoEN(qR=0.47,qN=0.41) Loss: 4.995, Acc: 0.992,Acc1: 0.992,Acc2: 0.960, Base Lr: 3.26e-03,biloss:0.001,icloss:0.317,loss1:0.740, loss2:2.680, loss3:1.074, ploss:0.000,palign:0.000,total_loss:4.812,fceloss:0.0000
2026-06-11 16:24:15,253 transreid.image_train INFO: Epoch[84] Iteration[80/111] CoEN(qR=0.47,qN=0.42) Loss: 4.960, Acc: 0.993,Acc1: 0.993,Acc2: 0.960, Base Lr: 3.26e-03,biloss:0.001,icloss:0.294,loss1:0.849, loss2:2.815, loss3:1.189, ploss:0.000,palign:0.000,total_loss:5.148,fceloss:0.0000
2026-06-11 16:24:18,500 transreid.image_train INFO: Epoch[84] Iteration[100/111] CoEN(qR=0.45,qN=0.43) Loss: 4.940, Acc: 0.992,Acc1: 0.992,Acc2: 0.951, Base Lr: 3.26e-03,biloss:0.001,icloss:0.344,loss1:0.660, loss2:2.676, loss3:1.335, ploss:0.000,palign:0.000,total_loss:5.016,fceloss:0.0000
2026-06-11 16:24:20,061 transreid.image_train INFO: Epoch 84 done. Time per batch: 22.714[s] Speed: 1.4[samples/s]
2026-06-11 16:24:29,751 transreid.image_train INFO: Validation Results - Epoch: 84
2026-06-11 16:24:29,752 transreid.image_train INFO: mAP: 67.8%
2026-06-11 16:24:29,752 transreid.image_train INFO: CMC curve, Rank-1  :74.0%
2026-06-11 16:24:29,752 transreid.image_train INFO: CMC curve, Rank-5  :79.0%
2026-06-11 16:24:29,752 transreid.image_train INFO: CMC curve, Rank-10 :81.3%
2026-06-11 16:24:29,752 transreid.image_train INFO: Best mAP: 68.0%
2026-06-11 16:24:29,752 transreid.image_train INFO: Best Rank-1: 74.4%
2026-06-11 16:24:29,752 transreid.image_train INFO: Best Rank-5: 79.0%
2026-06-11 16:24:29,752 transreid.image_train INFO: Best Rank-10: 81.5%
2026-06-11 16:24:34,298 transreid.image_train INFO: Epoch[85] Iteration[20/111] CoEN(qR=0.45,qN=0.42) Loss: 5.058, Acc: 0.992,Acc1: 0.991,Acc2: 0.948, Base Lr: 3.18e-03,biloss:0.001,icloss:0.327,loss1:0.727, loss2:2.710, loss3:1.198, ploss:0.000,palign:0.000,total_loss:4.963,fceloss:0.0000
2026-06-11 16:24:37,585 transreid.image_train INFO: Epoch[85] Iteration[40/111] CoEN(qR=0.41,qN=0.40) Loss: 5.033, Acc: 0.990,Acc1: 0.992,Acc2: 0.957, Base Lr: 3.18e-03,biloss:0.001,icloss:0.300,loss1:0.729, loss2:2.712, loss3:1.127, ploss:0.000,palign:0.000,total_loss:4.868,fceloss:0.0000
2026-06-11 16:24:40,928 transreid.image_train INFO: Epoch[85] Iteration[60/111] CoEN(qR=0.48,qN=0.45) Loss: 4.995, Acc: 0.993,Acc1: 0.995,Acc2: 0.957, Base Lr: 3.18e-03,biloss:0.001,icloss:0.335,loss1:0.725, loss2:2.779, loss3:1.084, ploss:0.000,palign:0.000,total_loss:4.924,fceloss:0.0000
2026-06-11 16:24:44,287 transreid.image_train INFO: Epoch[85] Iteration[80/111] CoEN(qR=0.47,qN=0.44) Loss: 4.981, Acc: 0.993,Acc1: 0.995,Acc2: 0.958, Base Lr: 3.18e-03,biloss:0.001,icloss:0.327,loss1:0.684, loss2:2.731, loss3:1.079, ploss:0.000,palign:0.000,total_loss:4.822,fceloss:0.0000
2026-06-11 16:24:47,612 transreid.image_train INFO: Epoch[85] Iteration[100/111] CoEN(qR=0.39,qN=0.38) Loss: 4.945, Acc: 0.992,Acc1: 0.993,Acc2: 0.956, Base Lr: 3.18e-03,biloss:0.001,icloss:0.350,loss1:0.599, loss2:2.493, loss3:1.645, ploss:0.000,palign:0.000,total_loss:5.088,fceloss:0.0000
2026-06-11 16:24:49,226 transreid.image_train INFO: Epoch 85 done. Time per batch: 22.981[s] Speed: 1.4[samples/s]
2026-06-11 16:24:58,849 transreid.image_train INFO: Validation Results - Epoch: 85
2026-06-11 16:24:58,849 transreid.image_train INFO: mAP: 67.6%
2026-06-11 16:24:58,850 transreid.image_train INFO: CMC curve, Rank-1  :73.8%
2026-06-11 16:24:58,850 transreid.image_train INFO: CMC curve, Rank-5  :79.2%
2026-06-11 16:24:58,850 transreid.image_train INFO: CMC curve, Rank-10 :81.3%
2026-06-11 16:24:58,850 transreid.image_train INFO: Best mAP: 68.0%
2026-06-11 16:24:58,850 transreid.image_train INFO: Best Rank-1: 74.4%
2026-06-11 16:24:58,850 transreid.image_train INFO: Best Rank-5: 79.0%
2026-06-11 16:24:58,850 transreid.image_train INFO: Best Rank-10: 81.5%
2026-06-11 16:25:03,370 transreid.image_train INFO: Epoch[86] Iteration[20/111] CoEN(qR=0.45,qN=0.43) Loss: 5.004, Acc: 0.991,Acc1: 0.994,Acc2: 0.978, Base Lr: 3.10e-03,biloss:0.001,icloss:0.302,loss1:0.816, loss2:2.844, loss3:1.140, ploss:0.000,palign:0.000,total_loss:5.102,fceloss:0.0000
2026-06-11 16:25:06,627 transreid.image_train INFO: Epoch[86] Iteration[40/111] CoEN(qR=0.49,qN=0.46) Loss: 5.007, Acc: 0.992,Acc1: 0.994,Acc2: 0.960, Base Lr: 3.10e-03,biloss:0.001,icloss:0.329,loss1:0.780, loss2:2.855, loss3:1.116, ploss:0.000,palign:0.000,total_loss:5.081,fceloss:0.0000
2026-06-11 16:25:09,891 transreid.image_train INFO: Epoch[86] Iteration[60/111] CoEN(qR=0.47,qN=0.44) Loss: 4.983, Acc: 0.993,Acc1: 0.994,Acc2: 0.965, Base Lr: 3.10e-03,biloss:0.001,icloss:0.350,loss1:0.715, loss2:2.758, loss3:1.116, ploss:0.000,palign:0.000,total_loss:4.940,fceloss:0.0000
2026-06-11 16:25:13,134 transreid.image_train INFO: Epoch[86] Iteration[80/111] CoEN(qR=0.45,qN=0.42) Loss: 4.961, Acc: 0.994,Acc1: 0.993,Acc2: 0.959, Base Lr: 3.10e-03,biloss:0.001,icloss:0.349,loss1:0.656, loss2:2.630, loss3:1.089, ploss:0.000,palign:0.000,total_loss:4.726,fceloss:0.0000
2026-06-11 16:25:16,382 transreid.image_train INFO: Epoch[86] Iteration[100/111] CoEN(qR=0.41,qN=0.40) Loss: 4.930, Acc: 0.995,Acc1: 0.995,Acc2: 0.957, Base Lr: 3.10e-03,biloss:0.001,icloss:0.312,loss1:0.610, loss2:2.540, loss3:1.040, ploss:0.000,palign:0.000,total_loss:4.503,fceloss:0.0000
2026-06-11 16:25:18,112 transreid.image_train INFO: Epoch 86 done. Time per batch: 23.035[s] Speed: 1.4[samples/s]
2026-06-11 16:25:27,751 transreid.image_train INFO: Validation Results - Epoch: 86
2026-06-11 16:25:27,751 transreid.image_train INFO: mAP: 67.3%
2026-06-11 16:25:27,751 transreid.image_train INFO: CMC curve, Rank-1  :74.2%
2026-06-11 16:25:27,751 transreid.image_train INFO: CMC curve, Rank-5  :79.2%
2026-06-11 16:25:27,751 transreid.image_train INFO: CMC curve, Rank-10 :81.3%
2026-06-11 16:25:27,751 transreid.image_train INFO: Best mAP: 68.0%
2026-06-11 16:25:27,751 transreid.image_train INFO: Best Rank-1: 74.4%
2026-06-11 16:25:27,751 transreid.image_train INFO: Best Rank-5: 79.0%
2026-06-11 16:25:27,751 transreid.image_train INFO: Best Rank-10: 81.5%
2026-06-11 16:25:32,223 transreid.image_train INFO: Epoch[87] Iteration[20/111] CoEN(qR=0.48,qN=0.43) Loss: 4.948, Acc: 0.989,Acc1: 0.986,Acc2: 0.977, Base Lr: 3.02e-03,biloss:0.001,icloss:0.346,loss1:0.698, loss2:2.665, loss3:1.062, ploss:0.000,palign:0.000,total_loss:4.773,fceloss:0.0000
2026-06-11 16:25:35,555 transreid.image_train INFO: Epoch[87] Iteration[40/111] CoEN(qR=0.41,qN=0.39) Loss: 4.973, Acc: 0.991,Acc1: 0.990,Acc2: 0.963, Base Lr: 3.02e-03,biloss:0.001,icloss:0.316,loss1:0.850, loss2:2.693, loss3:1.292, ploss:0.000,palign:0.000,total_loss:5.152,fceloss:0.0000
2026-06-11 16:25:38,872 transreid.image_train INFO: Epoch[87] Iteration[60/111] CoEN(qR=0.49,qN=0.44) Loss: 4.961, Acc: 0.992,Acc1: 0.992,Acc2: 0.968, Base Lr: 3.02e-03,biloss:0.001,icloss:0.325,loss1:0.738, loss2:2.769, loss3:1.091, ploss:0.000,palign:0.000,total_loss:4.923,fceloss:0.0000
2026-06-11 16:25:42,170 transreid.image_train INFO: Epoch[87] Iteration[80/111] CoEN(qR=0.46,qN=0.42) Loss: 4.946, Acc: 0.993,Acc1: 0.992,Acc2: 0.960, Base Lr: 3.02e-03,biloss:0.001,icloss:0.318,loss1:0.703, loss2:2.711, loss3:1.077, ploss:0.000,palign:0.000,total_loss:4.810,fceloss:0.0000
2026-06-11 16:25:45,469 transreid.image_train INFO: Epoch[87] Iteration[100/111] CoEN(qR=0.46,qN=0.43) Loss: 4.916, Acc: 0.994,Acc1: 0.993,Acc2: 0.951, Base Lr: 3.02e-03,biloss:0.001,icloss:0.322,loss1:0.688, loss2:2.734, loss3:1.284, ploss:0.000,palign:0.000,total_loss:5.028,fceloss:0.0000
2026-06-11 16:25:47,056 transreid.image_train INFO: Epoch 87 done. Time per batch: 23.512[s] Speed: 1.4[samples/s]
2026-06-11 16:25:56,889 transreid.image_train INFO: Validation Results - Epoch: 87
2026-06-11 16:25:56,889 transreid.image_train INFO: mAP: 67.5%
2026-06-11 16:25:56,889 transreid.image_train INFO: CMC curve, Rank-1  :74.2%
2026-06-11 16:25:56,889 transreid.image_train INFO: CMC curve, Rank-5  :79.2%
2026-06-11 16:25:56,889 transreid.image_train INFO: CMC curve, Rank-10 :81.7%
2026-06-11 16:25:56,889 transreid.image_train INFO: Best mAP: 68.0%
2026-06-11 16:25:56,889 transreid.image_train INFO: Best Rank-1: 74.4%
2026-06-11 16:25:56,889 transreid.image_train INFO: Best Rank-5: 79.0%
2026-06-11 16:25:56,889 transreid.image_train INFO: Best Rank-10: 81.5%
2026-06-11 16:26:01,399 transreid.image_train INFO: Epoch[88] Iteration[20/111] CoEN(qR=0.43,qN=0.39) Loss: 4.921, Acc: 1.000,Acc1: 1.000,Acc2: 0.981, Base Lr: 2.93e-03,biloss:0.001,icloss:0.303,loss1:0.773, loss2:2.719, loss3:1.109, ploss:0.000,palign:0.000,total_loss:4.906,fceloss:0.0000
2026-06-11 16:26:04,753 transreid.image_train INFO: Epoch[88] Iteration[40/111] CoEN(qR=0.45,qN=0.44) Loss: 4.935, Acc: 0.992,Acc1: 0.992,Acc2: 0.966, Base Lr: 2.93e-03,biloss:0.001,icloss:0.327,loss1:0.705, loss2:2.756, loss3:1.084, ploss:0.000,palign:0.000,total_loss:4.873,fceloss:0.0000
2026-06-11 16:26:08,121 transreid.image_train INFO: Epoch[88] Iteration[60/111] CoEN(qR=0.45,qN=0.42) Loss: 4.922, Acc: 0.993,Acc1: 0.993,Acc2: 0.969, Base Lr: 2.93e-03,biloss:0.001,icloss:0.314,loss1:0.658, loss2:2.688, loss3:1.060, ploss:0.000,palign:0.000,total_loss:4.721,fceloss:0.0000
2026-06-11 16:26:11,489 transreid.image_train INFO: Epoch[88] Iteration[80/111] CoEN(qR=0.47,qN=0.43) Loss: 4.917, Acc: 0.992,Acc1: 0.992,Acc2: 0.957, Base Lr: 2.93e-03,biloss:0.001,icloss:0.321,loss1:0.710, loss2:2.753, loss3:1.216, ploss:0.000,palign:0.000,total_loss:5.001,fceloss:0.0000
2026-06-11 16:26:14,827 transreid.image_train INFO: Epoch[88] Iteration[100/111] CoEN(qR=0.42,qN=0.39) Loss: 4.889, Acc: 0.993,Acc1: 0.993,Acc2: 0.957, Base Lr: 2.93e-03,biloss:0.001,icloss:0.315,loss1:0.629, loss2:2.542, loss3:1.136, ploss:0.000,palign:0.000,total_loss:4.622,fceloss:0.0000
2026-06-11 16:26:16,451 transreid.image_train INFO: Epoch 88 done. Time per batch: 23.781[s] Speed: 1.3[samples/s]
2026-06-11 16:26:26,148 transreid.image_train INFO: Validation Results - Epoch: 88
2026-06-11 16:26:26,149 transreid.image_train INFO: mAP: 67.4%
2026-06-11 16:26:26,149 transreid.image_train INFO: CMC curve, Rank-1  :73.7%
2026-06-11 16:26:26,149 transreid.image_train INFO: CMC curve, Rank-5  :79.0%
2026-06-11 16:26:26,149 transreid.image_train INFO: CMC curve, Rank-10 :81.3%
2026-06-11 16:26:26,149 transreid.image_train INFO: Best mAP: 68.0%
2026-06-11 16:26:26,149 transreid.image_train INFO: Best Rank-1: 74.4%
2026-06-11 16:26:26,149 transreid.image_train INFO: Best Rank-5: 79.0%
2026-06-11 16:26:26,149 transreid.image_train INFO: Best Rank-10: 81.5%
2026-06-11 16:26:30,588 transreid.image_train INFO: Epoch[89] Iteration[20/111] CoEN(qR=0.50,qN=0.46) Loss: 5.059, Acc: 0.992,Acc1: 0.989,Acc2: 0.955, Base Lr: 2.85e-03,biloss:0.001,icloss:0.345,loss1:0.759, loss2:2.850, loss3:1.152, ploss:0.000,palign:0.000,total_loss:5.107,fceloss:0.0000
2026-06-11 16:26:33,893 transreid.image_train INFO: Epoch[89] Iteration[40/111] CoEN(qR=0.43,qN=0.42) Loss: 4.984, Acc: 0.996,Acc1: 0.995,Acc2: 0.968, Base Lr: 2.85e-03,biloss:0.001,icloss:0.298,loss1:0.697, loss2:2.726, loss3:1.091, ploss:0.000,palign:0.000,total_loss:4.813,fceloss:0.0000
2026-06-11 16:26:37,154 transreid.image_train INFO: Epoch[89] Iteration[60/111] CoEN(qR=0.46,qN=0.43) Loss: 4.970, Acc: 0.993,Acc1: 0.992,Acc2: 0.958, Base Lr: 2.85e-03,biloss:0.001,icloss:0.316,loss1:0.708, loss2:2.719, loss3:1.303, ploss:0.000,palign:0.000,total_loss:5.046,fceloss:0.0000
2026-06-11 16:26:40,442 transreid.image_train INFO: Epoch[89] Iteration[80/111] CoEN(qR=0.39,qN=0.38) Loss: 4.931, Acc: 0.994,Acc1: 0.993,Acc2: 0.958, Base Lr: 2.85e-03,biloss:0.001,icloss:0.302,loss1:0.622, loss2:2.547, loss3:1.065, ploss:0.000,palign:0.000,total_loss:4.538,fceloss:0.0000
2026-06-11 16:26:43,712 transreid.image_train INFO: Epoch[89] Iteration[100/111] CoEN(qR=0.43,qN=0.40) Loss: 4.894, Acc: 0.994,Acc1: 0.993,Acc2: 0.956, Base Lr: 2.85e-03,biloss:0.001,icloss:0.331,loss1:0.622, loss2:2.545, loss3:1.239, ploss:0.000,palign:0.000,total_loss:4.738,fceloss:0.0000
2026-06-11 16:26:45,285 transreid.image_train INFO: Epoch 89 done. Time per batch: 24.046[s] Speed: 1.3[samples/s]
2026-06-11 16:26:54,957 transreid.image_train INFO: Validation Results - Epoch: 89
2026-06-11 16:26:54,957 transreid.image_train INFO: mAP: 67.5%
2026-06-11 16:26:54,957 transreid.image_train INFO: CMC curve, Rank-1  :74.0%
2026-06-11 16:26:54,957 transreid.image_train INFO: CMC curve, Rank-5  :78.8%
2026-06-11 16:26:54,957 transreid.image_train INFO: CMC curve, Rank-10 :81.3%
2026-06-11 16:26:54,957 transreid.image_train INFO: Best mAP: 68.0%
2026-06-11 16:26:54,957 transreid.image_train INFO: Best Rank-1: 74.4%
2026-06-11 16:26:54,957 transreid.image_train INFO: Best Rank-5: 79.0%
2026-06-11 16:26:54,957 transreid.image_train INFO: Best Rank-10: 81.5%
2026-06-11 16:26:59,602 transreid.image_train INFO: Epoch[90] Iteration[20/111] CoEN(qR=0.44,qN=0.42) Loss: 4.968, Acc: 0.992,Acc1: 0.994,Acc2: 0.958, Base Lr: 2.77e-03,biloss:0.001,icloss:0.331,loss1:0.704, loss2:2.711, loss3:1.419, ploss:0.000,palign:0.000,total_loss:5.166,fceloss:0.0000
2026-06-11 16:27:02,887 transreid.image_train INFO: Epoch[90] Iteration[40/111] CoEN(qR=0.41,qN=0.39) Loss: 4.948, Acc: 0.990,Acc1: 0.991,Acc2: 0.952, Base Lr: 2.77e-03,biloss:0.001,icloss:0.310,loss1:0.658, loss2:2.588, loss3:1.285, ploss:0.000,palign:0.000,total_loss:4.842,fceloss:0.0000
2026-06-11 16:27:06,170 transreid.image_train INFO: Epoch[90] Iteration[60/111] CoEN(qR=0.44,qN=0.42) Loss: 4.922, Acc: 0.993,Acc1: 0.994,Acc2: 0.960, Base Lr: 2.77e-03,biloss:0.001,icloss:0.297,loss1:0.702, loss2:2.737, loss3:1.092, ploss:0.000,palign:0.000,total_loss:4.829,fceloss:0.0000
2026-06-11 16:27:09,490 transreid.image_train INFO: Epoch[90] Iteration[80/111] CoEN(qR=0.48,qN=0.42) Loss: 4.912, Acc: 0.995,Acc1: 0.995,Acc2: 0.955, Base Lr: 2.77e-03,biloss:0.001,icloss:0.297,loss1:0.788, loss2:2.807, loss3:1.114, ploss:0.000,palign:0.000,total_loss:5.007,fceloss:0.0000
2026-06-11 16:27:12,779 transreid.image_train INFO: Epoch[90] Iteration[100/111] CoEN(qR=0.42,qN=0.41) Loss: 4.876, Acc: 0.993,Acc1: 0.993,Acc2: 0.953, Base Lr: 2.77e-03,biloss:0.001,icloss:0.323,loss1:0.625, loss2:2.605, loss3:1.045, ploss:0.000,palign:0.000,total_loss:4.599,fceloss:0.0000
2026-06-11 16:27:14,367 transreid.image_train INFO: Epoch 90 done. Time per batch: 24.313[s] Speed: 1.3[samples/s]
2026-06-11 16:27:23,982 transreid.image_train INFO: Validation Results - Epoch: 90
2026-06-11 16:27:23,983 transreid.image_train INFO: mAP: 67.5%
2026-06-11 16:27:23,983 transreid.image_train INFO: CMC curve, Rank-1  :74.0%
2026-06-11 16:27:23,983 transreid.image_train INFO: CMC curve, Rank-5  :78.6%
2026-06-11 16:27:23,983 transreid.image_train INFO: CMC curve, Rank-10 :81.5%
2026-06-11 16:27:23,983 transreid.image_train INFO: Best mAP: 68.0%
2026-06-11 16:27:23,983 transreid.image_train INFO: Best Rank-1: 74.4%
2026-06-11 16:27:23,983 transreid.image_train INFO: Best Rank-5: 79.0%
2026-06-11 16:27:23,983 transreid.image_train INFO: Best Rank-10: 81.5%
2026-06-11 16:27:28,428 transreid.image_train INFO: Epoch[91] Iteration[20/111] CoEN(qR=0.48,qN=0.42) Loss: 5.017, Acc: 0.986,Acc1: 0.984,Acc2: 0.966, Base Lr: 2.70e-03,biloss:0.001,icloss:0.313,loss1:0.779, loss2:2.761, loss3:1.185, ploss:0.000,palign:0.000,total_loss:5.038,fceloss:0.0000
2026-06-11 16:27:31,750 transreid.image_train INFO: Epoch[91] Iteration[40/111] CoEN(qR=0.44,qN=0.42) Loss: 4.949, Acc: 0.988,Acc1: 0.988,Acc2: 0.962, Base Lr: 2.70e-03,biloss:0.001,icloss:0.310,loss1:0.685, loss2:2.710, loss3:1.079, ploss:0.000,palign:0.000,total_loss:4.785,fceloss:0.0000
2026-06-11 16:27:35,126 transreid.image_train INFO: Epoch[91] Iteration[60/111] CoEN(qR=0.44,qN=0.41) Loss: 4.911, Acc: 0.992,Acc1: 0.992,Acc2: 0.964, Base Lr: 2.70e-03,biloss:0.001,icloss:0.317,loss1:0.670, loss2:2.654, loss3:1.083, ploss:0.000,palign:0.000,total_loss:4.724,fceloss:0.0000
2026-06-11 16:27:38,407 transreid.image_train INFO: Epoch[91] Iteration[80/111] CoEN(qR=0.46,qN=0.42) Loss: 4.889, Acc: 0.993,Acc1: 0.993,Acc2: 0.963, Base Lr: 2.70e-03,biloss:0.001,icloss:0.308,loss1:0.703, loss2:2.729, loss3:1.239, ploss:0.000,palign:0.000,total_loss:4.981,fceloss:0.0000
2026-06-11 16:27:41,666 transreid.image_train INFO: Epoch[91] Iteration[100/111] CoEN(qR=0.41,qN=0.40) Loss: 4.876, Acc: 0.993,Acc1: 0.993,Acc2: 0.956, Base Lr: 2.70e-03,biloss:0.001,icloss:0.313,loss1:0.619, loss2:2.577, loss3:1.054, ploss:0.000,palign:0.000,total_loss:4.564,fceloss:0.0000
2026-06-11 16:27:43,238 transreid.image_train INFO: Epoch 91 done. Time per batch: 24.578[s] Speed: 1.3[samples/s]
2026-06-11 16:27:52,974 transreid.image_train INFO: Validation Results - Epoch: 91
2026-06-11 16:27:52,974 transreid.image_train INFO: mAP: 67.5%
2026-06-11 16:27:52,974 transreid.image_train INFO: CMC curve, Rank-1  :74.2%
2026-06-11 16:27:52,974 transreid.image_train INFO: CMC curve, Rank-5  :78.8%
2026-06-11 16:27:52,974 transreid.image_train INFO: CMC curve, Rank-10 :81.3%
2026-06-11 16:27:52,974 transreid.image_train INFO: Best mAP: 68.0%
2026-06-11 16:27:52,975 transreid.image_train INFO: Best Rank-1: 74.4%
2026-06-11 16:27:52,975 transreid.image_train INFO: Best Rank-5: 79.0%
2026-06-11 16:27:52,975 transreid.image_train INFO: Best Rank-10: 81.5%
2026-06-11 16:27:57,246 transreid.image_train INFO: Epoch[92] Iteration[20/111] CoEN(qR=0.38,qN=0.36) Loss: 4.941, Acc: 0.988,Acc1: 0.988,Acc2: 0.956, Base Lr: 2.62e-03,biloss:0.001,icloss:0.300,loss1:0.646, loss2:2.504, loss3:1.378, ploss:0.000,palign:0.000,total_loss:4.828,fceloss:0.0000
2026-06-11 16:28:00,515 transreid.image_train INFO: Epoch[92] Iteration[40/111] CoEN(qR=0.43,qN=0.40) Loss: 4.904, Acc: 0.993,Acc1: 0.994,Acc2: 0.967, Base Lr: 2.62e-03,biloss:0.001,icloss:0.315,loss1:0.650, loss2:2.597, loss3:1.083, ploss:0.000,palign:0.000,total_loss:4.644,fceloss:0.0000
2026-06-11 16:28:03,809 transreid.image_train INFO: Epoch[92] Iteration[60/111] CoEN(qR=0.40,qN=0.39) Loss: 4.898, Acc: 0.995,Acc1: 0.996,Acc2: 0.956, Base Lr: 2.62e-03,biloss:0.001,icloss:0.312,loss1:0.647, loss2:2.609, loss3:1.096, ploss:0.000,palign:0.000,total_loss:4.665,fceloss:0.0000
2026-06-11 16:28:07,100 transreid.image_train INFO: Epoch[92] Iteration[80/111] CoEN(qR=0.46,qN=0.43) Loss: 4.892, Acc: 0.996,Acc1: 0.997,Acc2: 0.955, Base Lr: 2.62e-03,biloss:0.001,icloss:0.315,loss1:0.700, loss2:2.710, loss3:1.074, ploss:0.000,palign:0.000,total_loss:4.799,fceloss:0.0000
2026-06-11 16:28:10,369 transreid.image_train INFO: Epoch[92] Iteration[100/111] CoEN(qR=0.43,qN=0.41) Loss: 4.853, Acc: 0.994,Acc1: 0.995,Acc2: 0.954, Base Lr: 2.62e-03,biloss:0.001,icloss:0.308,loss1:0.697, loss2:2.650, loss3:1.357, ploss:0.000,palign:0.000,total_loss:5.013,fceloss:0.0000
2026-06-11 16:28:11,986 transreid.image_train INFO: Epoch 92 done. Time per batch: 24.841[s] Speed: 1.3[samples/s]
2026-06-11 16:28:21,692 transreid.image_train INFO: Validation Results - Epoch: 92
2026-06-11 16:28:21,692 transreid.image_train INFO: mAP: 67.6%
2026-06-11 16:28:21,692 transreid.image_train INFO: CMC curve, Rank-1  :74.0%
2026-06-11 16:28:21,692 transreid.image_train INFO: CMC curve, Rank-5  :79.2%
2026-06-11 16:28:21,692 transreid.image_train INFO: CMC curve, Rank-10 :81.3%
2026-06-11 16:28:21,692 transreid.image_train INFO: Best mAP: 68.0%
2026-06-11 16:28:21,692 transreid.image_train INFO: Best Rank-1: 74.4%
2026-06-11 16:28:21,692 transreid.image_train INFO: Best Rank-5: 79.0%
2026-06-11 16:28:21,692 transreid.image_train INFO: Best Rank-10: 81.5%
2026-06-11 16:28:26,225 transreid.image_train INFO: Epoch[93] Iteration[20/111] CoEN(qR=0.45,qN=0.41) Loss: 5.048, Acc: 0.978,Acc1: 0.977,Acc2: 0.950, Base Lr: 2.54e-03,biloss:0.001,icloss:0.338,loss1:0.712, loss2:2.649, loss3:1.141, ploss:0.000,palign:0.000,total_loss:4.840,fceloss:0.0000
2026-06-11 16:28:29,456 transreid.image_train INFO: Epoch[93] Iteration[40/111] CoEN(qR=0.45,qN=0.43) Loss: 4.971, Acc: 0.989,Acc1: 0.988,Acc2: 0.952, Base Lr: 2.54e-03,biloss:0.001,icloss:0.314,loss1:0.698, loss2:2.769, loss3:1.085, ploss:0.000,palign:0.000,total_loss:4.866,fceloss:0.0000
2026-06-11 16:28:32,746 transreid.image_train INFO: Epoch[93] Iteration[60/111] CoEN(qR=0.43,qN=0.38) Loss: 4.912, Acc: 0.991,Acc1: 0.990,Acc2: 0.959, Base Lr: 2.54e-03,biloss:0.001,icloss:0.327,loss1:0.684, loss2:2.559, loss3:1.218, ploss:0.000,palign:0.000,total_loss:4.789,fceloss:0.0000
2026-06-11 16:28:36,025 transreid.image_train INFO: Epoch[93] Iteration[80/111] CoEN(qR=0.48,qN=0.43) Loss: 4.874, Acc: 0.989,Acc1: 0.989,Acc2: 0.955, Base Lr: 2.54e-03,biloss:0.001,icloss:0.331,loss1:0.706, loss2:2.722, loss3:1.070, ploss:0.000,palign:0.000,total_loss:4.830,fceloss:0.0000
2026-06-11 16:28:39,294 transreid.image_train INFO: Epoch[93] Iteration[100/111] CoEN(qR=0.46,qN=0.43) Loss: 4.847, Acc: 0.991,Acc1: 0.991,Acc2: 0.955, Base Lr: 2.54e-03,biloss:0.001,icloss:0.327,loss1:0.642, loss2:2.633, loss3:1.033, ploss:0.000,palign:0.000,total_loss:4.635,fceloss:0.0000
2026-06-11 16:28:40,879 transreid.image_train INFO: Epoch 93 done. Time per batch: 25.106[s] Speed: 1.3[samples/s]
2026-06-11 16:28:50,566 transreid.image_train INFO: Validation Results - Epoch: 93
2026-06-11 16:28:50,566 transreid.image_train INFO: mAP: 67.2%
2026-06-11 16:28:50,566 transreid.image_train INFO: CMC curve, Rank-1  :73.3%
2026-06-11 16:28:50,566 transreid.image_train INFO: CMC curve, Rank-5  :79.0%
2026-06-11 16:28:50,566 transreid.image_train INFO: CMC curve, Rank-10 :81.3%
2026-06-11 16:28:50,566 transreid.image_train INFO: Best mAP: 68.0%
2026-06-11 16:28:50,566 transreid.image_train INFO: Best Rank-1: 74.4%
2026-06-11 16:28:50,567 transreid.image_train INFO: Best Rank-5: 79.0%
2026-06-11 16:28:50,567 transreid.image_train INFO: Best Rank-10: 81.5%
2026-06-11 16:28:55,046 transreid.image_train INFO: Epoch[94] Iteration[20/111] CoEN(qR=0.46,qN=0.42) Loss: 4.870, Acc: 0.992,Acc1: 0.994,Acc2: 0.970, Base Lr: 2.46e-03,biloss:0.001,icloss:0.300,loss1:0.789, loss2:2.767, loss3:1.156, ploss:0.000,palign:0.000,total_loss:5.012,fceloss:0.0000
2026-06-11 16:28:58,389 transreid.image_train INFO: Epoch[94] Iteration[40/111] CoEN(qR=0.44,qN=0.42) Loss: 4.853, Acc: 0.994,Acc1: 0.994,Acc2: 0.959, Base Lr: 2.46e-03,biloss:0.001,icloss:0.320,loss1:0.651, loss2:2.658, loss3:1.152, ploss:0.000,palign:0.000,total_loss:4.782,fceloss:0.0000
2026-06-11 16:29:01,749 transreid.image_train INFO: Epoch[94] Iteration[60/111] CoEN(qR=0.46,qN=0.43) Loss: 4.857, Acc: 0.996,Acc1: 0.996,Acc2: 0.964, Base Lr: 2.46e-03,biloss:0.001,icloss:0.300,loss1:0.686, loss2:2.764, loss3:1.070, ploss:0.000,palign:0.000,total_loss:4.821,fceloss:0.0000
2026-06-11 16:29:05,121 transreid.image_train INFO: Epoch[94] Iteration[80/111] CoEN(qR=0.43,qN=0.41) Loss: 4.839, Acc: 0.994,Acc1: 0.994,Acc2: 0.963, Base Lr: 2.46e-03,biloss:0.001,icloss:0.321,loss1:0.657, loss2:2.636, loss3:1.336, ploss:0.000,palign:0.000,total_loss:4.950,fceloss:0.0000
2026-06-11 16:29:08,467 transreid.image_train INFO: Epoch[94] Iteration[100/111] CoEN(qR=0.40,qN=0.37) Loss: 4.824, Acc: 0.995,Acc1: 0.995,Acc2: 0.959, Base Lr: 2.46e-03,biloss:0.001,icloss:0.326,loss1:0.619, loss2:2.472, loss3:1.230, ploss:0.000,palign:0.000,total_loss:4.647,fceloss:0.0000
2026-06-11 16:29:10,060 transreid.image_train INFO: Epoch 94 done. Time per batch: 25.374[s] Speed: 1.3[samples/s]
2026-06-11 16:29:19,749 transreid.image_train INFO: Validation Results - Epoch: 94
2026-06-11 16:29:19,749 transreid.image_train INFO: mAP: 67.4%
2026-06-11 16:29:19,749 transreid.image_train INFO: CMC curve, Rank-1  :74.0%
2026-06-11 16:29:19,749 transreid.image_train INFO: CMC curve, Rank-5  :79.0%
2026-06-11 16:29:19,749 transreid.image_train INFO: CMC curve, Rank-10 :81.5%
2026-06-11 16:29:19,749 transreid.image_train INFO: Best mAP: 68.0%
2026-06-11 16:29:19,749 transreid.image_train INFO: Best Rank-1: 74.4%
2026-06-11 16:29:19,749 transreid.image_train INFO: Best Rank-5: 79.0%
2026-06-11 16:29:19,749 transreid.image_train INFO: Best Rank-10: 81.5%
2026-06-11 16:29:24,277 transreid.image_train INFO: Epoch[95] Iteration[20/111] CoEN(qR=0.48,qN=0.45) Loss: 4.901, Acc: 0.992,Acc1: 0.991,Acc2: 0.952, Base Lr: 2.38e-03,biloss:0.001,icloss:0.327,loss1:0.735, loss2:2.840, loss3:1.104, ploss:0.000,palign:0.000,total_loss:5.008,fceloss:0.0000
2026-06-11 16:29:27,575 transreid.image_train INFO: Epoch[95] Iteration[40/111] CoEN(qR=0.41,qN=0.40) Loss: 4.890, Acc: 0.991,Acc1: 0.992,Acc2: 0.952, Base Lr: 2.38e-03,biloss:0.001,icloss:0.315,loss1:0.714, loss2:2.640, loss3:1.251, ploss:0.000,palign:0.000,total_loss:4.920,fceloss:0.0000
2026-06-11 16:29:30,900 transreid.image_train INFO: Epoch[95] Iteration[60/111] CoEN(qR=0.49,qN=0.43) Loss: 4.872, Acc: 0.991,Acc1: 0.992,Acc2: 0.958, Base Lr: 2.38e-03,biloss:0.001,icloss:0.320,loss1:0.700, loss2:2.723, loss3:1.075, ploss:0.000,palign:0.000,total_loss:4.819,fceloss:0.0000
2026-06-11 16:29:34,257 transreid.image_train INFO: Epoch[95] Iteration[80/111] CoEN(qR=0.44,qN=0.41) Loss: 4.850, Acc: 0.992,Acc1: 0.992,Acc2: 0.956, Base Lr: 2.38e-03,biloss:0.001,icloss:0.305,loss1:0.655, loss2:2.668, loss3:1.166, ploss:0.000,palign:0.000,total_loss:4.794,fceloss:0.0000
2026-06-11 16:29:37,600 transreid.image_train INFO: Epoch[95] Iteration[100/111] CoEN(qR=0.40,qN=0.40) Loss: 4.829, Acc: 0.992,Acc1: 0.993,Acc2: 0.953, Base Lr: 2.38e-03,biloss:0.001,icloss:0.300,loss1:0.613, loss2:2.587, loss3:1.053, ploss:0.000,palign:0.000,total_loss:4.554,fceloss:0.0000
2026-06-11 16:29:39,193 transreid.image_train INFO: Epoch 95 done. Time per batch: 25.641[s] Speed: 1.2[samples/s]
2026-06-11 16:29:48,857 transreid.image_train INFO: Validation Results - Epoch: 95
2026-06-11 16:29:48,857 transreid.image_train INFO: mAP: 67.8%
2026-06-11 16:29:48,857 transreid.image_train INFO: CMC curve, Rank-1  :74.6%
2026-06-11 16:29:48,857 transreid.image_train INFO: CMC curve, Rank-5  :79.0%
2026-06-11 16:29:48,857 transreid.image_train INFO: CMC curve, Rank-10 :81.7%
2026-06-11 16:29:48,857 transreid.image_train INFO: Best mAP: 68.0%
2026-06-11 16:29:48,857 transreid.image_train INFO: Best Rank-1: 74.4%
2026-06-11 16:29:48,857 transreid.image_train INFO: Best Rank-5: 79.0%
2026-06-11 16:29:48,857 transreid.image_train INFO: Best Rank-10: 81.5%
2026-06-11 16:29:53,234 transreid.image_train INFO: Epoch[96] Iteration[20/111] CoEN(qR=0.44,qN=0.40) Loss: 4.843, Acc: 1.000,Acc1: 1.000,Acc2: 0.983, Base Lr: 2.31e-03,biloss:0.001,icloss:0.300,loss1:0.772, loss2:2.697, loss3:1.260, ploss:0.000,palign:0.000,total_loss:5.031,fceloss:0.0000
2026-06-11 16:29:56,557 transreid.image_train INFO: Epoch[96] Iteration[40/111] CoEN(qR=0.44,qN=0.40) Loss: 4.862, Acc: 0.996,Acc1: 0.997,Acc2: 0.969, Base Lr: 2.31e-03,biloss:0.001,icloss:0.305,loss1:0.676, loss2:2.651, loss3:1.077, ploss:0.000,palign:0.000,total_loss:4.711,fceloss:0.0000
2026-06-11 16:29:59,920 transreid.image_train INFO: Epoch[96] Iteration[60/111] CoEN(qR=0.43,qN=0.40) Loss: 4.831, Acc: 0.997,Acc1: 0.998,Acc2: 0.972, Base Lr: 2.31e-03,biloss:0.001,icloss:0.294,loss1:0.676, loss2:2.666, loss3:1.068, ploss:0.000,palign:0.000,total_loss:4.705,fceloss:0.0000
2026-06-11 16:30:03,220 transreid.image_train INFO: Epoch[96] Iteration[80/111] CoEN(qR=0.45,qN=0.42) Loss: 4.831, Acc: 0.995,Acc1: 0.995,Acc2: 0.967, Base Lr: 2.31e-03,biloss:0.001,icloss:0.325,loss1:0.664, loss2:2.659, loss3:1.071, ploss:0.000,palign:0.000,total_loss:4.720,fceloss:0.0000
2026-06-11 16:30:06,484 transreid.image_train INFO: Epoch[96] Iteration[100/111] CoEN(qR=0.38,qN=0.38) Loss: 4.818, Acc: 0.993,Acc1: 0.994,Acc2: 0.966, Base Lr: 2.31e-03,biloss:0.001,icloss:0.315,loss1:0.599, loss2:2.496, loss3:1.461, ploss:0.000,palign:0.000,total_loss:4.872,fceloss:0.0000
2026-06-11 16:30:08,034 transreid.image_train INFO: Epoch 96 done. Time per batch: 25.906[s] Speed: 1.2[samples/s]
2026-06-11 16:30:17,752 transreid.image_train INFO: Validation Results - Epoch: 96
2026-06-11 16:30:17,752 transreid.image_train INFO: mAP: 67.7%
2026-06-11 16:30:17,752 transreid.image_train INFO: CMC curve, Rank-1  :74.0%
2026-06-11 16:30:17,752 transreid.image_train INFO: CMC curve, Rank-5  :79.2%
2026-06-11 16:30:17,752 transreid.image_train INFO: CMC curve, Rank-10 :81.5%
2026-06-11 16:30:17,752 transreid.image_train INFO: Best mAP: 68.0%
2026-06-11 16:30:17,752 transreid.image_train INFO: Best Rank-1: 74.4%
2026-06-11 16:30:17,752 transreid.image_train INFO: Best Rank-5: 79.0%
2026-06-11 16:30:17,752 transreid.image_train INFO: Best Rank-10: 81.5%
2026-06-11 16:30:22,467 transreid.image_train INFO: Epoch[97] Iteration[20/111] CoEN(qR=0.49,qN=0.46) Loss: 4.935, Acc: 0.988,Acc1: 0.989,Acc2: 0.969, Base Lr: 2.23e-03,biloss:0.001,icloss:0.318,loss1:0.744, loss2:2.843, loss3:1.086, ploss:0.000,palign:0.000,total_loss:4.993,fceloss:0.0000
2026-06-11 16:30:25,844 transreid.image_train INFO: Epoch[97] Iteration[40/111] CoEN(qR=0.44,qN=0.42) Loss: 4.896, Acc: 0.987,Acc1: 0.988,Acc2: 0.961, Base Lr: 2.23e-03,biloss:0.001,icloss:0.307,loss1:0.675, loss2:2.729, loss3:1.087, ploss:0.000,palign:0.000,total_loss:4.799,fceloss:0.0000
2026-06-11 16:30:29,212 transreid.image_train INFO: Epoch[97] Iteration[60/111] CoEN(qR=0.41,qN=0.39) Loss: 4.856, Acc: 0.991,Acc1: 0.991,Acc2: 0.963, Base Lr: 2.23e-03,biloss:0.001,icloss:0.284,loss1:0.689, loss2:2.667, loss3:1.121, ploss:0.000,palign:0.000,total_loss:4.761,fceloss:0.0000
2026-06-11 16:30:32,578 transreid.image_train INFO: Epoch[97] Iteration[80/111] CoEN(qR=0.43,qN=0.40) Loss: 4.839, Acc: 0.993,Acc1: 0.993,Acc2: 0.963, Base Lr: 2.23e-03,biloss:0.001,icloss:0.315,loss1:0.654, loss2:2.605, loss3:1.066, ploss:0.000,palign:0.000,total_loss:4.641,fceloss:0.0000
2026-06-11 16:30:35,866 transreid.image_train INFO: Epoch[97] Iteration[100/111] CoEN(qR=0.43,qN=0.43) Loss: 4.817, Acc: 0.992,Acc1: 0.991,Acc2: 0.960, Base Lr: 2.23e-03,biloss:0.000,icloss:0.316,loss1:0.631, loss2:2.630, loss3:1.040, ploss:0.000,palign:0.000,total_loss:4.617,fceloss:0.0000
2026-06-11 16:30:37,463 transreid.image_train INFO: Epoch 97 done. Time per batch: 26.176[s] Speed: 1.2[samples/s]
2026-06-11 16:30:47,286 transreid.image_train INFO: Validation Results - Epoch: 97
2026-06-11 16:30:47,286 transreid.image_train INFO: mAP: 67.3%
2026-06-11 16:30:47,286 transreid.image_train INFO: CMC curve, Rank-1  :74.0%
2026-06-11 16:30:47,286 transreid.image_train INFO: CMC curve, Rank-5  :79.2%
2026-06-11 16:30:47,286 transreid.image_train INFO: CMC curve, Rank-10 :81.7%
2026-06-11 16:30:47,286 transreid.image_train INFO: Best mAP: 68.0%
2026-06-11 16:30:47,286 transreid.image_train INFO: Best Rank-1: 74.4%
2026-06-11 16:30:47,286 transreid.image_train INFO: Best Rank-5: 79.0%
2026-06-11 16:30:47,286 transreid.image_train INFO: Best Rank-10: 81.5%
2026-06-11 16:30:51,744 transreid.image_train INFO: Epoch[98] Iteration[20/111] CoEN(qR=0.57,qN=0.48) Loss: 4.825, Acc: 0.998,Acc1: 0.998,Acc2: 0.984, Base Lr: 2.16e-03,biloss:0.001,icloss:0.340,loss1:0.823, loss2:2.916, loss3:1.102, ploss:0.000,palign:0.000,total_loss:5.182,fceloss:0.0000
2026-06-11 16:30:55,013 transreid.image_train INFO: Epoch[98] Iteration[40/111] CoEN(qR=0.45,qN=0.42) Loss: 4.828, Acc: 0.997,Acc1: 0.996,Acc2: 0.978, Base Lr: 2.16e-03,biloss:0.001,icloss:0.305,loss1:0.784, loss2:2.773, loss3:1.112, ploss:0.000,palign:0.000,total_loss:4.975,fceloss:0.0000
2026-06-11 16:30:58,261 transreid.image_train INFO: Epoch[98] Iteration[60/111] CoEN(qR=0.47,qN=0.41) Loss: 4.843, Acc: 0.994,Acc1: 0.993,Acc2: 0.972, Base Lr: 2.16e-03,biloss:0.001,icloss:0.333,loss1:0.713, loss2:2.641, loss3:1.074, ploss:0.000,palign:0.000,total_loss:4.762,fceloss:0.0000
2026-06-11 16:31:01,545 transreid.image_train INFO: Epoch[98] Iteration[80/111] CoEN(qR=0.47,qN=0.42) Loss: 4.827, Acc: 0.995,Acc1: 0.995,Acc2: 0.966, Base Lr: 2.16e-03,biloss:0.001,icloss:0.325,loss1:0.719, loss2:2.700, loss3:1.094, ploss:0.000,palign:0.000,total_loss:4.839,fceloss:0.0000
2026-06-11 16:31:04,777 transreid.image_train INFO: Epoch[98] Iteration[100/111] CoEN(qR=0.43,qN=0.41) Loss: 4.803, Acc: 0.995,Acc1: 0.995,Acc2: 0.960, Base Lr: 2.16e-03,biloss:0.001,icloss:0.319,loss1:0.614, loss2:2.576, loss3:1.029, ploss:0.000,palign:0.000,total_loss:4.539,fceloss:0.0000
2026-06-11 16:31:06,336 transreid.image_train INFO: Epoch 98 done. Time per batch: 26.441[s] Speed: 1.2[samples/s]
2026-06-11 16:31:16,086 transreid.image_train INFO: Validation Results - Epoch: 98
2026-06-11 16:31:16,086 transreid.image_train INFO: mAP: 67.4%
2026-06-11 16:31:16,086 transreid.image_train INFO: CMC curve, Rank-1  :73.7%
2026-06-11 16:31:16,086 transreid.image_train INFO: CMC curve, Rank-5  :79.2%
2026-06-11 16:31:16,086 transreid.image_train INFO: CMC curve, Rank-10 :81.7%
2026-06-11 16:31:16,086 transreid.image_train INFO: Best mAP: 68.0%
2026-06-11 16:31:16,086 transreid.image_train INFO: Best Rank-1: 74.4%
2026-06-11 16:31:16,086 transreid.image_train INFO: Best Rank-5: 79.0%
2026-06-11 16:31:16,086 transreid.image_train INFO: Best Rank-10: 81.5%
2026-06-11 16:31:20,581 transreid.image_train INFO: Epoch[99] Iteration[20/111] CoEN(qR=0.42,qN=0.40) Loss: 4.906, Acc: 0.994,Acc1: 0.994,Acc2: 0.947, Base Lr: 2.08e-03,biloss:0.001,icloss:0.298,loss1:0.651, loss2:2.644, loss3:1.075, ploss:0.000,palign:0.000,total_loss:4.669,fceloss:0.0000
2026-06-11 16:31:23,830 transreid.image_train INFO: Epoch[99] Iteration[40/111] CoEN(qR=0.38,qN=0.38) Loss: 4.842, Acc: 0.994,Acc1: 0.994,Acc2: 0.960, Base Lr: 2.08e-03,biloss:0.001,icloss:0.299,loss1:0.598, loss2:2.502, loss3:1.203, ploss:0.000,palign:0.000,total_loss:4.604,fceloss:0.0000
2026-06-11 16:31:27,109 transreid.image_train INFO: Epoch[99] Iteration[60/111] CoEN(qR=0.42,qN=0.39) Loss: 4.844, Acc: 0.990,Acc1: 0.990,Acc2: 0.953, Base Lr: 2.08e-03,biloss:0.001,icloss:0.306,loss1:0.694, loss2:2.636, loss3:1.087, ploss:0.000,palign:0.000,total_loss:4.724,fceloss:0.0000
2026-06-11 16:31:30,341 transreid.image_train INFO: Epoch[99] Iteration[80/111] CoEN(qR=0.40,qN=0.39) Loss: 4.827, Acc: 0.992,Acc1: 0.992,Acc2: 0.948, Base Lr: 2.08e-03,biloss:0.001,icloss:0.332,loss1:0.626, loss2:2.542, loss3:1.242, ploss:0.000,palign:0.000,total_loss:4.743,fceloss:0.0000
2026-06-11 16:31:33,583 transreid.image_train INFO: Epoch[99] Iteration[100/111] CoEN(qR=0.46,qN=0.42) Loss: 4.791, Acc: 0.993,Acc1: 0.993,Acc2: 0.955, Base Lr: 2.08e-03,biloss:0.001,icloss:0.320,loss1:0.644, loss2:2.608, loss3:1.042, ploss:0.000,palign:0.000,total_loss:4.615,fceloss:0.0000
2026-06-11 16:31:35,105 transreid.image_train INFO: Epoch 99 done. Time per batch: 26.705[s] Speed: 1.2[samples/s]
2026-06-11 16:31:44,871 transreid.image_train INFO: Validation Results - Epoch: 99
2026-06-11 16:31:44,872 transreid.image_train INFO: mAP: 67.6%
2026-06-11 16:31:44,872 transreid.image_train INFO: CMC curve, Rank-1  :73.8%
2026-06-11 16:31:44,872 transreid.image_train INFO: CMC curve, Rank-5  :79.2%
2026-06-11 16:31:44,872 transreid.image_train INFO: CMC curve, Rank-10 :81.5%
2026-06-11 16:31:44,872 transreid.image_train INFO: Best mAP: 68.0%
2026-06-11 16:31:44,872 transreid.image_train INFO: Best Rank-1: 74.4%
2026-06-11 16:31:44,872 transreid.image_train INFO: Best Rank-5: 79.0%
2026-06-11 16:31:44,872 transreid.image_train INFO: Best Rank-10: 81.5%
2026-06-11 16:31:49,359 transreid.image_train INFO: Epoch[100] Iteration[20/111] CoEN(qR=0.47,qN=0.42) Loss: 4.903, Acc: 0.994,Acc1: 0.994,Acc2: 0.947, Base Lr: 2.01e-03,biloss:0.001,icloss:0.312,loss1:0.738, loss2:2.711, loss3:1.080, ploss:0.000,palign:0.000,total_loss:4.841,fceloss:0.0000
2026-06-11 16:31:52,691 transreid.image_train INFO: Epoch[100] Iteration[40/111] CoEN(qR=0.45,qN=0.41) Loss: 4.878, Acc: 0.994,Acc1: 0.994,Acc2: 0.956, Base Lr: 2.01e-03,biloss:0.001,icloss:0.322,loss1:0.678, loss2:2.618, loss3:1.052, ploss:0.000,palign:0.000,total_loss:4.670,fceloss:0.0000
2026-06-11 16:31:56,008 transreid.image_train INFO: Epoch[100] Iteration[60/111] CoEN(qR=0.43,qN=0.39) Loss: 4.850, Acc: 0.994,Acc1: 0.994,Acc2: 0.959, Base Lr: 2.01e-03,biloss:0.000,icloss:0.312,loss1:0.621, loss2:2.527, loss3:1.203, ploss:0.000,palign:0.000,total_loss:4.663,fceloss:0.0000
2026-06-11 16:31:59,319 transreid.image_train INFO: Epoch[100] Iteration[80/111] CoEN(qR=0.43,qN=0.41) Loss: 4.835, Acc: 0.994,Acc1: 0.994,Acc2: 0.955, Base Lr: 2.01e-03,biloss:0.001,icloss:0.313,loss1:0.702, loss2:2.674, loss3:1.308, ploss:0.000,palign:0.000,total_loss:4.997,fceloss:0.0000
2026-06-11 16:32:02,657 transreid.image_train INFO: Epoch[100] Iteration[100/111] CoEN(qR=0.40,qN=0.37) Loss: 4.789, Acc: 0.995,Acc1: 0.995,Acc2: 0.958, Base Lr: 2.01e-03,biloss:0.001,icloss:0.325,loss1:0.602, loss2:2.426, loss3:1.041, ploss:0.000,palign:0.000,total_loss:4.395,fceloss:0.0000
2026-06-11 16:32:04,224 transreid.image_train INFO: Epoch 100 done. Time per batch: 26.972[s] Speed: 1.2[samples/s]
2026-06-11 16:32:13,929 transreid.image_train INFO: Validation Results - Epoch: 100
2026-06-11 16:32:13,929 transreid.image_train INFO: mAP: 68.0%
2026-06-11 16:32:13,929 transreid.image_train INFO: CMC curve, Rank-1  :74.6%
2026-06-11 16:32:13,929 transreid.image_train INFO: CMC curve, Rank-5  :79.4%
2026-06-11 16:32:13,929 transreid.image_train INFO: CMC curve, Rank-10 :81.7%
2026-06-11 16:32:15,811 transreid.image_train INFO: Best mAP: 68.0%
2026-06-11 16:32:15,811 transreid.image_train INFO: Best Rank-1: 74.6%
2026-06-11 16:32:15,811 transreid.image_train INFO: Best Rank-5: 79.4%
2026-06-11 16:32:15,811 transreid.image_train INFO: Best Rank-10: 81.7%
2026-06-11 16:32:20,197 transreid.image_train INFO: Epoch[101] Iteration[20/111] CoEN(qR=0.46,qN=0.42) Loss: 4.850, Acc: 0.988,Acc1: 0.988,Acc2: 0.964, Base Lr: 1.94e-03,biloss:0.001,icloss:0.309,loss1:0.726, loss2:2.731, loss3:1.162, ploss:0.000,palign:0.000,total_loss:4.930,fceloss:0.0000
2026-06-11 16:32:23,486 transreid.image_train INFO: Epoch[101] Iteration[40/111] CoEN(qR=0.46,qN=0.43) Loss: 4.837, Acc: 0.988,Acc1: 0.988,Acc2: 0.958, Base Lr: 1.94e-03,biloss:0.001,icloss:0.321,loss1:0.708, loss2:2.744, loss3:1.087, ploss:0.000,palign:0.000,total_loss:4.862,fceloss:0.0000
2026-06-11 16:32:26,784 transreid.image_train INFO: Epoch[101] Iteration[60/111] CoEN(qR=0.47,qN=0.41) Loss: 4.822, Acc: 0.990,Acc1: 0.990,Acc2: 0.954, Base Lr: 1.94e-03,biloss:0.001,icloss:0.337,loss1:0.669, loss2:2.612, loss3:1.455, ploss:0.000,palign:0.000,total_loss:5.074,fceloss:0.0000
2026-06-11 16:32:30,076 transreid.image_train INFO: Epoch[101] Iteration[80/111] CoEN(qR=0.41,qN=0.40) Loss: 4.811, Acc: 0.992,Acc1: 0.992,Acc2: 0.955, Base Lr: 1.94e-03,biloss:0.001,icloss:0.311,loss1:0.633, loss2:2.613, loss3:1.074, ploss:0.000,palign:0.000,total_loss:4.632,fceloss:0.0000
2026-06-11 16:32:33,332 transreid.image_train INFO: Epoch[101] Iteration[100/111] CoEN(qR=0.43,qN=0.41) Loss: 4.794, Acc: 0.993,Acc1: 0.994,Acc2: 0.955, Base Lr: 1.94e-03,biloss:0.001,icloss:0.308,loss1:0.645, loss2:2.651, loss3:1.061, ploss:0.000,palign:0.000,total_loss:4.666,fceloss:0.0000
2026-06-11 16:32:34,857 transreid.image_train INFO: Epoch 101 done. Time per batch: 27.253[s] Speed: 1.2[samples/s]
2026-06-11 16:32:44,550 transreid.image_train INFO: Validation Results - Epoch: 101
2026-06-11 16:32:44,550 transreid.image_train INFO: mAP: 67.7%
2026-06-11 16:32:44,550 transreid.image_train INFO: CMC curve, Rank-1  :74.6%
2026-06-11 16:32:44,550 transreid.image_train INFO: CMC curve, Rank-5  :79.2%
2026-06-11 16:32:44,550 transreid.image_train INFO: CMC curve, Rank-10 :81.5%
2026-06-11 16:32:44,550 transreid.image_train INFO: Best mAP: 68.0%
2026-06-11 16:32:44,550 transreid.image_train INFO: Best Rank-1: 74.6%
2026-06-11 16:32:44,550 transreid.image_train INFO: Best Rank-5: 79.4%
2026-06-11 16:32:44,550 transreid.image_train INFO: Best Rank-10: 81.7%
2026-06-11 16:32:49,007 transreid.image_train INFO: Epoch[102] Iteration[20/111] CoEN(qR=0.49,qN=0.44) Loss: 4.845, Acc: 0.994,Acc1: 0.994,Acc2: 0.964, Base Lr: 1.87e-03,biloss:0.001,icloss:0.327,loss1:0.703, loss2:2.727, loss3:1.226, ploss:0.000,palign:0.000,total_loss:4.984,fceloss:0.0000
2026-06-11 16:32:52,322 transreid.image_train INFO: Epoch[102] Iteration[40/111] CoEN(qR=0.46,qN=0.43) Loss: 4.826, Acc: 0.997,Acc1: 0.997,Acc2: 0.968, Base Lr: 1.87e-03,biloss:0.001,icloss:0.318,loss1:0.687, loss2:2.737, loss3:1.134, ploss:0.000,palign:0.000,total_loss:4.877,fceloss:0.0000
2026-06-11 16:32:55,624 transreid.image_train INFO: Epoch[102] Iteration[60/111] CoEN(qR=0.49,qN=0.43) Loss: 4.815, Acc: 0.997,Acc1: 0.996,Acc2: 0.958, Base Lr: 1.87e-03,biloss:0.001,icloss:0.341,loss1:0.681, loss2:2.668, loss3:1.043, ploss:0.000,palign:0.000,total_loss:4.734,fceloss:0.0000
2026-06-11 16:32:58,922 transreid.image_train INFO: Epoch[102] Iteration[80/111] CoEN(qR=0.41,qN=0.39) Loss: 4.788, Acc: 0.997,Acc1: 0.996,Acc2: 0.961, Base Lr: 1.87e-03,biloss:0.001,icloss:0.322,loss1:0.618, loss2:2.562, loss3:1.044, ploss:0.000,palign:0.000,total_loss:4.547,fceloss:0.0000
2026-06-11 16:33:02,219 transreid.image_train INFO: Epoch[102] Iteration[100/111] CoEN(qR=0.45,qN=0.44) Loss: 4.777, Acc: 0.994,Acc1: 0.993,Acc2: 0.956, Base Lr: 1.87e-03,biloss:0.001,icloss:0.345,loss1:0.658, loss2:2.686, loss3:1.142, ploss:0.000,palign:0.000,total_loss:4.831,fceloss:0.0000
2026-06-11 16:33:03,957 transreid.image_train INFO: Epoch 102 done. Time per batch: 27.270[s] Speed: 1.2[samples/s]
2026-06-11 16:33:13,678 transreid.image_train INFO: Validation Results - Epoch: 102
2026-06-11 16:33:13,679 transreid.image_train INFO: mAP: 67.8%
2026-06-11 16:33:13,679 transreid.image_train INFO: CMC curve, Rank-1  :74.7%
2026-06-11 16:33:13,679 transreid.image_train INFO: CMC curve, Rank-5  :79.2%
2026-06-11 16:33:13,679 transreid.image_train INFO: CMC curve, Rank-10 :81.3%
2026-06-11 16:33:13,679 transreid.image_train INFO: Best mAP: 68.0%
2026-06-11 16:33:13,679 transreid.image_train INFO: Best Rank-1: 74.6%
2026-06-11 16:33:13,679 transreid.image_train INFO: Best Rank-5: 79.4%
2026-06-11 16:33:13,679 transreid.image_train INFO: Best Rank-10: 81.7%
2026-06-11 16:33:18,367 transreid.image_train INFO: Epoch[103] Iteration[20/111] CoEN(qR=0.44,qN=0.40) Loss: 4.861, Acc: 0.984,Acc1: 0.988,Acc2: 0.942, Base Lr: 1.80e-03,biloss:0.001,icloss:0.308,loss1:0.648, loss2:2.585, loss3:1.292, ploss:0.000,palign:0.000,total_loss:4.835,fceloss:0.0000
2026-06-11 16:33:21,630 transreid.image_train INFO: Epoch[103] Iteration[40/111] CoEN(qR=0.51,qN=0.44) Loss: 4.816, Acc: 0.991,Acc1: 0.994,Acc2: 0.958, Base Lr: 1.80e-03,biloss:0.001,icloss:0.343,loss1:0.723, loss2:2.710, loss3:1.071, ploss:0.000,palign:0.000,total_loss:4.848,fceloss:0.0000
2026-06-11 16:33:24,882 transreid.image_train INFO: Epoch[103] Iteration[60/111] CoEN(qR=0.42,qN=0.40) Loss: 4.823, Acc: 0.992,Acc1: 0.994,Acc2: 0.955, Base Lr: 1.80e-03,biloss:0.001,icloss:0.320,loss1:0.650, loss2:2.620, loss3:1.428, ploss:0.000,palign:0.000,total_loss:5.018,fceloss:0.0000
2026-06-11 16:33:28,160 transreid.image_train INFO: Epoch[103] Iteration[80/111] CoEN(qR=0.39,qN=0.38) Loss: 4.805, Acc: 0.991,Acc1: 0.992,Acc2: 0.957, Base Lr: 1.80e-03,biloss:0.001,icloss:0.307,loss1:0.617, loss2:2.556, loss3:1.063, ploss:0.000,palign:0.000,total_loss:4.544,fceloss:0.0000
2026-06-11 16:33:31,410 transreid.image_train INFO: Epoch[103] Iteration[100/111] CoEN(qR=0.42,qN=0.40) Loss: 4.779, Acc: 0.993,Acc1: 0.994,Acc2: 0.953, Base Lr: 1.80e-03,biloss:0.001,icloss:0.341,loss1:0.620, loss2:2.499, loss3:1.026, ploss:0.000,palign:0.000,total_loss:4.487,fceloss:0.0000
2026-06-11 16:33:32,978 transreid.image_train INFO: Epoch 103 done. Time per batch: 27.786[s] Speed: 1.2[samples/s]
2026-06-11 16:33:42,952 transreid.image_train INFO: Validation Results - Epoch: 103
2026-06-11 16:33:42,952 transreid.image_train INFO: mAP: 67.9%
2026-06-11 16:33:42,952 transreid.image_train INFO: CMC curve, Rank-1  :74.0%
2026-06-11 16:33:42,952 transreid.image_train INFO: CMC curve, Rank-5  :79.2%
2026-06-11 16:33:42,952 transreid.image_train INFO: CMC curve, Rank-10 :81.5%
2026-06-11 16:33:42,952 transreid.image_train INFO: Best mAP: 68.0%
2026-06-11 16:33:42,952 transreid.image_train INFO: Best Rank-1: 74.6%
2026-06-11 16:33:42,952 transreid.image_train INFO: Best Rank-5: 79.4%
2026-06-11 16:33:42,952 transreid.image_train INFO: Best Rank-10: 81.7%
2026-06-11 16:33:47,346 transreid.image_train INFO: Epoch[104] Iteration[20/111] CoEN(qR=0.46,qN=0.42) Loss: 4.837, Acc: 0.994,Acc1: 0.994,Acc2: 0.955, Base Lr: 1.73e-03,biloss:0.001,icloss:0.330,loss1:0.709, loss2:2.693, loss3:1.171, ploss:0.000,palign:0.000,total_loss:4.904,fceloss:0.0000
2026-06-11 16:33:50,654 transreid.image_train INFO: Epoch[104] Iteration[40/111] CoEN(qR=0.48,qN=0.45) Loss: 4.809, Acc: 0.997,Acc1: 0.997,Acc2: 0.968, Base Lr: 1.73e-03,biloss:0.001,icloss:0.328,loss1:0.753, loss2:2.800, loss3:1.095, ploss:0.000,palign:0.000,total_loss:4.977,fceloss:0.0000
2026-06-11 16:33:53,966 transreid.image_train INFO: Epoch[104] Iteration[60/111] CoEN(qR=0.42,qN=0.43) Loss: 4.798, Acc: 0.996,Acc1: 0.996,Acc2: 0.962, Base Lr: 1.73e-03,biloss:0.001,icloss:0.323,loss1:0.630, loss2:2.679, loss3:1.059, ploss:0.000,palign:0.000,total_loss:4.692,fceloss:0.0000
2026-06-11 16:33:57,232 transreid.image_train INFO: Epoch[104] Iteration[80/111] CoEN(qR=0.41,qN=0.40) Loss: 4.799, Acc: 0.994,Acc1: 0.994,Acc2: 0.955, Base Lr: 1.73e-03,biloss:0.001,icloss:0.309,loss1:0.654, loss2:2.618, loss3:1.316, ploss:0.000,palign:0.000,total_loss:4.897,fceloss:0.0000
2026-06-11 16:34:00,536 transreid.image_train INFO: Epoch[104] Iteration[100/111] CoEN(qR=0.42,qN=0.41) Loss: 4.778, Acc: 0.995,Acc1: 0.993,Acc2: 0.957, Base Lr: 1.73e-03,biloss:0.001,icloss:0.317,loss1:0.622, loss2:2.590, loss3:1.056, ploss:0.000,palign:0.000,total_loss:4.585,fceloss:0.0000
2026-06-11 16:34:02,086 transreid.image_train INFO: Epoch 104 done. Time per batch: 28.053[s] Speed: 1.1[samples/s]
2026-06-11 16:34:11,952 transreid.image_train INFO: Validation Results - Epoch: 104
2026-06-11 16:34:11,952 transreid.image_train INFO: mAP: 68.0%
2026-06-11 16:34:11,952 transreid.image_train INFO: CMC curve, Rank-1  :74.2%
2026-06-11 16:34:11,952 transreid.image_train INFO: CMC curve, Rank-5  :79.4%
2026-06-11 16:34:11,952 transreid.image_train INFO: CMC curve, Rank-10 :81.7%
2026-06-11 16:34:11,952 transreid.image_train INFO: Best mAP: 68.0%
2026-06-11 16:34:11,952 transreid.image_train INFO: Best Rank-1: 74.6%
2026-06-11 16:34:11,952 transreid.image_train INFO: Best Rank-5: 79.4%
2026-06-11 16:34:11,952 transreid.image_train INFO: Best Rank-10: 81.7%
2026-06-11 16:34:16,425 transreid.image_train INFO: Epoch[105] Iteration[20/111] CoEN(qR=0.42,qN=0.40) Loss: 4.864, Acc: 0.992,Acc1: 0.994,Acc2: 0.966, Base Lr: 1.66e-03,biloss:0.001,icloss:0.305,loss1:0.657, loss2:2.616, loss3:1.232, ploss:0.000,palign:0.000,total_loss:4.811,fceloss:0.0000
2026-06-11 16:34:19,745 transreid.image_train INFO: Epoch[105] Iteration[40/111] CoEN(qR=0.43,qN=0.40) Loss: 4.832, Acc: 0.987,Acc1: 0.988,Acc2: 0.959, Base Lr: 1.66e-03,biloss:0.001,icloss:0.310,loss1:0.631, loss2:2.563, loss3:1.044, ploss:0.000,palign:0.000,total_loss:4.549,fceloss:0.0000
2026-06-11 16:34:23,040 transreid.image_train INFO: Epoch[105] Iteration[60/111] CoEN(qR=0.45,qN=0.41) Loss: 4.805, Acc: 0.991,Acc1: 0.992,Acc2: 0.959, Base Lr: 1.66e-03,biloss:0.001,icloss:0.326,loss1:0.679, loss2:2.650, loss3:1.084, ploss:0.000,palign:0.000,total_loss:4.740,fceloss:0.0000
2026-06-11 16:34:26,311 transreid.image_train INFO: Epoch[105] Iteration[80/111] CoEN(qR=0.42,qN=0.39) Loss: 4.790, Acc: 0.992,Acc1: 0.992,Acc2: 0.956, Base Lr: 1.66e-03,biloss:0.001,icloss:0.317,loss1:0.645, loss2:2.554, loss3:1.251, ploss:0.000,palign:0.000,total_loss:4.768,fceloss:0.0000
2026-06-11 16:34:29,590 transreid.image_train INFO: Epoch[105] Iteration[100/111] CoEN(qR=0.41,qN=0.39) Loss: 4.769, Acc: 0.993,Acc1: 0.993,Acc2: 0.955, Base Lr: 1.66e-03,biloss:0.001,icloss:0.332,loss1:0.605, loss2:2.510, loss3:1.031, ploss:0.000,palign:0.000,total_loss:4.478,fceloss:0.0000
2026-06-11 16:34:31,138 transreid.image_train INFO: Epoch 105 done. Time per batch: 28.320[s] Speed: 1.1[samples/s]
2026-06-11 16:34:40,879 transreid.image_train INFO: Validation Results - Epoch: 105
2026-06-11 16:34:40,880 transreid.image_train INFO: mAP: 67.7%
2026-06-11 16:34:40,880 transreid.image_train INFO: CMC curve, Rank-1  :74.6%
2026-06-11 16:34:40,880 transreid.image_train INFO: CMC curve, Rank-5  :79.4%
2026-06-11 16:34:40,880 transreid.image_train INFO: CMC curve, Rank-10 :81.7%
2026-06-11 16:34:40,880 transreid.image_train INFO: Best mAP: 68.0%
2026-06-11 16:34:40,880 transreid.image_train INFO: Best Rank-1: 74.6%
2026-06-11 16:34:40,880 transreid.image_train INFO: Best Rank-5: 79.4%
2026-06-11 16:34:40,880 transreid.image_train INFO: Best Rank-10: 81.7%
2026-06-11 16:34:45,398 transreid.image_train INFO: Epoch[106] Iteration[20/111] CoEN(qR=0.39,qN=0.37) Loss: 4.807, Acc: 0.991,Acc1: 0.991,Acc2: 0.969, Base Lr: 1.59e-03,biloss:0.001,icloss:0.303,loss1:0.612, loss2:2.490, loss3:1.435, ploss:0.000,palign:0.000,total_loss:4.841,fceloss:0.0000
2026-06-11 16:34:48,715 transreid.image_train INFO: Epoch[106] Iteration[40/111] CoEN(qR=0.50,qN=0.47) Loss: 4.797, Acc: 0.995,Acc1: 0.995,Acc2: 0.968, Base Lr: 1.59e-03,biloss:0.001,icloss:0.345,loss1:0.707, loss2:2.817, loss3:1.083, ploss:0.000,palign:0.000,total_loss:4.952,fceloss:0.0000
2026-06-11 16:34:52,040 transreid.image_train INFO: Epoch[106] Iteration[60/111] CoEN(qR=0.43,qN=0.41) Loss: 4.791, Acc: 0.996,Acc1: 0.997,Acc2: 0.965, Base Lr: 1.59e-03,biloss:0.001,icloss:0.305,loss1:0.638, loss2:2.628, loss3:1.097, ploss:0.000,palign:0.000,total_loss:4.670,fceloss:0.0000
2026-06-11 16:34:55,384 transreid.image_train INFO: Epoch[106] Iteration[80/111] CoEN(qR=0.45,qN=0.42) Loss: 4.768, Acc: 0.996,Acc1: 0.997,Acc2: 0.961, Base Lr: 1.59e-03,biloss:0.001,icloss:0.310,loss1:0.707, loss2:2.716, loss3:1.141, ploss:0.000,palign:0.000,total_loss:4.875,fceloss:0.0000
2026-06-11 16:34:58,858 transreid.image_train INFO: Epoch[106] Iteration[100/111] CoEN(qR=0.45,qN=0.43) Loss: 4.768, Acc: 0.994,Acc1: 0.994,Acc2: 0.956, Base Lr: 1.59e-03,biloss:0.000,icloss:0.310,loss1:0.641, loss2:2.659, loss3:1.034, ploss:0.000,palign:0.000,total_loss:4.644,fceloss:0.0000
2026-06-11 16:35:00,454 transreid.image_train INFO: Epoch 106 done. Time per batch: 28.589[s] Speed: 1.1[samples/s]
2026-06-11 16:35:10,067 transreid.image_train INFO: Validation Results - Epoch: 106
2026-06-11 16:35:10,067 transreid.image_train INFO: mAP: 67.8%
2026-06-11 16:35:10,067 transreid.image_train INFO: CMC curve, Rank-1  :74.0%
2026-06-11 16:35:10,068 transreid.image_train INFO: CMC curve, Rank-5  :79.2%
2026-06-11 16:35:10,068 transreid.image_train INFO: CMC curve, Rank-10 :82.2%
2026-06-11 16:35:10,068 transreid.image_train INFO: Best mAP: 68.0%
2026-06-11 16:35:10,068 transreid.image_train INFO: Best Rank-1: 74.6%
2026-06-11 16:35:10,068 transreid.image_train INFO: Best Rank-5: 79.4%
2026-06-11 16:35:10,068 transreid.image_train INFO: Best Rank-10: 81.7%
2026-06-11 16:35:14,697 transreid.image_train INFO: Epoch[107] Iteration[20/111] CoEN(qR=0.46,qN=0.44) Loss: 4.805, Acc: 1.000,Acc1: 1.000,Acc2: 0.966, Base Lr: 1.53e-03,biloss:0.001,icloss:0.331,loss1:0.671, loss2:2.711, loss3:1.059, ploss:0.000,palign:0.000,total_loss:4.773,fceloss:0.0000
2026-06-11 16:35:17,938 transreid.image_train INFO: Epoch[107] Iteration[40/111] CoEN(qR=0.41,qN=0.39) Loss: 4.795, Acc: 1.000,Acc1: 1.000,Acc2: 0.974, Base Lr: 1.53e-03,biloss:0.001,icloss:0.313,loss1:0.646, loss2:2.585, loss3:1.076, ploss:0.000,palign:0.000,total_loss:4.621,fceloss:0.0000
2026-06-11 16:35:21,176 transreid.image_train INFO: Epoch[107] Iteration[60/111] CoEN(qR=0.50,qN=0.44) Loss: 4.799, Acc: 0.995,Acc1: 0.995,Acc2: 0.972, Base Lr: 1.53e-03,biloss:0.001,icloss:0.328,loss1:0.698, loss2:2.701, loss3:1.046, ploss:0.000,palign:0.000,total_loss:4.774,fceloss:0.0000
2026-06-11 16:35:24,411 transreid.image_train INFO: Epoch[107] Iteration[80/111] CoEN(qR=0.40,qN=0.39) Loss: 4.792, Acc: 0.992,Acc1: 0.993,Acc2: 0.960, Base Lr: 1.53e-03,biloss:0.001,icloss:0.310,loss1:0.615, loss2:2.548, loss3:1.424, ploss:0.000,palign:0.000,total_loss:4.898,fceloss:0.0000
2026-06-11 16:35:27,605 transreid.image_train INFO: Epoch[107] Iteration[100/111] CoEN(qR=0.41,qN=0.40) Loss: 4.760, Acc: 0.993,Acc1: 0.993,Acc2: 0.959, Base Lr: 1.53e-03,biloss:0.001,icloss:0.313,loss1:0.602, loss2:2.527, loss3:1.034, ploss:0.000,palign:0.000,total_loss:4.476,fceloss:0.0000
2026-06-11 16:35:29,110 transreid.image_train INFO: Epoch 107 done. Time per batch: 28.852[s] Speed: 1.1[samples/s]
2026-06-11 16:35:38,905 transreid.image_train INFO: Validation Results - Epoch: 107
2026-06-11 16:35:38,905 transreid.image_train INFO: mAP: 68.0%
2026-06-11 16:35:38,905 transreid.image_train INFO: CMC curve, Rank-1  :74.6%
2026-06-11 16:35:38,905 transreid.image_train INFO: CMC curve, Rank-5  :79.5%
2026-06-11 16:35:38,905 transreid.image_train INFO: CMC curve, Rank-10 :81.3%
2026-06-11 16:35:38,905 transreid.image_train INFO: Best mAP: 68.0%
2026-06-11 16:35:38,906 transreid.image_train INFO: Best Rank-1: 74.6%
2026-06-11 16:35:38,906 transreid.image_train INFO: Best Rank-5: 79.4%
2026-06-11 16:35:38,906 transreid.image_train INFO: Best Rank-10: 81.7%
2026-06-11 16:35:43,443 transreid.image_train INFO: Epoch[108] Iteration[20/111] CoEN(qR=0.43,qN=0.38) Loss: 4.828, Acc: 1.000,Acc1: 0.997,Acc2: 0.966, Base Lr: 1.46e-03,biloss:0.001,icloss:0.277,loss1:0.651, loss2:2.573, loss3:1.072, ploss:0.000,palign:0.000,total_loss:4.573,fceloss:0.0000
2026-06-11 16:35:46,744 transreid.image_train INFO: Epoch[108] Iteration[40/111] CoEN(qR=0.43,qN=0.40) Loss: 4.809, Acc: 0.997,Acc1: 0.995,Acc2: 0.976, Base Lr: 1.46e-03,biloss:0.001,icloss:0.311,loss1:0.662, loss2:2.629, loss3:1.068, ploss:0.000,palign:0.000,total_loss:4.670,fceloss:0.0000
2026-06-11 16:35:50,014 transreid.image_train INFO: Epoch[108] Iteration[60/111] CoEN(qR=0.49,qN=0.46) Loss: 4.820, Acc: 0.992,Acc1: 0.991,Acc2: 0.959, Base Lr: 1.46e-03,biloss:0.001,icloss:0.339,loss1:0.702, loss2:2.780, loss3:1.068, ploss:0.000,palign:0.000,total_loss:4.889,fceloss:0.0000
2026-06-11 16:35:53,299 transreid.image_train INFO: Epoch[108] Iteration[80/111] CoEN(qR=0.42,qN=0.41) Loss: 4.793, Acc: 0.993,Acc1: 0.993,Acc2: 0.960, Base Lr: 1.46e-03,biloss:0.001,icloss:0.306,loss1:0.641, loss2:2.632, loss3:1.058, ploss:0.000,palign:0.000,total_loss:4.637,fceloss:0.0000
2026-06-11 16:35:56,583 transreid.image_train INFO: Epoch[108] Iteration[100/111] CoEN(qR=0.40,qN=0.39) Loss: 4.764, Acc: 0.994,Acc1: 0.993,Acc2: 0.957, Base Lr: 1.46e-03,biloss:0.000,icloss:0.330,loss1:0.602, loss2:2.469, loss3:1.029, ploss:0.000,palign:0.000,total_loss:4.431,fceloss:0.0000
2026-06-11 16:35:58,152 transreid.image_train INFO: Epoch 108 done. Time per batch: 29.118[s] Speed: 1.1[samples/s]
2026-06-11 16:36:07,855 transreid.image_train INFO: Validation Results - Epoch: 108
2026-06-11 16:36:07,855 transreid.image_train INFO: mAP: 67.8%
2026-06-11 16:36:07,855 transreid.image_train INFO: CMC curve, Rank-1  :74.2%
2026-06-11 16:36:07,856 transreid.image_train INFO: CMC curve, Rank-5  :79.0%
2026-06-11 16:36:07,856 transreid.image_train INFO: CMC curve, Rank-10 :81.7%
2026-06-11 16:36:07,856 transreid.image_train INFO: Best mAP: 68.0%
2026-06-11 16:36:07,856 transreid.image_train INFO: Best Rank-1: 74.6%
2026-06-11 16:36:07,856 transreid.image_train INFO: Best Rank-5: 79.4%
2026-06-11 16:36:07,856 transreid.image_train INFO: Best Rank-10: 81.7%
2026-06-11 16:36:12,258 transreid.image_train INFO: Epoch[109] Iteration[20/111] CoEN(qR=0.48,qN=0.44) Loss: 4.814, Acc: 0.983,Acc1: 0.981,Acc2: 0.953, Base Lr: 1.40e-03,biloss:0.001,icloss:0.342,loss1:0.699, loss2:2.705, loss3:1.070, ploss:0.000,palign:0.000,total_loss:4.817,fceloss:0.0000
2026-06-11 16:36:15,594 transreid.image_train INFO: Epoch[109] Iteration[40/111] CoEN(qR=0.39,qN=0.39) Loss: 4.790, Acc: 0.991,Acc1: 0.986,Acc2: 0.956, Base Lr: 1.40e-03,biloss:0.001,icloss:0.319,loss1:0.656, loss2:2.561, loss3:1.152, ploss:0.000,palign:0.000,total_loss:4.689,fceloss:0.0000
2026-06-11 16:36:18,924 transreid.image_train INFO: Epoch[109] Iteration[60/111] CoEN(qR=0.52,qN=0.48) Loss: 4.805, Acc: 0.994,Acc1: 0.991,Acc2: 0.953, Base Lr: 1.40e-03,biloss:0.001,icloss:0.329,loss1:0.739, loss2:2.871, loss3:1.069, ploss:0.000,palign:0.000,total_loss:5.008,fceloss:0.0000
2026-06-11 16:36:22,300 transreid.image_train INFO: Epoch[109] Iteration[80/111] CoEN(qR=0.47,qN=0.43) Loss: 4.788, Acc: 0.994,Acc1: 0.991,Acc2: 0.954, Base Lr: 1.40e-03,biloss:0.001,icloss:0.319,loss1:0.649, loss2:2.659, loss3:1.148, ploss:0.000,palign:0.000,total_loss:4.775,fceloss:0.0000
2026-06-11 16:36:25,634 transreid.image_train INFO: Epoch[109] Iteration[100/111] CoEN(qR=0.38,qN=0.38) Loss: 4.759, Acc: 0.995,Acc1: 0.992,Acc2: 0.956, Base Lr: 1.40e-03,biloss:0.001,icloss:0.324,loss1:0.606, loss2:2.498, loss3:1.350, ploss:0.000,palign:0.000,total_loss:4.779,fceloss:0.0000
2026-06-11 16:36:27,254 transreid.image_train INFO: Epoch 109 done. Time per batch: 29.385[s] Speed: 1.1[samples/s]
2026-06-11 16:36:36,849 transreid.image_train INFO: Validation Results - Epoch: 109
2026-06-11 16:36:36,849 transreid.image_train INFO: mAP: 67.7%
2026-06-11 16:36:36,849 transreid.image_train INFO: CMC curve, Rank-1  :74.0%
2026-06-11 16:36:36,849 transreid.image_train INFO: CMC curve, Rank-5  :79.0%
2026-06-11 16:36:36,849 transreid.image_train INFO: CMC curve, Rank-10 :81.3%
2026-06-11 16:36:36,849 transreid.image_train INFO: Best mAP: 68.0%
2026-06-11 16:36:36,850 transreid.image_train INFO: Best Rank-1: 74.6%
2026-06-11 16:36:36,850 transreid.image_train INFO: Best Rank-5: 79.4%
2026-06-11 16:36:36,850 transreid.image_train INFO: Best Rank-10: 81.7%
2026-06-11 16:36:41,225 transreid.image_train INFO: Epoch[110] Iteration[20/111] CoEN(qR=0.47,qN=0.44) Loss: 4.928, Acc: 0.983,Acc1: 0.981,Acc2: 0.923, Base Lr: 1.34e-03,biloss:0.001,icloss:0.307,loss1:0.793, loss2:2.852, loss3:1.204, ploss:0.000,palign:0.000,total_loss:5.157,fceloss:0.0000
2026-06-11 16:36:44,549 transreid.image_train INFO: Epoch[110] Iteration[40/111] CoEN(qR=0.45,qN=0.42) Loss: 4.831, Acc: 0.991,Acc1: 0.991,Acc2: 0.947, Base Lr: 1.34e-03,biloss:0.001,icloss:0.316,loss1:0.639, loss2:2.623, loss3:1.043, ploss:0.000,palign:0.000,total_loss:4.622,fceloss:0.0000
2026-06-11 16:36:47,884 transreid.image_train INFO: Epoch[110] Iteration[60/111] CoEN(qR=0.50,qN=0.44) Loss: 4.813, Acc: 0.993,Acc1: 0.992,Acc2: 0.946, Base Lr: 1.34e-03,biloss:0.001,icloss:0.311,loss1:0.746, loss2:2.805, loss3:1.097, ploss:0.000,palign:0.000,total_loss:4.961,fceloss:0.0000
2026-06-11 16:36:51,213 transreid.image_train INFO: Epoch[110] Iteration[80/111] CoEN(qR=0.38,qN=0.38) Loss: 4.790, Acc: 0.995,Acc1: 0.994,Acc2: 0.954, Base Lr: 1.34e-03,biloss:0.001,icloss:0.298,loss1:0.616, loss2:2.544, loss3:1.538, ploss:0.000,palign:0.000,total_loss:4.996,fceloss:0.0000
2026-06-11 16:36:54,526 transreid.image_train INFO: Epoch[110] Iteration[100/111] CoEN(qR=0.43,qN=0.42) Loss: 4.765, Acc: 0.994,Acc1: 0.994,Acc2: 0.955, Base Lr: 1.34e-03,biloss:0.001,icloss:0.339,loss1:0.629, loss2:2.607, loss3:1.044, ploss:0.000,palign:0.000,total_loss:4.619,fceloss:0.0000
2026-06-11 16:36:56,116 transreid.image_train INFO: Epoch 110 done. Time per batch: 29.650[s] Speed: 1.1[samples/s]
2026-06-11 16:37:05,687 transreid.image_train INFO: Validation Results - Epoch: 110
2026-06-11 16:37:05,688 transreid.image_train INFO: mAP: 67.7%
2026-06-11 16:37:05,688 transreid.image_train INFO: CMC curve, Rank-1  :74.2%
2026-06-11 16:37:05,688 transreid.image_train INFO: CMC curve, Rank-5  :79.2%
2026-06-11 16:37:05,688 transreid.image_train INFO: CMC curve, Rank-10 :81.5%
2026-06-11 16:37:05,688 transreid.image_train INFO: Best mAP: 68.0%
2026-06-11 16:37:05,688 transreid.image_train INFO: Best Rank-1: 74.6%
2026-06-11 16:37:05,688 transreid.image_train INFO: Best Rank-5: 79.4%
2026-06-11 16:37:05,688 transreid.image_train INFO: Best Rank-10: 81.7%
2026-06-11 16:37:10,323 transreid.image_train INFO: Epoch[111] Iteration[20/111] CoEN(qR=0.38,qN=0.37) Loss: 4.730, Acc: 0.995,Acc1: 0.997,Acc2: 0.981, Base Lr: 1.28e-03,biloss:0.001,icloss:0.309,loss1:0.617, loss2:2.516, loss3:1.070, ploss:0.000,palign:0.000,total_loss:4.513,fceloss:0.0000
2026-06-11 16:37:13,602 transreid.image_train INFO: Epoch[111] Iteration[40/111] CoEN(qR=0.44,qN=0.40) Loss: 4.766, Acc: 0.991,Acc1: 0.994,Acc2: 0.966, Base Lr: 1.28e-03,biloss:0.001,icloss:0.307,loss1:0.680, loss2:2.614, loss3:1.116, ploss:0.000,palign:0.000,total_loss:4.718,fceloss:0.0000
2026-06-11 16:37:16,891 transreid.image_train INFO: Epoch[111] Iteration[60/111] CoEN(qR=0.45,qN=0.42) Loss: 4.777, Acc: 0.992,Acc1: 0.992,Acc2: 0.965, Base Lr: 1.28e-03,biloss:0.001,icloss:0.342,loss1:0.674, loss2:2.656, loss3:1.203, ploss:0.000,palign:0.000,total_loss:4.876,fceloss:0.0000
2026-06-11 16:37:20,212 transreid.image_train INFO: Epoch[111] Iteration[80/111] CoEN(qR=0.45,qN=0.41) Loss: 4.752, Acc: 0.994,Acc1: 0.994,Acc2: 0.965, Base Lr: 1.28e-03,biloss:0.001,icloss:0.323,loss1:0.648, loss2:2.610, loss3:1.046, ploss:0.000,palign:0.000,total_loss:4.628,fceloss:0.0000
2026-06-11 16:37:23,484 transreid.image_train INFO: Epoch[111] Iteration[100/111] CoEN(qR=0.48,qN=0.45) Loss: 4.737, Acc: 0.994,Acc1: 0.994,Acc2: 0.960, Base Lr: 1.28e-03,biloss:0.001,icloss:0.342,loss1:0.689, loss2:2.730, loss3:1.055, ploss:0.000,palign:0.000,total_loss:4.817,fceloss:0.0000
2026-06-11 16:37:25,203 transreid.image_train INFO: Epoch 111 done. Time per batch: 29.645[s] Speed: 1.1[samples/s]
2026-06-11 16:37:34,980 transreid.image_train INFO: Validation Results - Epoch: 111
2026-06-11 16:37:34,980 transreid.image_train INFO: mAP: 67.9%
2026-06-11 16:37:34,981 transreid.image_train INFO: CMC curve, Rank-1  :74.2%
2026-06-11 16:37:34,981 transreid.image_train INFO: CMC curve, Rank-5  :79.0%
2026-06-11 16:37:34,981 transreid.image_train INFO: CMC curve, Rank-10 :81.7%
2026-06-11 16:37:34,981 transreid.image_train INFO: Best mAP: 68.0%
2026-06-11 16:37:34,981 transreid.image_train INFO: Best Rank-1: 74.6%
2026-06-11 16:37:34,981 transreid.image_train INFO: Best Rank-5: 79.4%
2026-06-11 16:37:34,981 transreid.image_train INFO: Best Rank-10: 81.7%
2026-06-11 16:37:39,549 transreid.image_train INFO: Epoch[112] Iteration[20/111] CoEN(qR=0.43,qN=0.39) Loss: 4.813, Acc: 0.988,Acc1: 0.989,Acc2: 0.966, Base Lr: 1.21e-03,biloss:0.001,icloss:0.314,loss1:0.673, loss2:2.582, loss3:1.069, ploss:0.000,palign:0.000,total_loss:4.639,fceloss:0.0000
2026-06-11 16:37:42,857 transreid.image_train INFO: Epoch[112] Iteration[40/111] CoEN(qR=0.41,qN=0.38) Loss: 4.800, Acc: 0.991,Acc1: 0.991,Acc2: 0.956, Base Lr: 1.21e-03,biloss:0.001,icloss:0.325,loss1:0.628, loss2:2.531, loss3:1.375, ploss:0.000,palign:0.000,total_loss:4.859,fceloss:0.0000
2026-06-11 16:37:46,164 transreid.image_train INFO: Epoch[112] Iteration[60/111] CoEN(qR=0.51,qN=0.45) Loss: 4.800, Acc: 0.992,Acc1: 0.992,Acc2: 0.956, Base Lr: 1.21e-03,biloss:0.001,icloss:0.328,loss1:0.708, loss2:2.773, loss3:1.055, ploss:0.000,palign:0.000,total_loss:4.865,fceloss:0.0000
2026-06-11 16:37:49,454 transreid.image_train INFO: Epoch[112] Iteration[80/111] CoEN(qR=0.42,qN=0.40) Loss: 4.778, Acc: 0.993,Acc1: 0.993,Acc2: 0.958, Base Lr: 1.21e-03,biloss:0.001,icloss:0.325,loss1:0.638, loss2:2.583, loss3:1.109, ploss:0.000,palign:0.000,total_loss:4.655,fceloss:0.0000
2026-06-11 16:37:52,734 transreid.image_train INFO: Epoch[112] Iteration[100/111] CoEN(qR=0.45,qN=0.43) Loss: 4.749, Acc: 0.993,Acc1: 0.993,Acc2: 0.961, Base Lr: 1.21e-03,biloss:0.001,icloss:0.334,loss1:0.639, loss2:2.632, loss3:1.027, ploss:0.000,palign:0.000,total_loss:4.632,fceloss:0.0000
2026-06-11 16:37:54,478 transreid.image_train INFO: Epoch 112 done. Time per batch: 29.911[s] Speed: 1.1[samples/s]
2026-06-11 16:38:04,237 transreid.image_train INFO: Validation Results - Epoch: 112
2026-06-11 16:38:04,237 transreid.image_train INFO: mAP: 67.7%
2026-06-11 16:38:04,237 transreid.image_train INFO: CMC curve, Rank-1  :73.8%
2026-06-11 16:38:04,237 transreid.image_train INFO: CMC curve, Rank-5  :79.0%
2026-06-11 16:38:04,237 transreid.image_train INFO: CMC curve, Rank-10 :81.5%
2026-06-11 16:38:04,237 transreid.image_train INFO: Best mAP: 68.0%
2026-06-11 16:38:04,237 transreid.image_train INFO: Best Rank-1: 74.6%
2026-06-11 16:38:04,237 transreid.image_train INFO: Best Rank-5: 79.4%
2026-06-11 16:38:04,237 transreid.image_train INFO: Best Rank-10: 81.7%
2026-06-11 16:38:08,605 transreid.image_train INFO: Epoch[113] Iteration[20/111] CoEN(qR=0.40,qN=0.39) Loss: 4.768, Acc: 0.989,Acc1: 0.988,Acc2: 0.963, Base Lr: 1.16e-03,biloss:0.001,icloss:0.310,loss1:0.652, loss2:2.578, loss3:1.098, ploss:0.000,palign:0.000,total_loss:4.639,fceloss:0.0000
2026-06-11 16:38:11,923 transreid.image_train INFO: Epoch[113] Iteration[40/111] CoEN(qR=0.45,qN=0.41) Loss: 4.772, Acc: 0.991,Acc1: 0.988,Acc2: 0.963, Base Lr: 1.16e-03,biloss:0.001,icloss:0.322,loss1:0.666, loss2:2.611, loss3:1.063, ploss:0.000,palign:0.000,total_loss:4.662,fceloss:0.0000
2026-06-11 16:38:15,231 transreid.image_train INFO: Epoch[113] Iteration[60/111] CoEN(qR=0.48,qN=0.43) Loss: 4.773, Acc: 0.992,Acc1: 0.990,Acc2: 0.964, Base Lr: 1.16e-03,biloss:0.001,icloss:0.312,loss1:0.721, loss2:2.727, loss3:1.091, ploss:0.000,palign:0.000,total_loss:4.852,fceloss:0.0000
2026-06-11 16:38:18,562 transreid.image_train INFO: Epoch[113] Iteration[80/111] CoEN(qR=0.45,qN=0.42) Loss: 4.759, Acc: 0.994,Acc1: 0.992,Acc2: 0.959, Base Lr: 1.16e-03,biloss:0.001,icloss:0.303,loss1:0.644, loss2:2.658, loss3:1.042, ploss:0.000,palign:0.000,total_loss:4.648,fceloss:0.0000
2026-06-11 16:38:21,866 transreid.image_train INFO: Epoch[113] Iteration[100/111] CoEN(qR=0.45,qN=0.42) Loss: 4.733, Acc: 0.995,Acc1: 0.993,Acc2: 0.959, Base Lr: 1.16e-03,biloss:0.001,icloss:0.321,loss1:0.670, loss2:2.672, loss3:1.071, ploss:0.000,palign:0.000,total_loss:4.735,fceloss:0.0000
2026-06-11 16:38:23,556 transreid.image_train INFO: Epoch 113 done. Time per batch: 30.175[s] Speed: 1.1[samples/s]
2026-06-11 16:38:33,147 transreid.image_train INFO: Validation Results - Epoch: 113
2026-06-11 16:38:33,147 transreid.image_train INFO: mAP: 67.7%
2026-06-11 16:38:33,147 transreid.image_train INFO: CMC curve, Rank-1  :74.2%
2026-06-11 16:38:33,147 transreid.image_train INFO: CMC curve, Rank-5  :79.0%
2026-06-11 16:38:33,147 transreid.image_train INFO: CMC curve, Rank-10 :81.3%
2026-06-11 16:38:33,147 transreid.image_train INFO: Best mAP: 68.0%
2026-06-11 16:38:33,147 transreid.image_train INFO: Best Rank-1: 74.6%
2026-06-11 16:38:33,147 transreid.image_train INFO: Best Rank-5: 79.4%
2026-06-11 16:38:33,148 transreid.image_train INFO: Best Rank-10: 81.7%
2026-06-11 16:38:37,561 transreid.image_train INFO: Epoch[114] Iteration[20/111] CoEN(qR=0.48,qN=0.45) Loss: 4.803, Acc: 0.998,Acc1: 1.000,Acc2: 0.975, Base Lr: 1.10e-03,biloss:0.001,icloss:0.341,loss1:0.717, loss2:2.754, loss3:1.075, ploss:0.000,palign:0.000,total_loss:4.887,fceloss:0.0000
2026-06-11 16:38:41,037 transreid.image_train INFO: Epoch[114] Iteration[40/111] CoEN(qR=0.45,qN=0.42) Loss: 4.801, Acc: 0.999,Acc1: 1.000,Acc2: 0.967, Base Lr: 1.10e-03,biloss:0.001,icloss:0.310,loss1:0.694, loss2:2.686, loss3:1.072, ploss:0.000,palign:0.000,total_loss:4.762,fceloss:0.0000
2026-06-11 16:38:44,381 transreid.image_train INFO: Epoch[114] Iteration[60/111] CoEN(qR=0.46,qN=0.45) Loss: 4.792, Acc: 0.996,Acc1: 0.996,Acc2: 0.959, Base Lr: 1.10e-03,biloss:0.001,icloss:0.330,loss1:0.668, loss2:2.742, loss3:1.060, ploss:0.000,palign:0.000,total_loss:4.801,fceloss:0.0000
2026-06-11 16:38:47,742 transreid.image_train INFO: Epoch[114] Iteration[80/111] CoEN(qR=0.39,qN=0.39) Loss: 4.757, Acc: 0.996,Acc1: 0.996,Acc2: 0.961, Base Lr: 1.10e-03,biloss:0.001,icloss:0.339,loss1:0.601, loss2:2.494, loss3:1.048, ploss:0.000,palign:0.000,total_loss:4.482,fceloss:0.0000
2026-06-11 16:38:51,054 transreid.image_train INFO: Epoch[114] Iteration[100/111] CoEN(qR=0.45,qN=0.41) Loss: 4.738, Acc: 0.996,Acc1: 0.996,Acc2: 0.959, Base Lr: 1.10e-03,biloss:0.001,icloss:0.341,loss1:0.641, loss2:2.583, loss3:1.039, ploss:0.000,palign:0.000,total_loss:4.605,fceloss:0.0000
2026-06-11 16:38:52,613 transreid.image_train INFO: Epoch 114 done. Time per batch: 30.719[s] Speed: 1.0[samples/s]
2026-06-11 16:39:02,183 transreid.image_train INFO: Validation Results - Epoch: 114
2026-06-11 16:39:02,183 transreid.image_train INFO: mAP: 68.0%
2026-06-11 16:39:02,183 transreid.image_train INFO: CMC curve, Rank-1  :74.6%
2026-06-11 16:39:02,183 transreid.image_train INFO: CMC curve, Rank-5  :79.4%
2026-06-11 16:39:02,183 transreid.image_train INFO: CMC curve, Rank-10 :81.7%
2026-06-11 16:39:02,183 transreid.image_train INFO: Best mAP: 68.0%
2026-06-11 16:39:02,183 transreid.image_train INFO: Best Rank-1: 74.6%
2026-06-11 16:39:02,183 transreid.image_train INFO: Best Rank-5: 79.4%
2026-06-11 16:39:02,184 transreid.image_train INFO: Best Rank-10: 81.7%
2026-06-11 16:39:06,729 transreid.image_train INFO: Epoch[115] Iteration[20/111] CoEN(qR=0.47,qN=0.44) Loss: 4.738, Acc: 1.000,Acc1: 1.000,Acc2: 0.977, Base Lr: 1.04e-03,biloss:0.001,icloss:0.334,loss1:0.661, loss2:2.695, loss3:1.046, ploss:0.000,palign:0.000,total_loss:4.736,fceloss:0.0000
2026-06-11 16:39:10,071 transreid.image_train INFO: Epoch[115] Iteration[40/111] CoEN(qR=0.42,qN=0.39) Loss: 4.751, Acc: 0.997,Acc1: 0.997,Acc2: 0.977, Base Lr: 1.04e-03,biloss:0.001,icloss:0.305,loss1:0.642, loss2:2.587, loss3:1.219, ploss:0.000,palign:0.000,total_loss:4.753,fceloss:0.0000
2026-06-11 16:39:13,403 transreid.image_train INFO: Epoch[115] Iteration[60/111] CoEN(qR=0.41,qN=0.40) Loss: 4.764, Acc: 0.998,Acc1: 0.998,Acc2: 0.965, Base Lr: 1.04e-03,biloss:0.001,icloss:0.332,loss1:0.624, loss2:2.578, loss3:1.770, ploss:0.000,palign:0.000,total_loss:5.304,fceloss:0.0000
2026-06-11 16:39:16,748 transreid.image_train INFO: Epoch[115] Iteration[80/111] CoEN(qR=0.39,qN=0.41) Loss: 4.756, Acc: 0.995,Acc1: 0.996,Acc2: 0.955, Base Lr: 1.04e-03,biloss:0.001,icloss:0.311,loss1:0.605, loss2:2.599, loss3:1.038, ploss:0.000,palign:0.000,total_loss:4.553,fceloss:0.0000
2026-06-11 16:39:20,105 transreid.image_train INFO: Epoch[115] Iteration[100/111] CoEN(qR=0.41,qN=0.37) Loss: 4.726, Acc: 0.995,Acc1: 0.996,Acc2: 0.956, Base Lr: 1.04e-03,biloss:0.000,icloss:0.316,loss1:0.615, loss2:2.462, loss3:1.038, ploss:0.000,palign:0.000,total_loss:4.431,fceloss:0.0000
2026-06-11 16:39:21,847 transreid.image_train INFO: Epoch 115 done. Time per batch: 30.705[s] Speed: 1.0[samples/s]
2026-06-11 16:39:31,376 transreid.image_train INFO: Validation Results - Epoch: 115
2026-06-11 16:39:31,376 transreid.image_train INFO: mAP: 67.7%
2026-06-11 16:39:31,376 transreid.image_train INFO: CMC curve, Rank-1  :74.4%
2026-06-11 16:39:31,376 transreid.image_train INFO: CMC curve, Rank-5  :79.4%
2026-06-11 16:39:31,376 transreid.image_train INFO: CMC curve, Rank-10 :81.7%
2026-06-11 16:39:31,376 transreid.image_train INFO: Best mAP: 68.0%
2026-06-11 16:39:31,376 transreid.image_train INFO: Best Rank-1: 74.6%
2026-06-11 16:39:31,376 transreid.image_train INFO: Best Rank-5: 79.4%
2026-06-11 16:39:31,376 transreid.image_train INFO: Best Rank-10: 81.7%
2026-06-11 16:39:35,930 transreid.image_train INFO: Epoch[116] Iteration[20/111] CoEN(qR=0.44,qN=0.40) Loss: 4.808, Acc: 0.988,Acc1: 0.988,Acc2: 0.942, Base Lr: 9.86e-04,biloss:0.001,icloss:0.311,loss1:0.651, loss2:2.593, loss3:1.053, ploss:0.000,palign:0.000,total_loss:4.608,fceloss:0.0000
2026-06-11 16:39:39,212 transreid.image_train INFO: Epoch[116] Iteration[40/111] CoEN(qR=0.46,qN=0.43) Loss: 4.762, Acc: 0.994,Acc1: 0.994,Acc2: 0.963, Base Lr: 9.86e-04,biloss:0.001,icloss:0.337,loss1:0.663, loss2:2.658, loss3:1.342, ploss:0.000,palign:0.000,total_loss:5.001,fceloss:0.0000
2026-06-11 16:39:42,523 transreid.image_train INFO: Epoch[116] Iteration[60/111] CoEN(qR=0.44,qN=0.41) Loss: 4.748, Acc: 0.995,Acc1: 0.996,Acc2: 0.958, Base Lr: 9.86e-04,biloss:0.001,icloss:0.335,loss1:0.635, loss2:2.591, loss3:1.227, ploss:0.000,palign:0.000,total_loss:4.789,fceloss:0.0000
2026-06-11 16:39:45,789 transreid.image_train INFO: Epoch[116] Iteration[80/111] CoEN(qR=0.41,qN=0.38) Loss: 4.733, Acc: 0.996,Acc1: 0.997,Acc2: 0.959, Base Lr: 9.86e-04,biloss:0.001,icloss:0.298,loss1:0.644, loss2:2.546, loss3:1.069, ploss:0.000,palign:0.000,total_loss:4.556,fceloss:0.0000
2026-06-11 16:39:49,017 transreid.image_train INFO: Epoch[116] Iteration[100/111] CoEN(qR=0.45,qN=0.42) Loss: 4.727, Acc: 0.994,Acc1: 0.994,Acc2: 0.954, Base Lr: 9.86e-04,biloss:0.000,icloss:0.348,loss1:0.632, loss2:2.567, loss3:1.202, ploss:0.000,palign:0.000,total_loss:4.749,fceloss:0.0000
2026-06-11 16:39:50,566 transreid.image_train INFO: Epoch 116 done. Time per batch: 31.250[s] Speed: 1.0[samples/s]
2026-06-11 16:40:00,247 transreid.image_train INFO: Validation Results - Epoch: 116
2026-06-11 16:40:00,247 transreid.image_train INFO: mAP: 67.7%
2026-06-11 16:40:00,247 transreid.image_train INFO: CMC curve, Rank-1  :74.2%
2026-06-11 16:40:00,247 transreid.image_train INFO: CMC curve, Rank-5  :79.2%
2026-06-11 16:40:00,247 transreid.image_train INFO: CMC curve, Rank-10 :81.7%
2026-06-11 16:40:00,247 transreid.image_train INFO: Best mAP: 68.0%
2026-06-11 16:40:00,247 transreid.image_train INFO: Best Rank-1: 74.6%
2026-06-11 16:40:00,247 transreid.image_train INFO: Best Rank-5: 79.4%
2026-06-11 16:40:00,247 transreid.image_train INFO: Best Rank-10: 81.7%
2026-06-11 16:40:04,663 transreid.image_train INFO: Epoch[117] Iteration[20/111] CoEN(qR=0.49,qN=0.44) Loss: 4.775, Acc: 0.991,Acc1: 0.991,Acc2: 0.964, Base Lr: 9.32e-04,biloss:0.001,icloss:0.341,loss1:0.736, loss2:2.744, loss3:1.092, ploss:0.000,palign:0.000,total_loss:4.913,fceloss:0.0000
2026-06-11 16:40:08,013 transreid.image_train INFO: Epoch[117] Iteration[40/111] CoEN(qR=0.46,qN=0.42) Loss: 4.780, Acc: 0.995,Acc1: 0.995,Acc2: 0.966, Base Lr: 9.32e-04,biloss:0.001,icloss:0.313,loss1:0.669, loss2:2.644, loss3:1.047, ploss:0.000,palign:0.000,total_loss:4.674,fceloss:0.0000
2026-06-11 16:40:11,378 transreid.image_train INFO: Epoch[117] Iteration[60/111] CoEN(qR=0.41,qN=0.40) Loss: 4.771, Acc: 0.996,Acc1: 0.995,Acc2: 0.959, Base Lr: 9.32e-04,biloss:0.001,icloss:0.314,loss1:0.628, loss2:2.605, loss3:1.053, ploss:0.000,palign:0.000,total_loss:4.600,fceloss:0.0000
2026-06-11 16:40:14,739 transreid.image_train INFO: Epoch[117] Iteration[80/111] CoEN(qR=0.44,qN=0.40) Loss: 4.750, Acc: 0.995,Acc1: 0.995,Acc2: 0.961, Base Lr: 9.32e-04,biloss:0.001,icloss:0.317,loss1:0.663, loss2:2.602, loss3:1.059, ploss:0.000,palign:0.000,total_loss:4.642,fceloss:0.0000
2026-06-11 16:40:18,065 transreid.image_train INFO: Epoch[117] Iteration[100/111] CoEN(qR=0.42,qN=0.40) Loss: 4.730, Acc: 0.994,Acc1: 0.994,Acc2: 0.960, Base Lr: 9.32e-04,biloss:0.000,icloss:0.310,loss1:0.619, loss2:2.542, loss3:1.030, ploss:0.000,palign:0.000,total_loss:4.501,fceloss:0.0000
2026-06-11 16:40:19,665 transreid.image_train INFO: Epoch 117 done. Time per batch: 31.517[s] Speed: 1.0[samples/s]
2026-06-11 16:40:29,373 transreid.image_train INFO: Validation Results - Epoch: 117
2026-06-11 16:40:29,373 transreid.image_train INFO: mAP: 67.9%
2026-06-11 16:40:29,373 transreid.image_train INFO: CMC curve, Rank-1  :74.2%
2026-06-11 16:40:29,373 transreid.image_train INFO: CMC curve, Rank-5  :79.4%
2026-06-11 16:40:29,374 transreid.image_train INFO: CMC curve, Rank-10 :81.5%
2026-06-11 16:40:29,374 transreid.image_train INFO: Best mAP: 68.0%
2026-06-11 16:40:29,374 transreid.image_train INFO: Best Rank-1: 74.6%
2026-06-11 16:40:29,374 transreid.image_train INFO: Best Rank-5: 79.4%
2026-06-11 16:40:29,374 transreid.image_train INFO: Best Rank-10: 81.7%
2026-06-11 16:40:34,004 transreid.image_train INFO: Epoch[118] Iteration[20/111] CoEN(qR=0.46,qN=0.41) Loss: 4.739, Acc: 1.000,Acc1: 1.000,Acc2: 0.986, Base Lr: 8.79e-04,biloss:0.001,icloss:0.306,loss1:0.675, loss2:2.635, loss3:1.066, ploss:0.000,palign:0.000,total_loss:4.684,fceloss:0.0000
2026-06-11 16:40:37,338 transreid.image_train INFO: Epoch[118] Iteration[40/111] CoEN(qR=0.43,qN=0.40) Loss: 4.762, Acc: 0.998,Acc1: 0.998,Acc2: 0.973, Base Lr: 8.79e-04,biloss:0.001,icloss:0.296,loss1:0.656, loss2:2.603, loss3:1.055, ploss:0.000,palign:0.000,total_loss:4.611,fceloss:0.0000
2026-06-11 16:40:40,657 transreid.image_train INFO: Epoch[118] Iteration[60/111] CoEN(qR=0.45,qN=0.41) Loss: 4.760, Acc: 0.997,Acc1: 0.997,Acc2: 0.968, Base Lr: 8.79e-04,biloss:0.001,icloss:0.336,loss1:0.642, loss2:2.554, loss3:1.043, ploss:0.000,palign:0.000,total_loss:4.576,fceloss:0.0000
2026-06-11 16:40:43,972 transreid.image_train INFO: Epoch[118] Iteration[80/111] CoEN(qR=0.40,qN=0.38) Loss: 4.745, Acc: 0.996,Acc1: 0.996,Acc2: 0.965, Base Lr: 8.79e-04,biloss:0.001,icloss:0.320,loss1:0.616, loss2:2.508, loss3:1.054, ploss:0.000,palign:0.000,total_loss:4.499,fceloss:0.0000
2026-06-11 16:40:47,251 transreid.image_train INFO: Epoch[118] Iteration[100/111] CoEN(qR=0.38,qN=0.38) Loss: 4.724, Acc: 0.996,Acc1: 0.995,Acc2: 0.962, Base Lr: 8.79e-04,biloss:0.000,icloss:0.302,loss1:0.585, loss2:2.468, loss3:1.025, ploss:0.000,palign:0.000,total_loss:4.381,fceloss:0.0000
2026-06-11 16:40:48,815 transreid.image_train INFO: Epoch 118 done. Time per batch: 31.785[s] Speed: 1.0[samples/s]
2026-06-11 16:40:58,705 transreid.image_train INFO: Validation Results - Epoch: 118
2026-06-11 16:40:58,706 transreid.image_train INFO: mAP: 67.9%
2026-06-11 16:40:58,706 transreid.image_train INFO: CMC curve, Rank-1  :74.4%
2026-06-11 16:40:58,706 transreid.image_train INFO: CMC curve, Rank-5  :79.4%
2026-06-11 16:40:58,706 transreid.image_train INFO: CMC curve, Rank-10 :81.7%
2026-06-11 16:40:58,706 transreid.image_train INFO: Best mAP: 68.0%
2026-06-11 16:40:58,706 transreid.image_train INFO: Best Rank-1: 74.6%
2026-06-11 16:40:58,706 transreid.image_train INFO: Best Rank-5: 79.4%
2026-06-11 16:40:58,706 transreid.image_train INFO: Best Rank-10: 81.7%
2026-06-11 16:41:03,187 transreid.image_train INFO: Epoch[119] Iteration[20/111] CoEN(qR=0.40,qN=0.39) Loss: 4.811, Acc: 0.991,Acc1: 0.994,Acc2: 0.952, Base Lr: 8.28e-04,biloss:0.001,icloss:0.304,loss1:0.658, loss2:2.600, loss3:1.125, ploss:0.000,palign:0.000,total_loss:4.688,fceloss:0.0000
2026-06-11 16:41:06,510 transreid.image_train INFO: Epoch[119] Iteration[40/111] CoEN(qR=0.44,qN=0.40) Loss: 4.788, Acc: 0.995,Acc1: 0.997,Acc2: 0.960, Base Lr: 8.28e-04,biloss:0.001,icloss:0.306,loss1:0.639, loss2:2.579, loss3:1.033, ploss:0.000,palign:0.000,total_loss:4.557,fceloss:0.0000
2026-06-11 16:41:09,817 transreid.image_train INFO: Epoch[119] Iteration[60/111] CoEN(qR=0.43,qN=0.41) Loss: 4.761, Acc: 0.995,Acc1: 0.996,Acc2: 0.964, Base Lr: 8.28e-04,biloss:0.001,icloss:0.316,loss1:0.630, loss2:2.591, loss3:1.111, ploss:0.000,palign:0.000,total_loss:4.649,fceloss:0.0000
2026-06-11 16:41:13,091 transreid.image_train INFO: Epoch[119] Iteration[80/111] CoEN(qR=0.45,qN=0.41) Loss: 4.744, Acc: 0.995,Acc1: 0.996,Acc2: 0.959, Base Lr: 8.28e-04,biloss:0.000,icloss:0.335,loss1:0.646, loss2:2.568, loss3:1.173, ploss:0.000,palign:0.000,total_loss:4.723,fceloss:0.0000
2026-06-11 16:41:16,386 transreid.image_train INFO: Epoch[119] Iteration[100/111] CoEN(qR=0.44,qN=0.41) Loss: 4.725, Acc: 0.994,Acc1: 0.995,Acc2: 0.959, Base Lr: 8.28e-04,biloss:0.000,icloss:0.337,loss1:0.630, loss2:2.567, loss3:1.109, ploss:0.000,palign:0.000,total_loss:4.643,fceloss:0.0000
2026-06-11 16:41:18,136 transreid.image_train INFO: Epoch 119 done. Time per batch: 31.762[s] Speed: 1.0[samples/s]
2026-06-11 16:41:27,987 transreid.image_train INFO: Validation Results - Epoch: 119
2026-06-11 16:41:27,987 transreid.image_train INFO: mAP: 67.7%
2026-06-11 16:41:27,988 transreid.image_train INFO: CMC curve, Rank-1  :74.0%
2026-06-11 16:41:27,988 transreid.image_train INFO: CMC curve, Rank-5  :79.0%
2026-06-11 16:41:27,988 transreid.image_train INFO: CMC curve, Rank-10 :81.7%
2026-06-11 16:41:27,988 transreid.image_train INFO: Best mAP: 68.0%
2026-06-11 16:41:27,988 transreid.image_train INFO: Best Rank-1: 74.6%
2026-06-11 16:41:27,988 transreid.image_train INFO: Best Rank-5: 79.4%
2026-06-11 16:41:27,988 transreid.image_train INFO: Best Rank-10: 81.7%
2026-06-11 16:41:32,394 transreid.image_train INFO: Epoch[120] Iteration[20/111] CoEN(qR=0.44,qN=0.42) Loss: 4.741, Acc: 0.994,Acc1: 0.994,Acc2: 0.964, Base Lr: 7.78e-04,biloss:0.001,icloss:0.320,loss1:0.658, loss2:2.675, loss3:1.068, ploss:0.000,palign:0.000,total_loss:4.721,fceloss:0.0000
2026-06-11 16:41:35,665 transreid.image_train INFO: Epoch[120] Iteration[40/111] CoEN(qR=0.44,qN=0.40) Loss: 4.747, Acc: 0.993,Acc1: 0.995,Acc2: 0.963, Base Lr: 7.78e-04,biloss:0.000,icloss:0.306,loss1:0.645, loss2:2.571, loss3:1.056, ploss:0.000,palign:0.000,total_loss:4.578,fceloss:0.0000
2026-06-11 16:41:38,931 transreid.image_train INFO: Epoch[120] Iteration[60/111] CoEN(qR=0.47,qN=0.41) Loss: 4.733, Acc: 0.992,Acc1: 0.993,Acc2: 0.968, Base Lr: 7.78e-04,biloss:0.001,icloss:0.311,loss1:0.751, loss2:2.675, loss3:1.130, ploss:0.000,palign:0.000,total_loss:4.867,fceloss:0.0000
2026-06-11 16:41:42,171 transreid.image_train INFO: Epoch[120] Iteration[80/111] CoEN(qR=0.50,qN=0.45) Loss: 4.726, Acc: 0.993,Acc1: 0.993,Acc2: 0.963, Base Lr: 7.78e-04,biloss:0.001,icloss:0.352,loss1:0.741, loss2:2.761, loss3:1.150, ploss:0.000,palign:0.000,total_loss:5.004,fceloss:0.0000
2026-06-11 16:41:45,407 transreid.image_train INFO: Epoch[120] Iteration[100/111] CoEN(qR=0.46,qN=0.42) Loss: 4.719, Acc: 0.994,Acc1: 0.995,Acc2: 0.959, Base Lr: 7.78e-04,biloss:0.001,icloss:0.326,loss1:0.665, loss2:2.630, loss3:1.040, ploss:0.000,palign:0.000,total_loss:4.661,fceloss:0.0000
2026-06-11 16:41:47,156 transreid.image_train INFO: Epoch 120 done. Time per batch: 32.026[s] Speed: 1.0[samples/s]
2026-06-11 16:41:56,686 transreid.image_train INFO: Validation Results - Epoch: 120
2026-06-11 16:41:56,686 transreid.image_train INFO: mAP: 67.7%
2026-06-11 16:41:56,686 transreid.image_train INFO: CMC curve, Rank-1  :74.2%
2026-06-11 16:41:56,686 transreid.image_train INFO: CMC curve, Rank-5  :79.4%
2026-06-11 16:41:56,686 transreid.image_train INFO: CMC curve, Rank-10 :81.7%
2026-06-11 16:41:56,686 transreid.image_train INFO: Best mAP: 68.0%
2026-06-11 16:41:56,686 transreid.image_train INFO: Best Rank-1: 74.6%
2026-06-11 16:41:56,686 transreid.image_train INFO: Best Rank-5: 79.4%
2026-06-11 16:41:56,686 transreid.image_train INFO: Best Rank-10: 81.7%
2026-06-11 16:42:01,040 transreid.image_train INFO: Epoch[121] Iteration[20/111] CoEN(qR=0.40,qN=0.39) Loss: 4.711, Acc: 1.000,Acc1: 1.000,Acc2: 0.980, Base Lr: 7.30e-04,biloss:0.001,icloss:0.314,loss1:0.627, loss2:2.551, loss3:1.053, ploss:0.000,palign:0.000,total_loss:4.545,fceloss:0.0000
2026-06-11 16:42:04,306 transreid.image_train INFO: Epoch[121] Iteration[40/111] CoEN(qR=0.44,qN=0.42) Loss: 4.757, Acc: 0.998,Acc1: 0.996,Acc2: 0.977, Base Lr: 7.30e-04,biloss:0.001,icloss:0.314,loss1:0.638, loss2:2.628, loss3:1.049, ploss:0.000,palign:0.000,total_loss:4.629,fceloss:0.0000
2026-06-11 16:42:07,571 transreid.image_train INFO: Epoch[121] Iteration[60/111] CoEN(qR=0.41,qN=0.39) Loss: 4.744, Acc: 0.995,Acc1: 0.994,Acc2: 0.972, Base Lr: 7.30e-04,biloss:0.001,icloss:0.294,loss1:0.633, loss2:2.585, loss3:1.054, ploss:0.000,palign:0.000,total_loss:4.567,fceloss:0.0000
2026-06-11 16:42:10,843 transreid.image_train INFO: Epoch[121] Iteration[80/111] CoEN(qR=0.44,qN=0.42) Loss: 4.732, Acc: 0.995,Acc1: 0.994,Acc2: 0.964, Base Lr: 7.30e-04,biloss:0.001,icloss:0.322,loss1:0.646, loss2:2.617, loss3:1.040, ploss:0.000,palign:0.000,total_loss:4.626,fceloss:0.0000
2026-06-11 16:42:14,091 transreid.image_train INFO: Epoch[121] Iteration[100/111] CoEN(qR=0.43,qN=0.38) Loss: 4.712, Acc: 0.995,Acc1: 0.994,Acc2: 0.962, Base Lr: 7.30e-04,biloss:0.000,icloss:0.308,loss1:0.677, loss2:2.525, loss3:1.315, ploss:0.000,palign:0.000,total_loss:4.826,fceloss:0.0000
2026-06-11 16:42:15,648 transreid.image_train INFO: Epoch 121 done. Time per batch: 32.581[s] Speed: 1.0[samples/s]
2026-06-11 16:42:25,309 transreid.image_train INFO: Validation Results - Epoch: 121
2026-06-11 16:42:25,309 transreid.image_train INFO: mAP: 67.6%
2026-06-11 16:42:25,309 transreid.image_train INFO: CMC curve, Rank-1  :74.2%
2026-06-11 16:42:25,309 transreid.image_train INFO: CMC curve, Rank-5  :79.2%
2026-06-11 16:42:25,309 transreid.image_train INFO: CMC curve, Rank-10 :81.7%
2026-06-11 16:42:25,309 transreid.image_train INFO: Best mAP: 68.0%
2026-06-11 16:42:25,309 transreid.image_train INFO: Best Rank-1: 74.6%
2026-06-11 16:42:25,309 transreid.image_train INFO: Best Rank-5: 79.4%
2026-06-11 16:42:25,310 transreid.image_train INFO: Best Rank-10: 81.7%
2026-06-11 16:42:29,945 transreid.image_train INFO: Epoch[122] Iteration[20/111] CoEN(qR=0.43,qN=0.41) Loss: 4.711, Acc: 1.000,Acc1: 1.000,Acc2: 0.947, Base Lr: 6.83e-04,biloss:0.001,icloss:0.326,loss1:0.642, loss2:2.621, loss3:1.240, ploss:0.000,palign:0.000,total_loss:4.829,fceloss:0.0000
2026-06-11 16:42:33,272 transreid.image_train INFO: Epoch[122] Iteration[40/111] CoEN(qR=0.46,qN=0.42) Loss: 4.741, Acc: 0.995,Acc1: 0.994,Acc2: 0.955, Base Lr: 6.83e-04,biloss:0.001,icloss:0.311,loss1:0.687, loss2:2.682, loss3:1.057, ploss:0.000,palign:0.000,total_loss:4.738,fceloss:0.0000
2026-06-11 16:42:36,602 transreid.image_train INFO: Epoch[122] Iteration[60/111] CoEN(qR=0.51,qN=0.45) Loss: 4.723, Acc: 0.996,Acc1: 0.996,Acc2: 0.962, Base Lr: 6.83e-04,biloss:0.001,icloss:0.324,loss1:0.707, loss2:2.782, loss3:1.251, ploss:0.000,palign:0.000,total_loss:5.065,fceloss:0.0000
2026-06-11 16:42:39,941 transreid.image_train INFO: Epoch[122] Iteration[80/111] CoEN(qR=0.46,qN=0.42) Loss: 4.732, Acc: 0.993,Acc1: 0.994,Acc2: 0.953, Base Lr: 6.83e-04,biloss:0.001,icloss:0.328,loss1:0.657, loss2:2.627, loss3:1.048, ploss:0.000,palign:0.000,total_loss:4.661,fceloss:0.0000
2026-06-11 16:42:43,250 transreid.image_train INFO: Epoch[122] Iteration[100/111] CoEN(qR=0.47,qN=0.44) Loss: 4.712, Acc: 0.994,Acc1: 0.994,Acc2: 0.956, Base Lr: 6.83e-04,biloss:0.000,icloss:0.344,loss1:0.650, loss2:2.650, loss3:1.038, ploss:0.000,palign:0.000,total_loss:4.683,fceloss:0.0000
2026-06-11 16:42:44,861 transreid.image_train INFO: Epoch 122 done. Time per batch: 32.849[s] Speed: 1.0[samples/s]
2026-06-11 16:42:54,640 transreid.image_train INFO: Validation Results - Epoch: 122
2026-06-11 16:42:54,640 transreid.image_train INFO: mAP: 67.9%
2026-06-11 16:42:54,640 transreid.image_train INFO: CMC curve, Rank-1  :74.4%
2026-06-11 16:42:54,640 transreid.image_train INFO: CMC curve, Rank-5  :79.5%
2026-06-11 16:42:54,640 transreid.image_train INFO: CMC curve, Rank-10 :81.7%
2026-06-11 16:42:54,640 transreid.image_train INFO: Best mAP: 68.0%
2026-06-11 16:42:54,640 transreid.image_train INFO: Best Rank-1: 74.6%
2026-06-11 16:42:54,641 transreid.image_train INFO: Best Rank-5: 79.4%
2026-06-11 16:42:54,641 transreid.image_train INFO: Best Rank-10: 81.7%
2026-06-11 16:42:59,176 transreid.image_train INFO: Epoch[123] Iteration[20/111] CoEN(qR=0.45,qN=0.43) Loss: 4.775, Acc: 0.997,Acc1: 0.998,Acc2: 0.973, Base Lr: 6.37e-04,biloss:0.001,icloss:0.330,loss1:0.646, loss2:2.669, loss3:1.041, ploss:0.000,palign:0.000,total_loss:4.687,fceloss:0.0000
2026-06-11 16:43:02,379 transreid.image_train INFO: Epoch[123] Iteration[40/111] CoEN(qR=0.47,qN=0.43) Loss: 4.759, Acc: 0.995,Acc1: 0.996,Acc2: 0.976, Base Lr: 6.37e-04,biloss:0.001,icloss:0.325,loss1:0.678, loss2:2.675, loss3:1.050, ploss:0.000,palign:0.000,total_loss:4.730,fceloss:0.0000
2026-06-11 16:43:05,622 transreid.image_train INFO: Epoch[123] Iteration[60/111] CoEN(qR=0.41,qN=0.40) Loss: 4.738, Acc: 0.997,Acc1: 0.997,Acc2: 0.967, Base Lr: 6.37e-04,biloss:0.001,icloss:0.307,loss1:0.610, loss2:2.565, loss3:1.044, ploss:0.000,palign:0.000,total_loss:4.526,fceloss:0.0000
2026-06-11 16:43:08,872 transreid.image_train INFO: Epoch[123] Iteration[80/111] CoEN(qR=0.48,qN=0.41) Loss: 4.729, Acc: 0.995,Acc1: 0.995,Acc2: 0.961, Base Lr: 6.37e-04,biloss:0.001,icloss:0.328,loss1:0.674, loss2:2.598, loss3:1.306, ploss:0.000,palign:0.000,total_loss:4.907,fceloss:0.0000
2026-06-11 16:43:12,108 transreid.image_train INFO: Epoch[123] Iteration[100/111] CoEN(qR=0.43,qN=0.40) Loss: 4.713, Acc: 0.995,Acc1: 0.995,Acc2: 0.963, Base Lr: 6.37e-04,biloss:0.000,icloss:0.334,loss1:0.612, loss2:2.508, loss3:1.019, ploss:0.000,palign:0.000,total_loss:4.474,fceloss:0.0000
2026-06-11 16:43:13,669 transreid.image_train INFO: Epoch 123 done. Time per batch: 33.114[s] Speed: 1.0[samples/s]
2026-06-11 16:43:23,249 transreid.image_train INFO: Validation Results - Epoch: 123
2026-06-11 16:43:23,249 transreid.image_train INFO: mAP: 67.5%
2026-06-11 16:43:23,249 transreid.image_train INFO: CMC curve, Rank-1  :73.8%
2026-06-11 16:43:23,249 transreid.image_train INFO: CMC curve, Rank-5  :79.2%
2026-06-11 16:43:23,249 transreid.image_train INFO: CMC curve, Rank-10 :81.7%
2026-06-11 16:43:23,249 transreid.image_train INFO: Best mAP: 68.0%
2026-06-11 16:43:23,249 transreid.image_train INFO: Best Rank-1: 74.6%
2026-06-11 16:43:23,249 transreid.image_train INFO: Best Rank-5: 79.4%
2026-06-11 16:43:23,249 transreid.image_train INFO: Best Rank-10: 81.7%
2026-06-11 16:43:27,629 transreid.image_train INFO: Epoch[124] Iteration[20/111] CoEN(qR=0.48,qN=0.41) Loss: 4.767, Acc: 0.995,Acc1: 0.995,Acc2: 0.961, Base Lr: 5.93e-04,biloss:0.001,icloss:0.311,loss1:0.685, loss2:2.622, loss3:1.044, ploss:0.000,palign:0.000,total_loss:4.663,fceloss:0.0000
2026-06-11 16:43:30,941 transreid.image_train INFO: Epoch[124] Iteration[40/111] CoEN(qR=0.46,qN=0.42) Loss: 4.748, Acc: 0.995,Acc1: 0.995,Acc2: 0.963, Base Lr: 5.93e-04,biloss:0.001,icloss:0.315,loss1:0.667, loss2:2.668, loss3:1.120, ploss:0.000,palign:0.000,total_loss:4.770,fceloss:0.0000
2026-06-11 16:43:34,266 transreid.image_train INFO: Epoch[124] Iteration[60/111] CoEN(qR=0.53,qN=0.46) Loss: 4.751, Acc: 0.995,Acc1: 0.994,Acc2: 0.960, Base Lr: 5.93e-04,biloss:0.001,icloss:0.326,loss1:0.715, loss2:2.803, loss3:1.312, ploss:0.000,palign:0.000,total_loss:5.157,fceloss:0.0000
2026-06-11 16:43:37,579 transreid.image_train INFO: Epoch[124] Iteration[80/111] CoEN(qR=0.46,qN=0.40) Loss: 4.737, Acc: 0.993,Acc1: 0.993,Acc2: 0.962, Base Lr: 5.93e-04,biloss:0.000,icloss:0.321,loss1:0.647, loss2:2.566, loss3:1.443, ploss:0.000,palign:0.000,total_loss:4.977,fceloss:0.0000
2026-06-11 16:43:40,872 transreid.image_train INFO: Epoch[124] Iteration[100/111] CoEN(qR=0.45,qN=0.43) Loss: 4.718, Acc: 0.995,Acc1: 0.995,Acc2: 0.960, Base Lr: 5.93e-04,biloss:0.000,icloss:0.327,loss1:0.639, loss2:2.616, loss3:1.027, ploss:0.000,palign:0.000,total_loss:4.609,fceloss:0.0000
2026-06-11 16:43:42,336 transreid.image_train INFO: Epoch 124 done. Time per batch: 33.686[s] Speed: 0.9[samples/s]
2026-06-11 16:43:52,187 transreid.image_train INFO: Validation Results - Epoch: 124
2026-06-11 16:43:52,187 transreid.image_train INFO: mAP: 67.6%
2026-06-11 16:43:52,187 transreid.image_train INFO: CMC curve, Rank-1  :74.0%
2026-06-11 16:43:52,187 transreid.image_train INFO: CMC curve, Rank-5  :79.2%
2026-06-11 16:43:52,187 transreid.image_train INFO: CMC curve, Rank-10 :81.7%
2026-06-11 16:43:52,187 transreid.image_train INFO: Best mAP: 68.0%
2026-06-11 16:43:52,187 transreid.image_train INFO: Best Rank-1: 74.6%
2026-06-11 16:43:52,187 transreid.image_train INFO: Best Rank-5: 79.4%
2026-06-11 16:43:52,187 transreid.image_train INFO: Best Rank-10: 81.7%
2026-06-11 16:43:56,597 transreid.image_train INFO: Epoch[125] Iteration[20/111] CoEN(qR=0.44,qN=0.41) Loss: 4.809, Acc: 1.000,Acc1: 0.998,Acc2: 0.963, Base Lr: 5.51e-04,biloss:0.001,icloss:0.318,loss1:0.685, loss2:2.624, loss3:1.074, ploss:0.000,palign:0.000,total_loss:4.702,fceloss:0.0000
2026-06-11 16:43:59,876 transreid.image_train INFO: Epoch[125] Iteration[40/111] CoEN(qR=0.48,qN=0.42) Loss: 4.795, Acc: 0.997,Acc1: 0.996,Acc2: 0.962, Base Lr: 5.51e-04,biloss:0.001,icloss:0.312,loss1:0.692, loss2:2.669, loss3:1.054, ploss:0.000,palign:0.000,total_loss:4.727,fceloss:0.0000
2026-06-11 16:44:03,219 transreid.image_train INFO: Epoch[125] Iteration[60/111] CoEN(qR=0.45,qN=0.41) Loss: 4.763, Acc: 0.998,Acc1: 0.996,Acc2: 0.966, Base Lr: 5.51e-04,biloss:0.001,icloss:0.349,loss1:0.642, loss2:2.566, loss3:1.042, ploss:0.000,palign:0.000,total_loss:4.599,fceloss:0.0000
2026-06-11 16:44:06,539 transreid.image_train INFO: Epoch[125] Iteration[80/111] CoEN(qR=0.43,qN=0.41) Loss: 4.736, Acc: 0.996,Acc1: 0.995,Acc2: 0.966, Base Lr: 5.51e-04,biloss:0.001,icloss:0.308,loss1:0.633, loss2:2.601, loss3:1.045, ploss:0.000,palign:0.000,total_loss:4.587,fceloss:0.0000
2026-06-11 16:44:09,810 transreid.image_train INFO: Epoch[125] Iteration[100/111] CoEN(qR=0.48,qN=0.44) Loss: 4.720, Acc: 0.996,Acc1: 0.995,Acc2: 0.965, Base Lr: 5.51e-04,biloss:0.001,icloss:0.336,loss1:0.662, loss2:2.672, loss3:1.157, ploss:0.000,palign:0.000,total_loss:4.828,fceloss:0.0000
2026-06-11 16:44:11,373 transreid.image_train INFO: Epoch 125 done. Time per batch: 33.643[s] Speed: 1.0[samples/s]
2026-06-11 16:44:21,053 transreid.image_train INFO: Validation Results - Epoch: 125
2026-06-11 16:44:21,053 transreid.image_train INFO: mAP: 67.7%
2026-06-11 16:44:21,053 transreid.image_train INFO: CMC curve, Rank-1  :74.0%
2026-06-11 16:44:21,053 transreid.image_train INFO: CMC curve, Rank-5  :79.2%
2026-06-11 16:44:21,053 transreid.image_train INFO: CMC curve, Rank-10 :81.7%
2026-06-11 16:44:21,054 transreid.image_train INFO: Best mAP: 68.0%
2026-06-11 16:44:21,054 transreid.image_train INFO: Best Rank-1: 74.6%
2026-06-11 16:44:21,054 transreid.image_train INFO: Best Rank-5: 79.4%
2026-06-11 16:44:21,054 transreid.image_train INFO: Best Rank-10: 81.7%
2026-06-11 16:44:25,417 transreid.image_train INFO: Epoch[126] Iteration[20/111] CoEN(qR=0.39,qN=0.39) Loss: 4.761, Acc: 0.994,Acc1: 0.994,Acc2: 0.975, Base Lr: 5.10e-04,biloss:0.001,icloss:0.317,loss1:0.637, loss2:2.560, loss3:1.087, ploss:0.000,palign:0.000,total_loss:4.602,fceloss:0.0000
2026-06-11 16:44:28,695 transreid.image_train INFO: Epoch[126] Iteration[40/111] CoEN(qR=0.48,qN=0.44) Loss: 4.731, Acc: 0.994,Acc1: 0.994,Acc2: 0.966, Base Lr: 5.10e-04,biloss:0.001,icloss:0.318,loss1:0.667, loss2:2.711, loss3:1.038, ploss:0.000,palign:0.000,total_loss:4.735,fceloss:0.0000
2026-06-11 16:44:31,991 transreid.image_train INFO: Epoch[126] Iteration[60/111] CoEN(qR=0.48,qN=0.43) Loss: 4.723, Acc: 0.996,Acc1: 0.996,Acc2: 0.968, Base Lr: 5.10e-04,biloss:0.001,icloss:0.329,loss1:0.686, loss2:2.665, loss3:1.056, ploss:0.000,palign:0.000,total_loss:4.737,fceloss:0.0000
2026-06-11 16:44:35,277 transreid.image_train INFO: Epoch[126] Iteration[80/111] CoEN(qR=0.44,qN=0.41) Loss: 4.716, Acc: 0.996,Acc1: 0.996,Acc2: 0.962, Base Lr: 5.10e-04,biloss:0.001,icloss:0.337,loss1:0.646, loss2:2.594, loss3:1.052, ploss:0.000,palign:0.000,total_loss:4.630,fceloss:0.0000
2026-06-11 16:44:38,545 transreid.image_train INFO: Epoch[126] Iteration[100/111] CoEN(qR=0.42,qN=0.41) Loss: 4.704, Acc: 0.995,Acc1: 0.995,Acc2: 0.960, Base Lr: 5.10e-04,biloss:0.001,icloss:0.311,loss1:0.614, loss2:2.582, loss3:1.026, ploss:0.000,palign:0.000,total_loss:4.534,fceloss:0.0000
2026-06-11 16:44:40,117 transreid.image_train INFO: Epoch 126 done. Time per batch: 33.907[s] Speed: 0.9[samples/s]
2026-06-11 16:44:49,652 transreid.image_train INFO: Validation Results - Epoch: 126
2026-06-11 16:44:49,653 transreid.image_train INFO: mAP: 67.7%
2026-06-11 16:44:49,653 transreid.image_train INFO: CMC curve, Rank-1  :73.8%
2026-06-11 16:44:49,653 transreid.image_train INFO: CMC curve, Rank-5  :79.4%
2026-06-11 16:44:49,653 transreid.image_train INFO: CMC curve, Rank-10 :81.7%
2026-06-11 16:44:49,653 transreid.image_train INFO: Best mAP: 68.0%
2026-06-11 16:44:49,653 transreid.image_train INFO: Best Rank-1: 74.6%
2026-06-11 16:44:49,653 transreid.image_train INFO: Best Rank-5: 79.4%
2026-06-11 16:44:49,653 transreid.image_train INFO: Best Rank-10: 81.7%
2026-06-11 16:44:54,202 transreid.image_train INFO: Epoch[127] Iteration[20/111] CoEN(qR=0.46,qN=0.43) Loss: 4.796, Acc: 0.988,Acc1: 0.989,Acc2: 0.948, Base Lr: 4.70e-04,biloss:0.001,icloss:0.336,loss1:0.662, loss2:2.648, loss3:1.049, ploss:0.000,palign:0.000,total_loss:4.695,fceloss:0.0000
2026-06-11 16:44:57,533 transreid.image_train INFO: Epoch[127] Iteration[40/111] CoEN(qR=0.41,qN=0.38) Loss: 4.768, Acc: 0.990,Acc1: 0.988,Acc2: 0.958, Base Lr: 4.70e-04,biloss:0.001,icloss:0.319,loss1:0.664, loss2:2.537, loss3:1.069, ploss:0.000,palign:0.000,total_loss:4.591,fceloss:0.0000
2026-06-11 16:45:00,868 transreid.image_train INFO: Epoch[127] Iteration[60/111] CoEN(qR=0.41,qN=0.39) Loss: 4.737, Acc: 0.992,Acc1: 0.991,Acc2: 0.958, Base Lr: 4.70e-04,biloss:0.001,icloss:0.302,loss1:0.625, loss2:2.561, loss3:1.139, ploss:0.000,palign:0.000,total_loss:4.628,fceloss:0.0000
2026-06-11 16:45:04,226 transreid.image_train INFO: Epoch[127] Iteration[80/111] CoEN(qR=0.46,qN=0.44) Loss: 4.737, Acc: 0.993,Acc1: 0.992,Acc2: 0.955, Base Lr: 4.70e-04,biloss:0.001,icloss:0.318,loss1:0.672, loss2:2.728, loss3:1.105, ploss:0.000,palign:0.000,total_loss:4.824,fceloss:0.0000
2026-06-11 16:45:07,546 transreid.image_train INFO: Epoch[127] Iteration[100/111] CoEN(qR=0.40,qN=0.41) Loss: 4.710, Acc: 0.994,Acc1: 0.994,Acc2: 0.961, Base Lr: 4.70e-04,biloss:0.000,icloss:0.316,loss1:0.600, loss2:2.550, loss3:1.024, ploss:0.000,palign:0.000,total_loss:4.491,fceloss:0.0000
2026-06-11 16:45:09,134 transreid.image_train INFO: Epoch 127 done. Time per batch: 34.173[s] Speed: 0.9[samples/s]
2026-06-11 16:45:18,843 transreid.image_train INFO: Validation Results - Epoch: 127
2026-06-11 16:45:18,843 transreid.image_train INFO: mAP: 67.8%
2026-06-11 16:45:18,843 transreid.image_train INFO: CMC curve, Rank-1  :74.2%
2026-06-11 16:45:18,843 transreid.image_train INFO: CMC curve, Rank-5  :79.2%
2026-06-11 16:45:18,843 transreid.image_train INFO: CMC curve, Rank-10 :81.7%
2026-06-11 16:45:18,843 transreid.image_train INFO: Best mAP: 68.0%
2026-06-11 16:45:18,843 transreid.image_train INFO: Best Rank-1: 74.6%
2026-06-11 16:45:18,843 transreid.image_train INFO: Best Rank-5: 79.4%
2026-06-11 16:45:18,843 transreid.image_train INFO: Best Rank-10: 81.7%
2026-06-11 16:45:23,129 transreid.image_train INFO: Epoch[128] Iteration[20/111] CoEN(qR=0.44,qN=0.42) Loss: 4.717, Acc: 0.995,Acc1: 0.994,Acc2: 0.986, Base Lr: 4.32e-04,biloss:0.001,icloss:0.304,loss1:0.667, loss2:2.657, loss3:1.066, ploss:0.000,palign:0.000,total_loss:4.695,fceloss:0.0000
2026-06-11 16:45:26,406 transreid.image_train INFO: Epoch[128] Iteration[40/111] CoEN(qR=0.45,qN=0.39) Loss: 4.718, Acc: 0.995,Acc1: 0.996,Acc2: 0.964, Base Lr: 4.32e-04,biloss:0.001,icloss:0.322,loss1:0.665, loss2:2.561, loss3:1.312, ploss:0.000,palign:0.000,total_loss:4.860,fceloss:0.0000
2026-06-11 16:45:29,679 transreid.image_train INFO: Epoch[128] Iteration[60/111] CoEN(qR=0.49,qN=0.44) Loss: 4.723, Acc: 0.994,Acc1: 0.995,Acc2: 0.960, Base Lr: 4.32e-04,biloss:0.001,icloss:0.350,loss1:0.683, loss2:2.716, loss3:1.368, ploss:0.000,palign:0.000,total_loss:5.117,fceloss:0.0000
2026-06-11 16:45:32,962 transreid.image_train INFO: Epoch[128] Iteration[80/111] CoEN(qR=0.42,qN=0.40) Loss: 4.710, Acc: 0.996,Acc1: 0.996,Acc2: 0.968, Base Lr: 4.32e-04,biloss:0.001,icloss:0.322,loss1:0.667, loss2:2.603, loss3:1.107, ploss:0.000,palign:0.000,total_loss:4.700,fceloss:0.0000
2026-06-11 16:45:36,210 transreid.image_train INFO: Epoch[128] Iteration[100/111] CoEN(qR=0.38,qN=0.36) Loss: 4.707, Acc: 0.994,Acc1: 0.994,Acc2: 0.964, Base Lr: 4.32e-04,biloss:0.000,icloss:0.303,loss1:0.584, loss2:2.419, loss3:1.216, ploss:0.000,palign:0.000,total_loss:4.521,fceloss:0.0000
2026-06-11 16:45:37,748 transreid.image_train INFO: Epoch 128 done. Time per batch: 34.435[s] Speed: 0.9[samples/s]
2026-06-11 16:45:47,579 transreid.image_train INFO: Validation Results - Epoch: 128
2026-06-11 16:45:47,579 transreid.image_train INFO: mAP: 67.9%
2026-06-11 16:45:47,580 transreid.image_train INFO: CMC curve, Rank-1  :74.4%
2026-06-11 16:45:47,580 transreid.image_train INFO: CMC curve, Rank-5  :79.5%
2026-06-11 16:45:47,580 transreid.image_train INFO: CMC curve, Rank-10 :81.7%
2026-06-11 16:45:47,580 transreid.image_train INFO: Best mAP: 68.0%
2026-06-11 16:45:47,580 transreid.image_train INFO: Best Rank-1: 74.6%
2026-06-11 16:45:47,580 transreid.image_train INFO: Best Rank-5: 79.4%
2026-06-11 16:45:47,580 transreid.image_train INFO: Best Rank-10: 81.7%
2026-06-11 16:45:52,112 transreid.image_train INFO: Epoch[129] Iteration[20/111] CoEN(qR=0.44,qN=0.39) Loss: 4.775, Acc: 0.995,Acc1: 0.992,Acc2: 0.963, Base Lr: 3.96e-04,biloss:0.001,icloss:0.298,loss1:0.652, loss2:2.574, loss3:1.051, ploss:0.000,palign:0.000,total_loss:4.576,fceloss:0.0000
2026-06-11 16:45:55,384 transreid.image_train INFO: Epoch[129] Iteration[40/111] CoEN(qR=0.42,qN=0.39) Loss: 4.767, Acc: 0.990,Acc1: 0.989,Acc2: 0.966, Base Lr: 3.96e-04,biloss:0.000,icloss:0.299,loss1:0.617, loss2:2.529, loss3:1.032, ploss:0.000,palign:0.000,total_loss:4.478,fceloss:0.0000
2026-06-11 16:45:58,852 transreid.image_train INFO: Epoch[129] Iteration[60/111] CoEN(qR=0.42,qN=0.40) Loss: 4.741, Acc: 0.993,Acc1: 0.993,Acc2: 0.968, Base Lr: 3.96e-04,biloss:0.001,icloss:0.310,loss1:0.617, loss2:2.555, loss3:1.169, ploss:0.000,palign:0.000,total_loss:4.651,fceloss:0.0000
2026-06-11 16:46:02,120 transreid.image_train INFO: Epoch[129] Iteration[80/111] CoEN(qR=0.40,qN=0.38) Loss: 4.731, Acc: 0.995,Acc1: 0.995,Acc2: 0.966, Base Lr: 3.96e-04,biloss:0.001,icloss:0.314,loss1:0.608, loss2:2.494, loss3:1.219, ploss:0.000,palign:0.000,total_loss:4.635,fceloss:0.0000
2026-06-11 16:46:05,362 transreid.image_train INFO: Epoch[129] Iteration[100/111] CoEN(qR=0.42,qN=0.41) Loss: 4.706, Acc: 0.995,Acc1: 0.995,Acc2: 0.966, Base Lr: 3.96e-04,biloss:0.000,icloss:0.329,loss1:0.607, loss2:2.551, loss3:1.022, ploss:0.000,palign:0.000,total_loss:4.510,fceloss:0.0000
2026-06-11 16:46:06,953 transreid.image_train INFO: Epoch 129 done. Time per batch: 34.703[s] Speed: 0.9[samples/s]
2026-06-11 16:46:16,628 transreid.image_train INFO: Validation Results - Epoch: 129
2026-06-11 16:46:16,629 transreid.image_train INFO: mAP: 67.9%
2026-06-11 16:46:16,629 transreid.image_train INFO: CMC curve, Rank-1  :74.4%
2026-06-11 16:46:16,629 transreid.image_train INFO: CMC curve, Rank-5  :79.4%
2026-06-11 16:46:16,629 transreid.image_train INFO: CMC curve, Rank-10 :81.7%
2026-06-11 16:46:16,629 transreid.image_train INFO: Best mAP: 68.0%
2026-06-11 16:46:16,629 transreid.image_train INFO: Best Rank-1: 74.6%
2026-06-11 16:46:16,629 transreid.image_train INFO: Best Rank-5: 79.4%
2026-06-11 16:46:16,629 transreid.image_train INFO: Best Rank-10: 81.7%
2026-06-11 16:46:21,171 transreid.image_train INFO: Epoch[130] Iteration[20/111] CoEN(qR=0.42,qN=0.38) Loss: 4.800, Acc: 0.991,Acc1: 0.989,Acc2: 0.950, Base Lr: 3.61e-04,biloss:0.001,icloss:0.321,loss1:0.618, loss2:2.502, loss3:1.045, ploss:0.000,palign:0.000,total_loss:4.486,fceloss:0.0000
2026-06-11 16:46:24,539 transreid.image_train INFO: Epoch[130] Iteration[40/111] CoEN(qR=0.49,qN=0.43) Loss: 4.758, Acc: 0.995,Acc1: 0.995,Acc2: 0.952, Base Lr: 3.61e-04,biloss:0.001,icloss:0.314,loss1:0.703, loss2:2.725, loss3:1.076, ploss:0.000,palign:0.000,total_loss:4.819,fceloss:0.0000
2026-06-11 16:46:27,925 transreid.image_train INFO: Epoch[130] Iteration[60/111] CoEN(qR=0.40,qN=0.39) Loss: 4.748, Acc: 0.992,Acc1: 0.991,Acc2: 0.957, Base Lr: 3.61e-04,biloss:0.001,icloss:0.306,loss1:0.609, loss2:2.564, loss3:1.163, ploss:0.000,palign:0.000,total_loss:4.642,fceloss:0.0000
2026-06-11 16:46:31,279 transreid.image_train INFO: Epoch[130] Iteration[80/111] CoEN(qR=0.39,qN=0.41) Loss: 4.721, Acc: 0.994,Acc1: 0.993,Acc2: 0.960, Base Lr: 3.61e-04,biloss:0.000,icloss:0.329,loss1:0.589, loss2:2.535, loss3:1.019, ploss:0.000,palign:0.000,total_loss:4.473,fceloss:0.0000
2026-06-11 16:46:34,647 transreid.image_train INFO: Epoch[130] Iteration[100/111] CoEN(qR=0.43,qN=0.42) Loss: 4.711, Acc: 0.995,Acc1: 0.995,Acc2: 0.959, Base Lr: 3.61e-04,biloss:0.001,icloss:0.349,loss1:0.622, loss2:2.590, loss3:1.099, ploss:0.000,palign:0.000,total_loss:4.661,fceloss:0.0000
2026-06-11 16:46:36,278 transreid.image_train INFO: Epoch 130 done. Time per batch: 34.972[s] Speed: 0.9[samples/s]
2026-06-11 16:46:46,160 transreid.image_train INFO: Validation Results - Epoch: 130
2026-06-11 16:46:46,161 transreid.image_train INFO: mAP: 67.8%
2026-06-11 16:46:46,161 transreid.image_train INFO: CMC curve, Rank-1  :74.2%
2026-06-11 16:46:46,161 transreid.image_train INFO: CMC curve, Rank-5  :79.4%
2026-06-11 16:46:46,161 transreid.image_train INFO: CMC curve, Rank-10 :81.5%
2026-06-11 16:46:46,161 transreid.image_train INFO: Best mAP: 68.0%
2026-06-11 16:46:46,161 transreid.image_train INFO: Best Rank-1: 74.6%
2026-06-11 16:46:46,161 transreid.image_train INFO: Best Rank-5: 79.4%
2026-06-11 16:46:46,161 transreid.image_train INFO: Best Rank-10: 81.7%
2026-06-11 16:46:50,617 transreid.image_train INFO: Epoch[131] Iteration[20/111] CoEN(qR=0.46,qN=0.41) Loss: 4.722, Acc: 0.994,Acc1: 0.994,Acc2: 0.966, Base Lr: 3.28e-04,biloss:0.001,icloss:0.339,loss1:0.657, loss2:2.591, loss3:1.084, ploss:0.000,palign:0.000,total_loss:4.673,fceloss:0.0000
2026-06-11 16:46:53,993 transreid.image_train INFO: Epoch[131] Iteration[40/111] CoEN(qR=0.40,qN=0.39) Loss: 4.736, Acc: 0.994,Acc1: 0.994,Acc2: 0.957, Base Lr: 3.28e-04,biloss:0.001,icloss:0.294,loss1:0.617, loss2:2.545, loss3:1.038, ploss:0.000,palign:0.000,total_loss:4.494,fceloss:0.0000
2026-06-11 16:46:57,323 transreid.image_train INFO: Epoch[131] Iteration[60/111] CoEN(qR=0.43,qN=0.40) Loss: 4.719, Acc: 0.994,Acc1: 0.995,Acc2: 0.968, Base Lr: 3.28e-04,biloss:0.000,icloss:0.319,loss1:0.620, loss2:2.537, loss3:1.038, ploss:0.000,palign:0.000,total_loss:4.515,fceloss:0.0000
2026-06-11 16:47:00,689 transreid.image_train INFO: Epoch[131] Iteration[80/111] CoEN(qR=0.42,qN=0.39) Loss: 4.727, Acc: 0.993,Acc1: 0.994,Acc2: 0.959, Base Lr: 3.28e-04,biloss:0.000,icloss:0.303,loss1:0.616, loss2:2.544, loss3:1.124, ploss:0.000,palign:0.000,total_loss:4.587,fceloss:0.0000
2026-06-11 16:47:04,026 transreid.image_train INFO: Epoch[131] Iteration[100/111] CoEN(qR=0.39,qN=0.37) Loss: 4.707, Acc: 0.994,Acc1: 0.994,Acc2: 0.959, Base Lr: 3.28e-04,biloss:0.000,icloss:0.326,loss1:0.633, loss2:2.449, loss3:1.175, ploss:0.000,palign:0.000,total_loss:4.584,fceloss:0.0000
2026-06-11 16:47:05,657 transreid.image_train INFO: Epoch 131 done. Time per batch: 35.242[s] Speed: 0.9[samples/s]
2026-06-11 16:47:15,446 transreid.image_train INFO: Validation Results - Epoch: 131
2026-06-11 16:47:15,446 transreid.image_train INFO: mAP: 67.9%
2026-06-11 16:47:15,446 transreid.image_train INFO: CMC curve, Rank-1  :74.6%
2026-06-11 16:47:15,446 transreid.image_train INFO: CMC curve, Rank-5  :79.4%
2026-06-11 16:47:15,446 transreid.image_train INFO: CMC curve, Rank-10 :81.7%
2026-06-11 16:47:15,446 transreid.image_train INFO: Best mAP: 68.0%
2026-06-11 16:47:15,446 transreid.image_train INFO: Best Rank-1: 74.6%
2026-06-11 16:47:15,446 transreid.image_train INFO: Best Rank-5: 79.4%
2026-06-11 16:47:15,446 transreid.image_train INFO: Best Rank-10: 81.7%
2026-06-11 16:47:19,882 transreid.image_train INFO: Epoch[132] Iteration[20/111] CoEN(qR=0.44,qN=0.41) Loss: 4.695, Acc: 1.000,Acc1: 1.000,Acc2: 0.981, Base Lr: 2.96e-04,biloss:0.001,icloss:0.323,loss1:0.631, loss2:2.580, loss3:1.031, ploss:0.000,palign:0.000,total_loss:4.566,fceloss:0.0000
2026-06-11 16:47:23,200 transreid.image_train INFO: Epoch[132] Iteration[40/111] CoEN(qR=0.47,qN=0.42) Loss: 4.700, Acc: 0.995,Acc1: 0.995,Acc2: 0.980, Base Lr: 2.96e-04,biloss:0.001,icloss:0.311,loss1:0.657, loss2:2.673, loss3:1.040, ploss:0.000,palign:0.000,total_loss:4.682,fceloss:0.0000
2026-06-11 16:47:26,551 transreid.image_train INFO: Epoch[132] Iteration[60/111] CoEN(qR=0.50,qN=0.45) Loss: 4.701, Acc: 0.997,Acc1: 0.996,Acc2: 0.977, Base Lr: 2.96e-04,biloss:0.001,icloss:0.336,loss1:0.678, loss2:2.731, loss3:1.047, ploss:0.000,palign:0.000,total_loss:4.793,fceloss:0.0000
2026-06-11 16:47:29,912 transreid.image_train INFO: Epoch[132] Iteration[80/111] CoEN(qR=0.44,qN=0.40) Loss: 4.704, Acc: 0.997,Acc1: 0.996,Acc2: 0.968, Base Lr: 2.96e-04,biloss:0.001,icloss:0.343,loss1:0.684, loss2:2.594, loss3:1.105, ploss:0.000,palign:0.000,total_loss:4.726,fceloss:0.0000
2026-06-11 16:47:33,243 transreid.image_train INFO: Epoch[132] Iteration[100/111] CoEN(qR=0.48,qN=0.44) Loss: 4.703, Acc: 0.995,Acc1: 0.995,Acc2: 0.964, Base Lr: 2.96e-04,biloss:0.001,icloss:0.339,loss1:0.666, loss2:2.691, loss3:1.310, ploss:0.000,palign:0.000,total_loss:5.005,fceloss:0.0000
2026-06-11 16:47:34,849 transreid.image_train INFO: Epoch 132 done. Time per batch: 35.510[s] Speed: 0.9[samples/s]
2026-06-11 16:47:44,449 transreid.image_train INFO: Validation Results - Epoch: 132
2026-06-11 16:47:44,450 transreid.image_train INFO: mAP: 68.0%
2026-06-11 16:47:44,450 transreid.image_train INFO: CMC curve, Rank-1  :74.6%
2026-06-11 16:47:44,450 transreid.image_train INFO: CMC curve, Rank-5  :79.4%
2026-06-11 16:47:44,450 transreid.image_train INFO: CMC curve, Rank-10 :81.7%
2026-06-11 16:47:44,450 transreid.image_train INFO: Best mAP: 68.0%
2026-06-11 16:47:44,450 transreid.image_train INFO: Best Rank-1: 74.6%
2026-06-11 16:47:44,450 transreid.image_train INFO: Best Rank-5: 79.4%
2026-06-11 16:47:44,450 transreid.image_train INFO: Best Rank-10: 81.7%
2026-06-11 16:47:48,776 transreid.image_train INFO: Epoch[133] Iteration[20/111] CoEN(qR=0.46,qN=0.42) Loss: 4.781, Acc: 0.988,Acc1: 0.988,Acc2: 0.969, Base Lr: 2.66e-04,biloss:0.001,icloss:0.321,loss1:0.659, loss2:2.638, loss3:1.041, ploss:0.000,palign:0.000,total_loss:4.659,fceloss:0.0000
2026-06-11 16:47:52,085 transreid.image_train INFO: Epoch[133] Iteration[40/111] CoEN(qR=0.45,qN=0.43) Loss: 4.719, Acc: 0.994,Acc1: 0.994,Acc2: 0.980, Base Lr: 2.66e-04,biloss:0.001,icloss:0.338,loss1:0.656, loss2:2.645, loss3:1.052, ploss:0.000,palign:0.000,total_loss:4.692,fceloss:0.0000
2026-06-11 16:47:55,421 transreid.image_train INFO: Epoch[133] Iteration[60/111] CoEN(qR=0.44,qN=0.38) Loss: 4.715, Acc: 0.994,Acc1: 0.994,Acc2: 0.972, Base Lr: 2.66e-04,biloss:0.001,icloss:0.327,loss1:0.673, loss2:2.519, loss3:1.219, ploss:0.000,palign:0.000,total_loss:4.739,fceloss:0.0000
2026-06-11 16:47:58,746 transreid.image_train INFO: Epoch[133] Iteration[80/111] CoEN(qR=0.44,qN=0.42) Loss: 4.718, Acc: 0.994,Acc1: 0.994,Acc2: 0.963, Base Lr: 2.66e-04,biloss:0.001,icloss:0.302,loss1:0.637, loss2:2.666, loss3:1.114, ploss:0.000,palign:0.000,total_loss:4.719,fceloss:0.0000
2026-06-11 16:48:02,036 transreid.image_train INFO: Epoch[133] Iteration[100/111] CoEN(qR=0.45,qN=0.42) Loss: 4.700, Acc: 0.995,Acc1: 0.995,Acc2: 0.962, Base Lr: 2.66e-04,biloss:0.000,icloss:0.344,loss1:0.632, loss2:2.598, loss3:1.387, ploss:0.000,palign:0.000,total_loss:4.961,fceloss:0.0000
2026-06-11 16:48:03,635 transreid.image_train INFO: Epoch 133 done. Time per batch: 35.774[s] Speed: 0.9[samples/s]
2026-06-11 16:48:13,237 transreid.image_train INFO: Validation Results - Epoch: 133
2026-06-11 16:48:13,237 transreid.image_train INFO: mAP: 67.7%
2026-06-11 16:48:13,237 transreid.image_train INFO: CMC curve, Rank-1  :74.2%
2026-06-11 16:48:13,238 transreid.image_train INFO: CMC curve, Rank-5  :79.4%
2026-06-11 16:48:13,238 transreid.image_train INFO: CMC curve, Rank-10 :81.7%
2026-06-11 16:48:13,238 transreid.image_train INFO: Best mAP: 68.0%
2026-06-11 16:48:13,238 transreid.image_train INFO: Best Rank-1: 74.6%
2026-06-11 16:48:13,238 transreid.image_train INFO: Best Rank-5: 79.4%
2026-06-11 16:48:13,238 transreid.image_train INFO: Best Rank-10: 81.7%
2026-06-11 16:48:17,887 transreid.image_train INFO: Epoch[134] Iteration[20/111] CoEN(qR=0.44,qN=0.40) Loss: 4.745, Acc: 0.984,Acc1: 0.988,Acc2: 0.984, Base Lr: 2.38e-04,biloss:0.001,icloss:0.310,loss1:0.657, loss2:2.612, loss3:1.166, ploss:0.000,palign:0.000,total_loss:4.746,fceloss:0.0000
2026-06-11 16:48:21,247 transreid.image_train INFO: Epoch[134] Iteration[40/111] CoEN(qR=0.50,qN=0.44) Loss: 4.750, Acc: 0.992,Acc1: 0.994,Acc2: 0.966, Base Lr: 2.38e-04,biloss:0.001,icloss:0.352,loss1:0.708, loss2:2.701, loss3:1.055, ploss:0.000,palign:0.000,total_loss:4.817,fceloss:0.0000
2026-06-11 16:48:24,604 transreid.image_train INFO: Epoch[134] Iteration[60/111] CoEN(qR=0.42,qN=0.39) Loss: 4.742, Acc: 0.992,Acc1: 0.993,Acc2: 0.969, Base Lr: 2.38e-04,biloss:0.001,icloss:0.313,loss1:0.632, loss2:2.556, loss3:1.232, ploss:0.000,palign:0.000,total_loss:4.733,fceloss:0.0000
2026-06-11 16:48:27,959 transreid.image_train INFO: Epoch[134] Iteration[80/111] CoEN(qR=0.46,qN=0.42) Loss: 4.731, Acc: 0.993,Acc1: 0.994,Acc2: 0.961, Base Lr: 2.38e-04,biloss:0.001,icloss:0.324,loss1:0.648, loss2:2.613, loss3:1.030, ploss:0.000,palign:0.000,total_loss:4.615,fceloss:0.0000
2026-06-11 16:48:31,302 transreid.image_train INFO: Epoch[134] Iteration[100/111] CoEN(qR=0.43,qN=0.42) Loss: 4.704, Acc: 0.994,Acc1: 0.995,Acc2: 0.962, Base Lr: 2.38e-04,biloss:0.000,icloss:0.322,loss1:0.614, loss2:2.581, loss3:1.018, ploss:0.000,palign:0.000,total_loss:4.534,fceloss:0.0000
2026-06-11 16:48:33,056 transreid.image_train INFO: Epoch 134 done. Time per batch: 35.716[s] Speed: 0.9[samples/s]
2026-06-11 16:48:42,749 transreid.image_train INFO: Validation Results - Epoch: 134
2026-06-11 16:48:42,749 transreid.image_train INFO: mAP: 67.7%
2026-06-11 16:48:42,750 transreid.image_train INFO: CMC curve, Rank-1  :74.0%
2026-06-11 16:48:42,750 transreid.image_train INFO: CMC curve, Rank-5  :79.4%
2026-06-11 16:48:42,750 transreid.image_train INFO: CMC curve, Rank-10 :81.7%
2026-06-11 16:48:42,750 transreid.image_train INFO: Best mAP: 68.0%
2026-06-11 16:48:42,750 transreid.image_train INFO: Best Rank-1: 74.6%
2026-06-11 16:48:42,750 transreid.image_train INFO: Best Rank-5: 79.4%
2026-06-11 16:48:42,750 transreid.image_train INFO: Best Rank-10: 81.7%
2026-06-11 16:48:47,264 transreid.image_train INFO: Epoch[135] Iteration[20/111] CoEN(qR=0.49,qN=0.45) Loss: 4.714, Acc: 0.997,Acc1: 0.997,Acc2: 0.958, Base Lr: 2.11e-04,biloss:0.001,icloss:0.336,loss1:0.682, loss2:2.728, loss3:1.227, ploss:0.000,palign:0.000,total_loss:4.974,fceloss:0.0000
2026-06-11 16:48:50,605 transreid.image_train INFO: Epoch[135] Iteration[40/111] CoEN(qR=0.48,qN=0.43) Loss: 4.736, Acc: 0.992,Acc1: 0.992,Acc2: 0.963, Base Lr: 2.11e-04,biloss:0.001,icloss:0.331,loss1:0.671, loss2:2.667, loss3:1.044, ploss:0.000,palign:0.000,total_loss:4.714,fceloss:0.0000
2026-06-11 16:48:53,957 transreid.image_train INFO: Epoch[135] Iteration[60/111] CoEN(qR=0.47,qN=0.43) Loss: 4.736, Acc: 0.994,Acc1: 0.994,Acc2: 0.969, Base Lr: 2.11e-04,biloss:0.001,icloss:0.333,loss1:0.702, loss2:2.695, loss3:1.114, ploss:0.000,palign:0.000,total_loss:4.845,fceloss:0.0000
2026-06-11 16:48:57,309 transreid.image_train INFO: Epoch[135] Iteration[80/111] CoEN(qR=0.55,qN=0.50) Loss: 4.723, Acc: 0.995,Acc1: 0.995,Acc2: 0.963, Base Lr: 2.11e-04,biloss:0.001,icloss:0.390,loss1:0.723, loss2:2.821, loss3:1.045, ploss:0.000,palign:0.000,total_loss:4.980,fceloss:0.0000
2026-06-11 16:49:00,635 transreid.image_train INFO: Epoch[135] Iteration[100/111] CoEN(qR=0.44,qN=0.41) Loss: 4.702, Acc: 0.995,Acc1: 0.995,Acc2: 0.961, Base Lr: 2.11e-04,biloss:0.000,icloss:0.330,loss1:0.626, loss2:2.542, loss3:1.182, ploss:0.000,palign:0.000,total_loss:4.680,fceloss:0.0000
2026-06-11 16:49:02,222 transreid.image_train INFO: Epoch 135 done. Time per batch: 36.311[s] Speed: 0.9[samples/s]
2026-06-11 16:49:11,957 transreid.image_train INFO: Validation Results - Epoch: 135
2026-06-11 16:49:11,957 transreid.image_train INFO: mAP: 67.9%
2026-06-11 16:49:11,957 transreid.image_train INFO: CMC curve, Rank-1  :74.4%
2026-06-11 16:49:11,957 transreid.image_train INFO: CMC curve, Rank-5  :79.5%
2026-06-11 16:49:11,957 transreid.image_train INFO: CMC curve, Rank-10 :81.5%
2026-06-11 16:49:11,957 transreid.image_train INFO: Best mAP: 68.0%
2026-06-11 16:49:11,958 transreid.image_train INFO: Best Rank-1: 74.6%
2026-06-11 16:49:11,958 transreid.image_train INFO: Best Rank-5: 79.4%
2026-06-11 16:49:11,958 transreid.image_train INFO: Best Rank-10: 81.7%
2026-06-11 16:49:16,356 transreid.image_train INFO: Epoch[136] Iteration[20/111] CoEN(qR=0.38,qN=0.36) Loss: 4.774, Acc: 0.989,Acc1: 0.988,Acc2: 0.961, Base Lr: 1.86e-04,biloss:0.000,icloss:0.289,loss1:0.599, loss2:2.472, loss3:1.387, ploss:0.000,palign:0.000,total_loss:4.748,fceloss:0.0000
2026-06-11 16:49:19,688 transreid.image_train INFO: Epoch[136] Iteration[40/111] CoEN(qR=0.43,qN=0.39) Loss: 4.750, Acc: 0.993,Acc1: 0.994,Acc2: 0.972, Base Lr: 1.86e-04,biloss:0.001,icloss:0.290,loss1:0.655, loss2:2.580, loss3:1.048, ploss:0.000,palign:0.000,total_loss:4.574,fceloss:0.0000
2026-06-11 16:49:22,980 transreid.image_train INFO: Epoch[136] Iteration[60/111] CoEN(qR=0.48,qN=0.44) Loss: 4.720, Acc: 0.992,Acc1: 0.992,Acc2: 0.966, Base Lr: 1.86e-04,biloss:0.001,icloss:0.334,loss1:0.726, loss2:2.717, loss3:1.184, ploss:0.000,palign:0.000,total_loss:4.961,fceloss:0.0000
2026-06-11 16:49:26,272 transreid.image_train INFO: Epoch[136] Iteration[80/111] CoEN(qR=0.42,qN=0.42) Loss: 4.704, Acc: 0.994,Acc1: 0.994,Acc2: 0.963, Base Lr: 1.86e-04,biloss:0.000,icloss:0.322,loss1:0.610, loss2:2.595, loss3:1.036, ploss:0.000,palign:0.000,total_loss:4.564,fceloss:0.0000
2026-06-11 16:49:29,526 transreid.image_train INFO: Epoch[136] Iteration[100/111] CoEN(qR=0.39,qN=0.39) Loss: 4.695, Acc: 0.995,Acc1: 0.995,Acc2: 0.963, Base Lr: 1.86e-04,biloss:0.000,icloss:0.314,loss1:0.599, loss2:2.515, loss3:1.041, ploss:0.000,palign:0.000,total_loss:4.471,fceloss:0.0000
2026-06-11 16:49:31,122 transreid.image_train INFO: Epoch 136 done. Time per batch: 36.576[s] Speed: 0.9[samples/s]
2026-06-11 16:49:40,999 transreid.image_train INFO: Validation Results - Epoch: 136
2026-06-11 16:49:41,000 transreid.image_train INFO: mAP: 67.9%
2026-06-11 16:49:41,000 transreid.image_train INFO: CMC curve, Rank-1  :74.6%
2026-06-11 16:49:41,000 transreid.image_train INFO: CMC curve, Rank-5  :79.4%
2026-06-11 16:49:41,000 transreid.image_train INFO: CMC curve, Rank-10 :81.7%
2026-06-11 16:49:41,000 transreid.image_train INFO: Best mAP: 68.0%
2026-06-11 16:49:41,000 transreid.image_train INFO: Best Rank-1: 74.6%
2026-06-11 16:49:41,000 transreid.image_train INFO: Best Rank-5: 79.4%
2026-06-11 16:49:41,000 transreid.image_train INFO: Best Rank-10: 81.7%
2026-06-11 16:49:45,608 transreid.image_train INFO: Epoch[137] Iteration[20/111] CoEN(qR=0.50,qN=0.45) Loss: 4.750, Acc: 0.994,Acc1: 0.994,Acc2: 0.950, Base Lr: 1.63e-04,biloss:0.001,icloss:0.319,loss1:0.687, loss2:2.775, loss3:1.042, ploss:0.000,palign:0.000,total_loss:4.824,fceloss:0.0000
2026-06-11 16:49:48,879 transreid.image_train INFO: Epoch[137] Iteration[40/111] CoEN(qR=0.48,qN=0.43) Loss: 4.722, Acc: 0.994,Acc1: 0.995,Acc2: 0.964, Base Lr: 1.63e-04,biloss:0.001,icloss:0.318,loss1:0.680, loss2:2.686, loss3:1.176, ploss:0.000,palign:0.000,total_loss:4.861,fceloss:0.0000
2026-06-11 16:49:52,165 transreid.image_train INFO: Epoch[137] Iteration[60/111] CoEN(qR=0.47,qN=0.45) Loss: 4.711, Acc: 0.995,Acc1: 0.996,Acc2: 0.966, Base Lr: 1.63e-04,biloss:0.001,icloss:0.340,loss1:0.717, loss2:2.766, loss3:1.102, ploss:0.000,palign:0.000,total_loss:4.926,fceloss:0.0000
2026-06-11 16:49:55,438 transreid.image_train INFO: Epoch[137] Iteration[80/111] CoEN(qR=0.50,qN=0.45) Loss: 4.713, Acc: 0.995,Acc1: 0.995,Acc2: 0.963, Base Lr: 1.63e-04,biloss:0.001,icloss:0.333,loss1:0.694, loss2:2.742, loss3:1.059, ploss:0.000,palign:0.000,total_loss:4.827,fceloss:0.0000
2026-06-11 16:49:58,728 transreid.image_train INFO: Epoch[137] Iteration[100/111] CoEN(qR=0.41,qN=0.40) Loss: 4.703, Acc: 0.995,Acc1: 0.995,Acc2: 0.960, Base Lr: 1.63e-04,biloss:0.000,icloss:0.315,loss1:0.606, loss2:2.526, loss3:1.019, ploss:0.000,palign:0.000,total_loss:4.466,fceloss:0.0000
2026-06-11 16:50:00,274 transreid.image_train INFO: Epoch 137 done. Time per batch: 36.844[s] Speed: 0.9[samples/s]
2026-06-11 16:50:09,891 transreid.image_train INFO: Validation Results - Epoch: 137
2026-06-11 16:50:09,892 transreid.image_train INFO: mAP: 67.9%
2026-06-11 16:50:09,892 transreid.image_train INFO: CMC curve, Rank-1  :74.4%
2026-06-11 16:50:09,892 transreid.image_train INFO: CMC curve, Rank-5  :79.4%
2026-06-11 16:50:09,892 transreid.image_train INFO: CMC curve, Rank-10 :81.7%
2026-06-11 16:50:09,892 transreid.image_train INFO: Best mAP: 68.0%
2026-06-11 16:50:09,892 transreid.image_train INFO: Best Rank-1: 74.6%
2026-06-11 16:50:09,892 transreid.image_train INFO: Best Rank-5: 79.4%
2026-06-11 16:50:09,892 transreid.image_train INFO: Best Rank-10: 81.7%
2026-06-11 16:50:14,112 transreid.image_train INFO: Epoch[138] Iteration[20/111] CoEN(qR=0.41,qN=0.40) Loss: 4.682, Acc: 0.994,Acc1: 0.994,Acc2: 0.972, Base Lr: 1.41e-04,biloss:0.000,icloss:0.293,loss1:0.624, loss2:2.602, loss3:1.046, ploss:0.000,palign:0.000,total_loss:4.566,fceloss:0.0000
2026-06-11 16:50:17,427 transreid.image_train INFO: Epoch[138] Iteration[40/111] CoEN(qR=0.45,qN=0.40) Loss: 4.703, Acc: 0.995,Acc1: 0.993,Acc2: 0.964, Base Lr: 1.41e-04,biloss:0.001,icloss:0.326,loss1:0.663, loss2:2.605, loss3:1.228, ploss:0.000,palign:0.000,total_loss:4.823,fceloss:0.0000
2026-06-11 16:50:20,736 transreid.image_train INFO: Epoch[138] Iteration[60/111] CoEN(qR=0.43,qN=0.40) Loss: 4.701, Acc: 0.994,Acc1: 0.993,Acc2: 0.968, Base Lr: 1.41e-04,biloss:0.001,icloss:0.310,loss1:0.633, loss2:2.565, loss3:1.208, ploss:0.000,palign:0.000,total_loss:4.716,fceloss:0.0000
2026-06-11 16:50:24,111 transreid.image_train INFO: Epoch[138] Iteration[80/111] CoEN(qR=0.41,qN=0.41) Loss: 4.706, Acc: 0.995,Acc1: 0.994,Acc2: 0.966, Base Lr: 1.41e-04,biloss:0.000,icloss:0.327,loss1:0.603, loss2:2.565, loss3:1.190, ploss:0.000,palign:0.000,total_loss:4.685,fceloss:0.0000
2026-06-11 16:50:27,402 transreid.image_train INFO: Epoch[138] Iteration[100/111] CoEN(qR=0.43,qN=0.39) Loss: 4.696, Acc: 0.995,Acc1: 0.995,Acc2: 0.964, Base Lr: 1.41e-04,biloss:0.000,icloss:0.311,loss1:0.618, loss2:2.488, loss3:1.105, ploss:0.000,palign:0.000,total_loss:4.522,fceloss:0.0000
2026-06-11 16:50:28,959 transreid.image_train INFO: Epoch 138 done. Time per batch: 37.107[s] Speed: 0.9[samples/s]
2026-06-11 16:50:38,653 transreid.image_train INFO: Validation Results - Epoch: 138
2026-06-11 16:50:38,653 transreid.image_train INFO: mAP: 67.7%
2026-06-11 16:50:38,653 transreid.image_train INFO: CMC curve, Rank-1  :74.2%
2026-06-11 16:50:38,653 transreid.image_train INFO: CMC curve, Rank-5  :79.4%
2026-06-11 16:50:38,653 transreid.image_train INFO: CMC curve, Rank-10 :81.5%
2026-06-11 16:50:38,653 transreid.image_train INFO: Best mAP: 68.0%
2026-06-11 16:50:38,653 transreid.image_train INFO: Best Rank-1: 74.6%
2026-06-11 16:50:38,653 transreid.image_train INFO: Best Rank-5: 79.4%
2026-06-11 16:50:38,653 transreid.image_train INFO: Best Rank-10: 81.7%
2026-06-11 16:50:43,109 transreid.image_train INFO: Epoch[139] Iteration[20/111] CoEN(qR=0.41,qN=0.40) Loss: 4.731, Acc: 0.995,Acc1: 0.995,Acc2: 0.967, Base Lr: 1.21e-04,biloss:0.001,icloss:0.311,loss1:0.624, loss2:2.601, loss3:1.054, ploss:0.000,palign:0.000,total_loss:4.589,fceloss:0.0000
2026-06-11 16:50:46,384 transreid.image_train INFO: Epoch[139] Iteration[40/111] CoEN(qR=0.50,qN=0.46) Loss: 4.725, Acc: 0.991,Acc1: 0.991,Acc2: 0.963, Base Lr: 1.21e-04,biloss:0.001,icloss:0.335,loss1:0.758, loss2:2.817, loss3:1.098, ploss:0.000,palign:0.000,total_loss:5.008,fceloss:0.0000
2026-06-11 16:50:49,629 transreid.image_train INFO: Epoch[139] Iteration[60/111] CoEN(qR=0.42,qN=0.40) Loss: 4.710, Acc: 0.993,Acc1: 0.994,Acc2: 0.960, Base Lr: 1.21e-04,biloss:0.000,icloss:0.313,loss1:0.628, loss2:2.561, loss3:1.053, ploss:0.000,palign:0.000,total_loss:4.554,fceloss:0.0000
2026-06-11 16:50:52,885 transreid.image_train INFO: Epoch[139] Iteration[80/111] CoEN(qR=0.42,qN=0.41) Loss: 4.717, Acc: 0.994,Acc1: 0.994,Acc2: 0.960, Base Lr: 1.21e-04,biloss:0.001,icloss:0.303,loss1:0.623, loss2:2.602, loss3:1.045, ploss:0.000,palign:0.000,total_loss:4.574,fceloss:0.0000
2026-06-11 16:50:56,124 transreid.image_train INFO: Epoch[139] Iteration[100/111] CoEN(qR=0.41,qN=0.40) Loss: 4.698, Acc: 0.995,Acc1: 0.995,Acc2: 0.965, Base Lr: 1.21e-04,biloss:0.000,icloss:0.309,loss1:0.606, loss2:2.537, loss3:1.029, ploss:0.000,palign:0.000,total_loss:4.481,fceloss:0.0000
2026-06-11 16:50:57,675 transreid.image_train INFO: Epoch 139 done. Time per batch: 37.371[s] Speed: 0.9[samples/s]
2026-06-11 16:51:07,277 transreid.image_train INFO: Validation Results - Epoch: 139
2026-06-11 16:51:07,278 transreid.image_train INFO: mAP: 67.9%
2026-06-11 16:51:07,278 transreid.image_train INFO: CMC curve, Rank-1  :74.4%
2026-06-11 16:51:07,278 transreid.image_train INFO: CMC curve, Rank-5  :79.4%
2026-06-11 16:51:07,278 transreid.image_train INFO: CMC curve, Rank-10 :81.5%
2026-06-11 16:51:07,278 transreid.image_train INFO: Best mAP: 68.0%
2026-06-11 16:51:07,278 transreid.image_train INFO: Best Rank-1: 74.6%
2026-06-11 16:51:07,278 transreid.image_train INFO: Best Rank-5: 79.4%
2026-06-11 16:51:07,278 transreid.image_train INFO: Best Rank-10: 81.7%
2026-06-11 16:51:11,902 transreid.image_train INFO: Epoch[140] Iteration[20/111] CoEN(qR=0.47,qN=0.41) Loss: 4.756, Acc: 1.000,Acc1: 1.000,Acc2: 0.980, Base Lr: 1.03e-04,biloss:0.001,icloss:0.306,loss1:0.695, loss2:2.675, loss3:1.067, ploss:0.000,palign:0.000,total_loss:4.744,fceloss:0.0000
2026-06-11 16:51:15,154 transreid.image_train INFO: Epoch[140] Iteration[40/111] CoEN(qR=0.38,qN=0.37) Loss: 4.743, Acc: 0.997,Acc1: 0.997,Acc2: 0.966, Base Lr: 1.03e-04,biloss:0.000,icloss:0.336,loss1:0.590, loss2:2.413, loss3:1.038, ploss:0.000,palign:0.000,total_loss:4.378,fceloss:0.0000
2026-06-11 16:51:18,409 transreid.image_train INFO: Epoch[140] Iteration[60/111] CoEN(qR=0.40,qN=0.39) Loss: 4.720, Acc: 0.997,Acc1: 0.998,Acc2: 0.966, Base Lr: 1.03e-04,biloss:0.001,icloss:0.323,loss1:0.609, loss2:2.539, loss3:1.046, ploss:0.000,palign:0.000,total_loss:4.517,fceloss:0.0000
2026-06-11 16:51:21,651 transreid.image_train INFO: Epoch[140] Iteration[80/111] CoEN(qR=0.40,qN=0.39) Loss: 4.703, Acc: 0.998,Acc1: 0.998,Acc2: 0.967, Base Lr: 1.03e-04,biloss:0.000,icloss:0.325,loss1:0.597, loss2:2.500, loss3:1.029, ploss:0.000,palign:0.000,total_loss:4.452,fceloss:0.0000
2026-06-11 16:51:24,875 transreid.image_train INFO: Epoch[140] Iteration[100/111] CoEN(qR=0.51,qN=0.47) Loss: 4.707, Acc: 0.995,Acc1: 0.995,Acc2: 0.963, Base Lr: 1.03e-04,biloss:0.000,icloss:0.362,loss1:0.682, loss2:2.765, loss3:1.042, ploss:0.000,palign:0.000,total_loss:4.852,fceloss:0.0000
2026-06-11 16:51:26,408 transreid.image_train INFO: Epoch 140 done. Time per batch: 37.634[s] Speed: 0.9[samples/s]
2026-06-11 16:51:36,194 transreid.image_train INFO: Validation Results - Epoch: 140
2026-06-11 16:51:36,195 transreid.image_train INFO: mAP: 67.9%
2026-06-11 16:51:36,195 transreid.image_train INFO: CMC curve, Rank-1  :74.4%
2026-06-11 16:51:36,195 transreid.image_train INFO: CMC curve, Rank-5  :79.4%
2026-06-11 16:51:36,195 transreid.image_train INFO: CMC curve, Rank-10 :81.7%
2026-06-11 16:51:36,195 transreid.image_train INFO: Best mAP: 68.0%
2026-06-11 16:51:36,195 transreid.image_train INFO: Best Rank-1: 74.6%
2026-06-11 16:51:36,195 transreid.image_train INFO: Best Rank-5: 79.4%
2026-06-11 16:51:36,195 transreid.image_train INFO: Best Rank-10: 81.7%
2026-06-11 16:51:40,687 transreid.image_train INFO: Epoch[141] Iteration[20/111] CoEN(qR=0.43,qN=0.42) Loss: 4.790, Acc: 0.994,Acc1: 0.994,Acc2: 0.942, Base Lr: 8.67e-05,biloss:0.001,icloss:0.309,loss1:0.627, loss2:2.632, loss3:1.165, ploss:0.000,palign:0.000,total_loss:4.734,fceloss:0.0000
2026-06-11 16:51:43,983 transreid.image_train INFO: Epoch[141] Iteration[40/111] CoEN(qR=0.46,qN=0.43) Loss: 4.754, Acc: 0.996,Acc1: 0.995,Acc2: 0.948, Base Lr: 8.67e-05,biloss:0.000,icloss:0.330,loss1:0.654, loss2:2.646, loss3:1.055, ploss:0.000,palign:0.000,total_loss:4.686,fceloss:0.0000
2026-06-11 16:51:47,309 transreid.image_train INFO: Epoch[141] Iteration[60/111] CoEN(qR=0.41,qN=0.41) Loss: 4.725, Acc: 0.994,Acc1: 0.993,Acc2: 0.956, Base Lr: 8.67e-05,biloss:0.000,icloss:0.315,loss1:0.617, loss2:2.584, loss3:1.043, ploss:0.000,palign:0.000,total_loss:4.559,fceloss:0.0000
2026-06-11 16:51:50,613 transreid.image_train INFO: Epoch[141] Iteration[80/111] CoEN(qR=0.40,qN=0.37) Loss: 4.709, Acc: 0.995,Acc1: 0.994,Acc2: 0.957, Base Lr: 8.67e-05,biloss:0.000,icloss:0.291,loss1:0.602, loss2:2.495, loss3:1.072, ploss:0.000,palign:0.000,total_loss:4.460,fceloss:0.0000
2026-06-11 16:51:53,900 transreid.image_train INFO: Epoch[141] Iteration[100/111] CoEN(qR=0.42,qN=0.41) Loss: 4.695, Acc: 0.996,Acc1: 0.995,Acc2: 0.963, Base Lr: 8.67e-05,biloss:0.000,icloss:0.319,loss1:0.613, loss2:2.560, loss3:1.037, ploss:0.000,palign:0.000,total_loss:4.529,fceloss:0.0000
2026-06-11 16:51:55,512 transreid.image_train INFO: Epoch 141 done. Time per batch: 37.901[s] Speed: 0.8[samples/s]
2026-06-11 16:52:05,294 transreid.image_train INFO: Validation Results - Epoch: 141
2026-06-11 16:52:05,295 transreid.image_train INFO: mAP: 67.9%
2026-06-11 16:52:05,295 transreid.image_train INFO: CMC curve, Rank-1  :74.4%
2026-06-11 16:52:05,295 transreid.image_train INFO: CMC curve, Rank-5  :79.4%
2026-06-11 16:52:05,295 transreid.image_train INFO: CMC curve, Rank-10 :81.7%
2026-06-11 16:52:05,295 transreid.image_train INFO: Best mAP: 68.0%
2026-06-11 16:52:05,295 transreid.image_train INFO: Best Rank-1: 74.6%
2026-06-11 16:52:05,295 transreid.image_train INFO: Best Rank-5: 79.4%
2026-06-11 16:52:05,295 transreid.image_train INFO: Best Rank-10: 81.7%
2026-06-11 16:52:09,747 transreid.image_train INFO: Epoch[142] Iteration[20/111] CoEN(qR=0.45,qN=0.40) Loss: 4.739, Acc: 0.992,Acc1: 0.992,Acc2: 0.958, Base Lr: 7.19e-05,biloss:0.001,icloss:0.324,loss1:0.666, loss2:2.585, loss3:1.318, ploss:0.000,palign:0.000,total_loss:4.894,fceloss:0.0000
2026-06-11 16:52:13,025 transreid.image_train INFO: Epoch[142] Iteration[40/111] CoEN(qR=0.50,qN=0.47) Loss: 4.727, Acc: 0.996,Acc1: 0.996,Acc2: 0.969, Base Lr: 7.19e-05,biloss:0.001,icloss:0.336,loss1:0.806, loss2:2.876, loss3:1.164, ploss:0.000,palign:0.000,total_loss:5.183,fceloss:0.0000
2026-06-11 16:52:16,308 transreid.image_train INFO: Epoch[142] Iteration[60/111] CoEN(qR=0.44,qN=0.40) Loss: 4.747, Acc: 0.995,Acc1: 0.995,Acc2: 0.965, Base Lr: 7.19e-05,biloss:0.001,icloss:0.315,loss1:0.666, loss2:2.628, loss3:1.129, ploss:0.000,palign:0.000,total_loss:4.738,fceloss:0.0000
2026-06-11 16:52:19,582 transreid.image_train INFO: Epoch[142] Iteration[80/111] CoEN(qR=0.41,qN=0.38) Loss: 4.728, Acc: 0.995,Acc1: 0.995,Acc2: 0.966, Base Lr: 7.19e-05,biloss:0.000,icloss:0.340,loss1:0.611, loss2:2.463, loss3:1.033, ploss:0.000,palign:0.000,total_loss:4.448,fceloss:0.0000
2026-06-11 16:52:22,842 transreid.image_train INFO: Epoch[142] Iteration[100/111] CoEN(qR=0.45,qN=0.42) Loss: 4.705, Acc: 0.995,Acc1: 0.995,Acc2: 0.964, Base Lr: 7.19e-05,biloss:0.000,icloss:0.323,loss1:0.632, loss2:2.568, loss3:1.017, ploss:0.000,palign:0.000,total_loss:4.541,fceloss:0.0000
2026-06-11 16:52:24,401 transreid.image_train INFO: Epoch 142 done. Time per batch: 38.166[s] Speed: 0.8[samples/s]
2026-06-11 16:52:34,100 transreid.image_train INFO: Validation Results - Epoch: 142
2026-06-11 16:52:34,101 transreid.image_train INFO: mAP: 67.8%
2026-06-11 16:52:34,101 transreid.image_train INFO: CMC curve, Rank-1  :74.2%
2026-06-11 16:52:34,101 transreid.image_train INFO: CMC curve, Rank-5  :79.4%
2026-06-11 16:52:34,101 transreid.image_train INFO: CMC curve, Rank-10 :81.7%
2026-06-11 16:52:34,101 transreid.image_train INFO: Best mAP: 68.0%
2026-06-11 16:52:34,101 transreid.image_train INFO: Best Rank-1: 74.6%
2026-06-11 16:52:34,101 transreid.image_train INFO: Best Rank-5: 79.4%
2026-06-11 16:52:34,101 transreid.image_train INFO: Best Rank-10: 81.7%
2026-06-11 16:52:38,708 transreid.image_train INFO: Epoch[143] Iteration[20/111] CoEN(qR=0.45,qN=0.41) Loss: 4.811, Acc: 0.984,Acc1: 0.984,Acc2: 0.934, Base Lr: 5.88e-05,biloss:0.000,icloss:0.325,loss1:0.768, loss2:2.701, loss3:1.387, ploss:0.000,palign:0.000,total_loss:5.182,fceloss:0.0000
2026-06-11 16:52:42,082 transreid.image_train INFO: Epoch[143] Iteration[40/111] CoEN(qR=0.45,qN=0.41) Loss: 4.753, Acc: 0.989,Acc1: 0.989,Acc2: 0.959, Base Lr: 5.88e-05,biloss:0.001,icloss:0.309,loss1:0.641, loss2:2.613, loss3:1.042, ploss:0.000,palign:0.000,total_loss:4.606,fceloss:0.0000
2026-06-11 16:52:45,403 transreid.image_train INFO: Epoch[143] Iteration[60/111] CoEN(qR=0.47,qN=0.44) Loss: 4.734, Acc: 0.992,Acc1: 0.992,Acc2: 0.961, Base Lr: 5.88e-05,biloss:0.000,icloss:0.331,loss1:0.648, loss2:2.658, loss3:1.024, ploss:0.000,palign:0.000,total_loss:4.662,fceloss:0.0000
2026-06-11 16:52:48,706 transreid.image_train INFO: Epoch[143] Iteration[80/111] CoEN(qR=0.47,qN=0.44) Loss: 4.709, Acc: 0.994,Acc1: 0.994,Acc2: 0.966, Base Lr: 5.88e-05,biloss:0.001,icloss:0.338,loss1:0.679, loss2:2.698, loss3:1.047, ploss:0.000,palign:0.000,total_loss:4.761,fceloss:0.0000
2026-06-11 16:52:51,979 transreid.image_train INFO: Epoch[143] Iteration[100/111] CoEN(qR=0.47,qN=0.43) Loss: 4.689, Acc: 0.995,Acc1: 0.995,Acc2: 0.966, Base Lr: 5.88e-05,biloss:0.000,icloss:0.334,loss1:0.650, loss2:2.650, loss3:1.041, ploss:0.000,palign:0.000,total_loss:4.675,fceloss:0.0000
2026-06-11 16:52:53,549 transreid.image_train INFO: Epoch 143 done. Time per batch: 38.434[s] Speed: 0.8[samples/s]
2026-06-11 16:53:03,249 transreid.image_train INFO: Validation Results - Epoch: 143
2026-06-11 16:53:03,249 transreid.image_train INFO: mAP: 67.8%
2026-06-11 16:53:03,249 transreid.image_train INFO: CMC curve, Rank-1  :74.2%
2026-06-11 16:53:03,249 transreid.image_train INFO: CMC curve, Rank-5  :79.4%
2026-06-11 16:53:03,249 transreid.image_train INFO: CMC curve, Rank-10 :81.7%
2026-06-11 16:53:03,249 transreid.image_train INFO: Best mAP: 68.0%
2026-06-11 16:53:03,249 transreid.image_train INFO: Best Rank-1: 74.6%
2026-06-11 16:53:03,249 transreid.image_train INFO: Best Rank-5: 79.4%
2026-06-11 16:53:03,249 transreid.image_train INFO: Best Rank-10: 81.7%
2026-06-11 16:53:07,568 transreid.image_train INFO: Epoch[144] Iteration[20/111] CoEN(qR=0.48,qN=0.43) Loss: 4.707, Acc: 0.992,Acc1: 1.000,Acc2: 0.975, Base Lr: 4.75e-05,biloss:0.001,icloss:0.314,loss1:0.684, loss2:2.686, loss3:1.105, ploss:0.000,palign:0.000,total_loss:4.791,fceloss:0.0000
2026-06-11 16:53:10,812 transreid.image_train INFO: Epoch[144] Iteration[40/111] CoEN(qR=0.41,qN=0.39) Loss: 4.761, Acc: 0.988,Acc1: 0.992,Acc2: 0.961, Base Lr: 4.75e-05,biloss:0.001,icloss:0.308,loss1:0.660, loss2:2.580, loss3:1.088, ploss:0.000,palign:0.000,total_loss:4.637,fceloss:0.0000
2026-06-11 16:53:14,101 transreid.image_train INFO: Epoch[144] Iteration[60/111] CoEN(qR=0.43,qN=0.38) Loss: 4.752, Acc: 0.992,Acc1: 0.995,Acc2: 0.960, Base Lr: 4.75e-05,biloss:0.001,icloss:0.296,loss1:0.633, loss2:2.515, loss3:1.027, ploss:0.000,palign:0.000,total_loss:4.471,fceloss:0.0000
2026-06-11 16:53:17,489 transreid.image_train INFO: Epoch[144] Iteration[80/111] CoEN(qR=0.41,qN=0.41) Loss: 4.729, Acc: 0.993,Acc1: 0.995,Acc2: 0.963, Base Lr: 4.75e-05,biloss:0.000,icloss:0.319,loss1:0.633, loss2:2.627, loss3:1.142, ploss:0.000,palign:0.000,total_loss:4.721,fceloss:0.0000
2026-06-11 16:53:20,735 transreid.image_train INFO: Epoch[144] Iteration[100/111] CoEN(qR=0.42,qN=0.41) Loss: 4.705, Acc: 0.993,Acc1: 0.995,Acc2: 0.962, Base Lr: 4.75e-05,biloss:0.000,icloss:0.330,loss1:0.612, loss2:2.557, loss3:1.030, ploss:0.000,palign:0.000,total_loss:4.530,fceloss:0.0000
2026-06-11 16:53:22,114 transreid.image_train INFO: Epoch 144 done. Time per batch: 39.054[s] Speed: 0.8[samples/s]
2026-06-11 16:53:31,852 transreid.image_train INFO: Validation Results - Epoch: 144
2026-06-11 16:53:31,852 transreid.image_train INFO: mAP: 67.9%
2026-06-11 16:53:31,852 transreid.image_train INFO: CMC curve, Rank-1  :74.4%
2026-06-11 16:53:31,852 transreid.image_train INFO: CMC curve, Rank-5  :79.2%
2026-06-11 16:53:31,852 transreid.image_train INFO: CMC curve, Rank-10 :81.7%
2026-06-11 16:53:31,852 transreid.image_train INFO: Best mAP: 68.0%
2026-06-11 16:53:31,852 transreid.image_train INFO: Best Rank-1: 74.6%
2026-06-11 16:53:31,852 transreid.image_train INFO: Best Rank-5: 79.4%
2026-06-11 16:53:31,852 transreid.image_train INFO: Best Rank-10: 81.7%
2026-06-11 16:53:36,778 transreid.image_train INFO: Epoch[145] Iteration[20/111] CoEN(qR=0.46,qN=0.41) Loss: 4.786, Acc: 0.994,Acc1: 0.994,Acc2: 0.958, Base Lr: 3.79e-05,biloss:0.001,icloss:0.325,loss1:0.674, loss2:2.613, loss3:1.221, ploss:0.000,palign:0.000,total_loss:4.833,fceloss:0.0000
2026-06-11 16:53:40,115 transreid.image_train INFO: Epoch[145] Iteration[40/111] CoEN(qR=0.44,qN=0.41) Loss: 4.751, Acc: 0.995,Acc1: 0.994,Acc2: 0.972, Base Lr: 3.79e-05,biloss:0.001,icloss:0.318,loss1:0.642, loss2:2.593, loss3:1.050, ploss:0.000,palign:0.000,total_loss:4.604,fceloss:0.0000
2026-06-11 16:53:43,475 transreid.image_train INFO: Epoch[145] Iteration[60/111] CoEN(qR=0.49,qN=0.45) Loss: 4.736, Acc: 0.996,Acc1: 0.994,Acc2: 0.969, Base Lr: 3.79e-05,biloss:0.000,icloss:0.323,loss1:0.676, loss2:2.734, loss3:1.050, ploss:0.000,palign:0.000,total_loss:4.784,fceloss:0.0000
2026-06-11 16:53:46,829 transreid.image_train INFO: Epoch[145] Iteration[80/111] CoEN(qR=0.45,qN=0.41) Loss: 4.713, Acc: 0.995,Acc1: 0.994,Acc2: 0.963, Base Lr: 3.79e-05,biloss:0.000,icloss:0.332,loss1:0.632, loss2:2.572, loss3:1.208, ploss:0.000,palign:0.000,total_loss:4.744,fceloss:0.0000
2026-06-11 16:53:50,183 transreid.image_train INFO: Epoch[145] Iteration[100/111] CoEN(qR=0.44,qN=0.41) Loss: 4.694, Acc: 0.996,Acc1: 0.995,Acc2: 0.962, Base Lr: 3.79e-05,biloss:0.000,icloss:0.319,loss1:0.624, loss2:2.579, loss3:1.214, ploss:0.000,palign:0.000,total_loss:4.736,fceloss:0.0000
2026-06-11 16:53:51,634 transreid.image_train INFO: Epoch 145 done. Time per batch: 39.327[s] Speed: 0.8[samples/s]
2026-06-11 16:54:01,250 transreid.image_train INFO: Validation Results - Epoch: 145
2026-06-11 16:54:01,251 transreid.image_train INFO: mAP: 67.9%
2026-06-11 16:54:01,251 transreid.image_train INFO: CMC curve, Rank-1  :74.4%
2026-06-11 16:54:01,251 transreid.image_train INFO: CMC curve, Rank-5  :79.4%
2026-06-11 16:54:01,251 transreid.image_train INFO: CMC curve, Rank-10 :81.7%
2026-06-11 16:54:01,251 transreid.image_train INFO: Best mAP: 68.0%
2026-06-11 16:54:01,251 transreid.image_train INFO: Best Rank-1: 74.6%
2026-06-11 16:54:01,251 transreid.image_train INFO: Best Rank-5: 79.4%
2026-06-11 16:54:01,251 transreid.image_train INFO: Best Rank-10: 81.7%
2026-06-11 16:54:05,784 transreid.image_train INFO: Epoch[146] Iteration[20/111] CoEN(qR=0.45,qN=0.41) Loss: 4.755, Acc: 0.991,Acc1: 0.989,Acc2: 0.956, Base Lr: 3.00e-05,biloss:0.001,icloss:0.311,loss1:0.667, loss2:2.619, loss3:1.056, ploss:0.000,palign:0.000,total_loss:4.654,fceloss:0.0000
2026-06-11 16:54:09,068 transreid.image_train INFO: Epoch[146] Iteration[40/111] CoEN(qR=0.45,qN=0.41) Loss: 4.728, Acc: 0.995,Acc1: 0.995,Acc2: 0.967, Base Lr: 3.00e-05,biloss:0.001,icloss:0.320,loss1:0.660, loss2:2.621, loss3:1.157, ploss:0.000,palign:0.000,total_loss:4.758,fceloss:0.0000
2026-06-11 16:54:12,325 transreid.image_train INFO: Epoch[146] Iteration[60/111] CoEN(qR=0.41,qN=0.38) Loss: 4.718, Acc: 0.995,Acc1: 0.994,Acc2: 0.970, Base Lr: 3.00e-05,biloss:0.001,icloss:0.301,loss1:0.645, loss2:2.558, loss3:1.185, ploss:0.000,palign:0.000,total_loss:4.690,fceloss:0.0000
2026-06-11 16:54:15,585 transreid.image_train INFO: Epoch[146] Iteration[80/111] CoEN(qR=0.39,qN=0.35) Loss: 4.709, Acc: 0.996,Acc1: 0.996,Acc2: 0.965, Base Lr: 3.00e-05,biloss:0.001,icloss:0.313,loss1:0.611, loss2:2.441, loss3:1.376, ploss:0.000,palign:0.000,total_loss:4.741,fceloss:0.0000
2026-06-11 16:54:18,831 transreid.image_train INFO: Epoch[146] Iteration[100/111] CoEN(qR=0.42,qN=0.40) Loss: 4.690, Acc: 0.997,Acc1: 0.997,Acc2: 0.965, Base Lr: 3.00e-05,biloss:0.000,icloss:0.310,loss1:0.616, loss2:2.505, loss3:1.008, ploss:0.000,palign:0.000,total_loss:4.440,fceloss:0.0000
2026-06-11 16:54:20,395 transreid.image_train INFO: Epoch 146 done. Time per batch: 39.230[s] Speed: 0.8[samples/s]
2026-06-11 16:54:30,079 transreid.image_train INFO: Validation Results - Epoch: 146
2026-06-11 16:54:30,079 transreid.image_train INFO: mAP: 67.9%
2026-06-11 16:54:30,079 transreid.image_train INFO: CMC curve, Rank-1  :74.4%
2026-06-11 16:54:30,079 transreid.image_train INFO: CMC curve, Rank-5  :79.4%
2026-06-11 16:54:30,079 transreid.image_train INFO: CMC curve, Rank-10 :81.7%
2026-06-11 16:54:30,079 transreid.image_train INFO: Best mAP: 68.0%
2026-06-11 16:54:30,079 transreid.image_train INFO: Best Rank-1: 74.6%
2026-06-11 16:54:30,079 transreid.image_train INFO: Best Rank-5: 79.4%
2026-06-11 16:54:30,079 transreid.image_train INFO: Best Rank-10: 81.7%
2026-06-11 16:54:34,466 transreid.image_train INFO: Epoch[147] Iteration[20/111] CoEN(qR=0.48,qN=0.44) Loss: 4.716, Acc: 1.000,Acc1: 1.000,Acc2: 0.973, Base Lr: 2.39e-05,biloss:0.001,icloss:0.328,loss1:0.686, loss2:2.730, loss3:1.168, ploss:0.000,palign:0.000,total_loss:4.912,fceloss:0.0000
2026-06-11 16:54:37,814 transreid.image_train INFO: Epoch[147] Iteration[40/111] CoEN(qR=0.41,qN=0.41) Loss: 4.709, Acc: 0.996,Acc1: 0.997,Acc2: 0.974, Base Lr: 2.39e-05,biloss:0.000,icloss:0.321,loss1:0.612, loss2:2.585, loss3:1.108, ploss:0.000,palign:0.000,total_loss:4.626,fceloss:0.0000
2026-06-11 16:54:41,139 transreid.image_train INFO: Epoch[147] Iteration[60/111] CoEN(qR=0.50,qN=0.45) Loss: 4.717, Acc: 0.995,Acc1: 0.996,Acc2: 0.964, Base Lr: 2.39e-05,biloss:0.001,icloss:0.312,loss1:0.690, loss2:2.761, loss3:1.077, ploss:0.000,palign:0.000,total_loss:4.841,fceloss:0.0000
2026-06-11 16:54:44,485 transreid.image_train INFO: Epoch[147] Iteration[80/111] CoEN(qR=0.41,qN=0.39) Loss: 4.704, Acc: 0.995,Acc1: 0.995,Acc2: 0.968, Base Lr: 2.39e-05,biloss:0.001,icloss:0.324,loss1:0.649, loss2:2.548, loss3:1.185, ploss:0.000,palign:0.000,total_loss:4.706,fceloss:0.0000
2026-06-11 16:54:47,799 transreid.image_train INFO: Epoch[147] Iteration[100/111] CoEN(qR=0.40,qN=0.41) Loss: 4.689, Acc: 0.996,Acc1: 0.996,Acc2: 0.965, Base Lr: 2.39e-05,biloss:0.000,icloss:0.319,loss1:0.598, loss2:2.552, loss3:1.112, ploss:0.000,palign:0.000,total_loss:4.581,fceloss:0.0000
2026-06-11 16:54:49,231 transreid.image_train INFO: Epoch 147 done. Time per batch: 39.861[s] Speed: 0.8[samples/s]
2026-06-11 16:54:58,969 transreid.image_train INFO: Validation Results - Epoch: 147
2026-06-11 16:54:58,970 transreid.image_train INFO: mAP: 67.9%
2026-06-11 16:54:58,970 transreid.image_train INFO: CMC curve, Rank-1  :74.4%
2026-06-11 16:54:58,970 transreid.image_train INFO: CMC curve, Rank-5  :79.4%
2026-06-11 16:54:58,970 transreid.image_train INFO: CMC curve, Rank-10 :81.7%
2026-06-11 16:54:58,970 transreid.image_train INFO: Best mAP: 68.0%
2026-06-11 16:54:58,970 transreid.image_train INFO: Best Rank-1: 74.6%
2026-06-11 16:54:58,970 transreid.image_train INFO: Best Rank-5: 79.4%
2026-06-11 16:54:58,970 transreid.image_train INFO: Best Rank-10: 81.7%
2026-06-11 16:55:03,588 transreid.image_train INFO: Epoch[148] Iteration[20/111] CoEN(qR=0.48,qN=0.44) Loss: 4.759, Acc: 1.000,Acc1: 1.000,Acc2: 0.964, Base Lr: 1.95e-05,biloss:0.001,icloss:0.320,loss1:0.701, loss2:2.731, loss3:1.060, ploss:0.000,palign:0.000,total_loss:4.813,fceloss:0.0000
2026-06-11 16:55:06,862 transreid.image_train INFO: Epoch[148] Iteration[40/111] CoEN(qR=0.51,qN=0.43) Loss: 4.718, Acc: 0.993,Acc1: 0.995,Acc2: 0.966, Base Lr: 1.95e-05,biloss:0.001,icloss:0.323,loss1:0.708, loss2:2.696, loss3:1.066, ploss:0.000,palign:0.000,total_loss:4.794,fceloss:0.0000
2026-06-11 16:55:10,110 transreid.image_train INFO: Epoch[148] Iteration[60/111] CoEN(qR=0.43,qN=0.38) Loss: 4.702, Acc: 0.995,Acc1: 0.996,Acc2: 0.969, Base Lr: 1.95e-05,biloss:0.001,icloss:0.302,loss1:0.677, loss2:2.574, loss3:1.230, ploss:0.000,palign:0.000,total_loss:4.783,fceloss:0.0000
2026-06-11 16:55:13,361 transreid.image_train INFO: Epoch[148] Iteration[80/111] CoEN(qR=0.41,qN=0.38) Loss: 4.694, Acc: 0.996,Acc1: 0.997,Acc2: 0.971, Base Lr: 1.95e-05,biloss:0.000,icloss:0.309,loss1:0.608, loss2:2.504, loss3:1.293, ploss:0.000,palign:0.000,total_loss:4.715,fceloss:0.0000
2026-06-11 16:55:16,595 transreid.image_train INFO: Epoch[148] Iteration[100/111] CoEN(qR=0.42,qN=0.39) Loss: 4.681, Acc: 0.996,Acc1: 0.997,Acc2: 0.968, Base Lr: 1.95e-05,biloss:0.000,icloss:0.340,loss1:0.611, loss2:2.481, loss3:1.026, ploss:0.000,palign:0.000,total_loss:4.459,fceloss:0.0000
2026-06-11 16:55:18,189 transreid.image_train INFO: Epoch 148 done. Time per batch: 39.761[s] Speed: 0.8[samples/s]
2026-06-11 16:55:27,951 transreid.image_train INFO: Validation Results - Epoch: 148
2026-06-11 16:55:27,951 transreid.image_train INFO: mAP: 67.8%
2026-06-11 16:55:27,951 transreid.image_train INFO: CMC curve, Rank-1  :74.2%
2026-06-11 16:55:27,951 transreid.image_train INFO: CMC curve, Rank-5  :79.4%
2026-06-11 16:55:27,951 transreid.image_train INFO: CMC curve, Rank-10 :81.7%
2026-06-11 16:55:27,951 transreid.image_train INFO: Best mAP: 68.0%
2026-06-11 16:55:27,951 transreid.image_train INFO: Best Rank-1: 74.6%
2026-06-11 16:55:27,951 transreid.image_train INFO: Best Rank-5: 79.4%
2026-06-11 16:55:27,951 transreid.image_train INFO: Best Rank-10: 81.7%
2026-06-11 16:55:32,370 transreid.image_train INFO: Epoch[149] Iteration[20/111] CoEN(qR=0.45,qN=0.41) Loss: 4.751, Acc: 0.983,Acc1: 0.984,Acc2: 0.970, Base Lr: 1.69e-05,biloss:0.001,icloss:0.322,loss1:0.671, loss2:2.651, loss3:1.071, ploss:0.000,palign:0.000,total_loss:4.715,fceloss:0.0000
2026-06-11 16:55:35,642 transreid.image_train INFO: Epoch[149] Iteration[40/111] CoEN(qR=0.49,qN=0.41) Loss: 4.733, Acc: 0.991,Acc1: 0.992,Acc2: 0.973, Base Lr: 1.69e-05,biloss:0.001,icloss:0.308,loss1:0.692, loss2:2.641, loss3:1.050, ploss:0.000,palign:0.000,total_loss:4.691,fceloss:0.0000
2026-06-11 16:55:38,978 transreid.image_train INFO: Epoch[149] Iteration[60/111] CoEN(qR=0.39,qN=0.38) Loss: 4.729, Acc: 0.991,Acc1: 0.995,Acc2: 0.965, Base Lr: 1.69e-05,biloss:0.001,icloss:0.307,loss1:0.596, loss2:2.486, loss3:1.035, ploss:0.000,palign:0.000,total_loss:4.425,fceloss:0.0000
2026-06-11 16:55:42,323 transreid.image_train INFO: Epoch[149] Iteration[80/111] CoEN(qR=0.42,qN=0.39) Loss: 4.713, Acc: 0.993,Acc1: 0.996,Acc2: 0.959, Base Lr: 1.69e-05,biloss:0.001,icloss:0.309,loss1:0.621, loss2:2.550, loss3:1.042, ploss:0.000,palign:0.000,total_loss:4.521,fceloss:0.0000
2026-06-11 16:55:45,671 transreid.image_train INFO: Epoch[149] Iteration[100/111] CoEN(qR=0.47,qN=0.44) Loss: 4.695, Acc: 0.993,Acc1: 0.995,Acc2: 0.960, Base Lr: 1.69e-05,biloss:0.001,icloss:0.332,loss1:0.655, loss2:2.669, loss3:1.031, ploss:0.000,palign:0.000,total_loss:4.688,fceloss:0.0000
2026-06-11 16:55:47,284 transreid.image_train INFO: Epoch 149 done. Time per batch: 40.028[s] Speed: 0.8[samples/s]
2026-06-11 16:55:57,179 transreid.image_train INFO: Validation Results - Epoch: 149
2026-06-11 16:55:57,179 transreid.image_train INFO: mAP: 67.9%
2026-06-11 16:55:57,179 transreid.image_train INFO: CMC curve, Rank-1  :74.4%
2026-06-11 16:55:57,179 transreid.image_train INFO: CMC curve, Rank-5  :79.4%
2026-06-11 16:55:57,179 transreid.image_train INFO: CMC curve, Rank-10 :81.7%
2026-06-11 16:55:57,179 transreid.image_train INFO: Best mAP: 68.0%
2026-06-11 16:55:57,179 transreid.image_train INFO: Best Rank-1: 74.6%
2026-06-11 16:55:57,179 transreid.image_train INFO: Best Rank-5: 79.4%
2026-06-11 16:55:57,179 transreid.image_train INFO: Best Rank-10: 81.7%
2026-06-11 16:56:01,491 transreid.image_train INFO: Epoch[150] Iteration[20/111] CoEN(qR=0.46,qN=0.42) Loss: 4.751, Acc: 0.991,Acc1: 0.988,Acc2: 0.961, Base Lr: 1.60e-05,biloss:0.001,icloss:0.331,loss1:0.675, loss2:2.666, loss3:1.135, ploss:0.000,palign:0.000,total_loss:4.807,fceloss:0.0000
2026-06-11 16:56:04,755 transreid.image_train INFO: Epoch[150] Iteration[40/111] CoEN(qR=0.49,qN=0.45) Loss: 4.720, Acc: 0.995,Acc1: 0.994,Acc2: 0.972, Base Lr: 1.60e-05,biloss:0.001,icloss:0.335,loss1:0.695, loss2:2.740, loss3:1.059, ploss:0.000,palign:0.000,total_loss:4.829,fceloss:0.0000
2026-06-11 16:56:08,013 transreid.image_train INFO: Epoch[150] Iteration[60/111] CoEN(qR=0.48,qN=0.43) Loss: 4.700, Acc: 0.997,Acc1: 0.995,Acc2: 0.973, Base Lr: 1.60e-05,biloss:0.001,icloss:0.328,loss1:0.680, loss2:2.667, loss3:1.131, ploss:0.000,palign:0.000,total_loss:4.806,fceloss:0.0000
2026-06-11 16:56:11,289 transreid.image_train INFO: Epoch[150] Iteration[80/111] CoEN(qR=0.48,qN=0.42) Loss: 4.693, Acc: 0.996,Acc1: 0.995,Acc2: 0.973, Base Lr: 1.60e-05,biloss:0.001,icloss:0.331,loss1:0.669, loss2:2.620, loss3:1.045, ploss:0.000,palign:0.000,total_loss:4.666,fceloss:0.0000
2026-06-11 16:56:14,607 transreid.image_train INFO: Epoch[150] Iteration[100/111] CoEN(qR=0.42,qN=0.39) Loss: 4.689, Acc: 0.996,Acc1: 0.995,Acc2: 0.968, Base Lr: 1.60e-05,biloss:0.000,icloss:0.309,loss1:0.606, loss2:2.516, loss3:1.189, ploss:0.000,palign:0.000,total_loss:4.620,fceloss:0.0000
2026-06-11 16:56:16,182 transreid.image_train INFO: Epoch 150 done. Time per batch: 40.293[s] Speed: 0.8[samples/s]
2026-06-11 16:56:25,940 transreid.image_train INFO: Validation Results - Epoch: 150
2026-06-11 16:56:25,940 transreid.image_train INFO: mAP: 67.9%
2026-06-11 16:56:25,940 transreid.image_train INFO: CMC curve, Rank-1  :74.2%
2026-06-11 16:56:25,940 transreid.image_train INFO: CMC curve, Rank-5  :79.4%
2026-06-11 16:56:25,940 transreid.image_train INFO: CMC curve, Rank-10 :81.7%
2026-06-11 16:56:25,940 transreid.image_train INFO: Best mAP: 68.0%
2026-06-11 16:56:25,940 transreid.image_train INFO: Best Rank-1: 74.6%
2026-06-11 16:56:25,940 transreid.image_train INFO: Best Rank-5: 79.4%
2026-06-11 16:56:25,940 transreid.image_train INFO: Best Rank-10: 81.7%
